capacity_source,capacity_vwc,capacity_timestamp,event_id,year,strip,treatment,pair,logger_position,depth_index,depth_inches,sensor_col
precipitation,22.62,2024-03-04 12:30:00.000000000,precip_20240303_0930_20240304_1230,2024.0,S1,biochar,S1_S2,B,3,18.0,VWC_3_raw_S1_B
precipitation,18.46,2024-03-04 12:30:00.000000000,precip_20240303_0930_20240304_1230,2024.0,S3,biochar,S3_S4,M,1,6.0,VWC_1_raw_S3_M
precipitation,19.66,2024-03-04 12:30:00.000000000,precip_20240303_0930_20240304_1230,2024.0,S4,control,S3_S4,T,1,6.0,VWC_1_raw_S4_T
precipitation,22.84,2024-03-13 17:30:00.000000000,precip_20240313_0815_20240313_1730,2024.0,S1,biochar,S1_S2,B,3,18.0,VWC_3_raw_S1_B
precipitation,20.05,2024-03-13 17:30:00.000000000,precip_20240313_0815_20240313_1730,2024.0,S3,biochar,S3_S4,B,1,6.0,VWC_1_raw_S3_B
precipitation,18.3,2024-03-13 17:30:00.000000000,precip_20240313_0815_20240313_1730,2024.0,S4,control,S3_S4,T,1,6.0,VWC_1_raw_S4_T
precipitation,21.46,2024-03-17 00:45:00.000000000,precip_20240316_1745_20240317_0045,2024.0,S1,biochar,S1_S2,T,1,6.0,VWC_1_raw_S1_T
precipitation,16.06,2024-03-17 00:45:00.000000000,precip_20240316_1745_20240317_0045,2024.0,S1,biochar,S1_S2,M,1,6.0,VWC_1_raw_S1_M
precipitation,28.55,2024-03-17 00:45:00.000000000,precip_20240316_1745_20240317_0045,2024.0,S1,biochar,S1_S2,B,2,12.0,VWC_2_raw_S1_B
precipitation,24.42,2024-03-17 00:45:00.000000000,precip_20240316_1745_20240317_0045,2024.0,S1,biochar,S1_S2,B,3,18.0,VWC_3_raw_S1_B
precipitation,22.53,2024-03-17 00:45:00.000000000,precip_20240316_1745_20240317_0045,2024.0,S2,control,S1_S2,T,2,12.0,VWC_2_raw_S2_T
precipitation,19.55,2024-03-17 00:45:00.000000000,precip_20240316_1745_20240317_0045,2024.0,S2,control,S1_S2,M,1,6.0,VWC_1_raw_S2_M
precipitation,19.3,2024-03-17 00:45:00.000000000,precip_20240316_1745_20240317_0045,2024.0,S3,biochar,S3_S4,M,1,6.0,VWC_1_raw_S3_M
precipitation,21.13,2024-03-17 00:45:00.000000000,precip_20240316_1745_20240317_0045,2024.0,S3,biochar,S3_S4,B,1,6.0,VWC_1_raw_S3_B
precipitation,19.42,2024-03-17 00:45:00.000000000,precip_20240316_1745_20240317_0045,2024.0,S4,control,S3_S4,T,1,6.0,VWC_1_raw_S4_T
precipitation,13.92,2024-03-17 00:45:00.000000000,precip_20240316_1745_20240317_0045,2024.0,S4,control,S3_S4,M,1,6.0,VWC_1_raw_S4_M
precipitation,18.55,2024-03-26 19:30:00.000000000,precip_20240324_0715_20240326_1930,2024.0,S3,biochar,S3_S4,B,1,6.0,VWC_1_raw_S3_B
precipitation,25.84,2024-04-01 15:45:00.000000000,precip_20240329_1030_20240401_1545,2024.0,S1,biochar,S1_S2,B,1,6.0,VWC_1_raw_S1_B
precipitation,28.51,2024-04-01 15:45:00.000000000,precip_20240329_1030_20240401_1545,2024.0,S1,biochar,S1_S2,B,2,12.0,VWC_2_raw_S1_B
precipitation,25.24,2024-04-01 15:45:00.000000000,precip_20240329_1030_20240401_1545,2024.0,S1,biochar,S1_S2,B,3,18.0,VWC_3_raw_S1_B
precipitation,26.18,2024-04-27 21:00:00.000000000,precip_20240426_1230_20240427_2100,2024.0,S2,control,S1_S2,T,1,6.0,VWC_1_raw_S2_T
precipitation,23.05,2024-04-27 21:00:00.000000000,precip_20240426_1230_20240427_2100,2024.0,S2,control,S1_S2,B,1,6.0,VWC_1_raw_S2_B
precipitation,23.73,2024-04-27 21:00:00.000000000,precip_20240426_1230_20240427_2100,2024.0,S3,biochar,S3_S4,B,1,6.0,VWC_1_raw_S3_B
precipitation,20.78,2024-04-27 21:00:00.000000000,precip_20240426_1230_20240427_2100,2024.0,S4,control,S3_S4,T,1,6.0,VWC_1_raw_S4_T
precipitation,35.88,2024-05-06 04:15:00.000000000,precip_20240505_2300_20240506_0415,2024.0,S1,biochar,S1_S2,B,1,6.0,VWC_1_raw_S1_B
precipitation,34.16,2024-05-21 09:15:00.000000000,precip_20240520_2300_20240521_0915,2024.0,S1,biochar,S1_S2,B,1,6.0,VWC_1_raw_S1_B
precipitation,37.7,2024-05-21 09:15:00.000000000,precip_20240520_2300_20240521_0915,2024.0,S1,biochar,S1_S2,B,2,12.0,VWC_2_raw_S1_B
precipitation,35.74,2024-05-25 19:00:00.000000000,precip_20240525_1730_20240525_1900,2024.0,S1,biochar,S1_S2,B,1,6.0,VWC_1_raw_S1_B
precipitation,38.69,2024-08-13 12:45:00.000000000,precip_20240812_2230_20240813_1245,2024.0,S1,biochar,S1_S2,T,1,6.0,VWC_1_raw_S1_T
precipitation,31.62,2024-08-13 12:45:00.000000000,precip_20240812_2230_20240813_1245,2024.0,S1,biochar,S1_S2,B,1,6.0,VWC_1_raw_S1_B
precipitation,31.01,2024-08-13 12:45:00.000000000,precip_20240812_2230_20240813_1245,2024.0,S1,biochar,S1_S2,B,2,12.0,VWC_2_raw_S1_B
precipitation,27.01,2024-08-13 12:45:00.000000000,precip_20240812_2230_20240813_1245,2024.0,S2,control,S1_S2,T,1,6.0,VWC_1_raw_S2_T
precipitation,30.66,2024-08-13 12:45:00.000000000,precip_20240812_2230_20240813_1245,2024.0,S2,control,S1_S2,M,1,6.0,VWC_1_raw_S2_M
precipitation,27.64,2024-08-13 12:45:00.000000000,precip_20240812_2230_20240813_1245,2024.0,S2,control,S1_S2,B,1,6.0,VWC_1_raw_S2_B
precipitation,27.1,2024-08-13 12:45:00.000000000,precip_20240812_2230_20240813_1245,2024.0,S2,control,S1_S2,B,2,12.0,VWC_2_raw_S2_B
precipitation,31.42,2024-08-13 12:45:00.000000000,precip_20240812_2230_20240813_1245,2024.0,S3,biochar,S3_S4,T,1,6.0,VWC_1_raw_S3_T
precipitation,25.04,2024-08-13 12:45:00.000000000,precip_20240812_2230_20240813_1245,2024.0,S3,biochar,S3_S4,M,1,6.0,VWC_1_raw_S3_M
precipitation,25.74,2024-08-13 12:45:00.000000000,precip_20240812_2230_20240813_1245,2024.0,S3,biochar,S3_S4,B,1,6.0,VWC_1_raw_S3_B
precipitation,26.04,2024-08-13 12:45:00.000000000,precip_20240812_2230_20240813_1245,2024.0,S4,control,S3_S4,T,1,6.0,VWC_1_raw_S4_T
precipitation,25.16,2024-08-13 12:45:00.000000000,precip_20240812_2230_20240813_1245,2024.0,S4,control,S3_S4,M,1,6.0,VWC_1_raw_S4_M
precipitation,30.75,2024-08-13 12:45:00.000000000,precip_20240812_2230_20240813_1245,2024.0,S4,control,S3_S4,B,1,6.0,VWC_1_raw_S4_B
precipitation,35.15,2024-08-13 12:45:00.000000000,precip_20240812_2230_20240813_1245,2024.0,S4,control,S3_S4,B,2,12.0,VWC_2_raw_S4_B
precipitation,23.4,2024-10-30 07:15:00.000000000,precip_20241029_0615_20241030_0715,2024.0,S1,biochar,S1_S2,M,3,18.0,VWC_3_raw_S1_M
precipitation,16.94,2024-10-30 07:15:00.000000000,precip_20241029_0615_20241030_0715,2024.0,S1,biochar,S1_S2,B,1,6.0,VWC_1_raw_S1_B
precipitation,15.21,2024-10-30 07:15:00.000000000,precip_20241029_0615_20241030_0715,2024.0,S1,biochar,S1_S2,B,2,12.0,VWC_2_raw_S1_B
precipitation,15.04,2024-10-30 07:15:00.000000000,precip_20241029_0615_20241030_0715,2024.0,S1,biochar,S1_S2,B,3,18.0,VWC_3_raw_S1_B
precipitation,24.19,2024-10-30 07:15:00.000000000,precip_20241029_0615_20241030_0715,2024.0,S2,control,S1_S2,T,3,18.0,VWC_3_raw_S2_T
precipitation,26.26,2024-10-30 07:15:00.000000000,precip_20241029_0615_20241030_0715,2024.0,S3,biochar,S3_S4,B,1,6.0,VWC_1_raw_S3_B
precipitation,23.83,2024-10-30 07:15:00.000000000,precip_20241029_0615_20241030_0715,2024.0,S4,control,S3_S4,T,1,6.0,VWC_1_raw_S4_T
precipitation,23.4,2024-10-30 07:15:00.000000000,precip_20241029_0615_20241030_0715,2024.0,S4,control,S3_S4,M,1,6.0,VWC_1_raw_S4_M
precipitation,25.41,2024-10-30 07:15:00.000000000,precip_20241029_0615_20241030_0715,2024.0,S4,control,S3_S4,B,1,6.0,VWC_1_raw_S4_B
precipitation,27.28,2024-11-09 03:00:00.000000000,precip_20241103_1330_20241109_0300,2024.0,S1,biochar,S1_S2,M,3,18.0,VWC_3_raw_S1_M
precipitation,17.04,2024-11-09 03:00:00.000000000,precip_20241103_1330_20241109_0300,2024.0,S1,biochar,S1_S2,B,1,6.0,VWC_1_raw_S1_B
precipitation,14.98,2024-11-09 03:00:00.000000000,precip_20241103_1330_20241109_0300,2024.0,S1,biochar,S1_S2,B,2,12.0,VWC_2_raw_S1_B
precipitation,15.05,2024-11-09 03:00:00.000000000,precip_20241103_1330_20241109_0300,2024.0,S1,biochar,S1_S2,B,3,18.0,VWC_3_raw_S1_B
precipitation,24.95,2024-11-09 03:00:00.000000000,precip_20241103_1330_20241109_0300,2024.0,S2,control,S1_S2,T,3,18.0,VWC_3_raw_S2_T
precipitation,9.46,2024-11-09 03:00:00.000000000,precip_20241103_1330_20241109_0300,2024.0,S2,control,S1_S2,M,3,18.0,VWC_3_raw_S2_M
precipitation,35.19,2024-11-09 03:00:00.000000000,precip_20241103_1330_20241109_0300,2024.0,S3,biochar,S3_S4,T,1,6.0,VWC_1_raw_S3_T
precipitation,26.08,2024-11-09 03:00:00.000000000,precip_20241103_1330_20241109_0300,2024.0,S3,biochar,S3_S4,B,1,6.0,VWC_1_raw_S3_B
precipitation,25.51,2024-11-09 03:00:00.000000000,precip_20241103_1330_20241109_0300,2024.0,S3,biochar,S3_S4,B,2,12.0,VWC_2_raw_S3_B
precipitation,23.94,2024-11-09 03:00:00.000000000,precip_20241103_1330_20241109_0300,2024.0,S4,control,S3_S4,T,1,6.0,VWC_1_raw_S4_T
precipitation,23.29,2024-11-09 03:00:00.000000000,precip_20241103_1330_20241109_0300,2024.0,S4,control,S3_S4,M,1,6.0,VWC_1_raw_S4_M
precipitation,25.61,2024-11-09 03:00:00.000000000,precip_20241103_1330_20241109_0300,2024.0,S4,control,S3_S4,B,1,6.0,VWC_1_raw_S4_B
precipitation,28.95,2024-11-09 03:00:00.000000000,precip_20241103_1330_20241109_0300,2024.0,S4,control,S3_S4,B,2,12.0,VWC_2_raw_S4_B
precipitation,29.24,2024-11-27 11:00:00.000000000,precip_20241126_0145_20241127_1100,2024.0,S1,biochar,S1_S2,M,3,18.0,VWC_3_raw_S1_M
precipitation,15.0,2024-11-27 11:00:00.000000000,precip_20241126_0145_20241127_1100,2024.0,S1,biochar,S1_S2,B,3,18.0,VWC_3_raw_S1_B
precipitation,11.96,2024-11-27 11:00:00.000000000,precip_20241126_0145_20241127_1100,2024.0,S2,control,S1_S2,M,3,18.0,VWC_3_raw_S2_M
precipitation,38.19,2024-11-27 11:00:00.000000000,precip_20241126_0145_20241127_1100,2024.0,S3,biochar,S3_S4,T,3,18.0,VWC_3_raw_S3_T
precipitation,30.03,2024-11-27 11:00:00.000000000,precip_20241126_0145_20241127_1100,2024.0,S4,control,S3_S4,T,3,18.0,VWC_3_raw_S4_T
precipitation,33.1,2024-11-27 11:00:00.000000000,precip_20241126_0145_20241127_1100,2024.0,S4,control,S3_S4,B,3,18.0,VWC_3_raw_S4_B
precipitation,20.29,2025-03-03 18:15:00.000000000,precip_20250303_1200_20250303_1815,2025.0,S1,biochar,S1_S2,B,3,18.0,VWC_3_raw_S1_B
precipitation,23.29,2025-03-03 18:15:00.000000000,precip_20250303_1200_20250303_1815,2025.0,S3,biochar,S3_S4,M,1,6.0,VWC_1_raw_S3_M
precipitation,25.87,2025-03-03 18:15:00.000000000,precip_20250303_1200_20250303_1815,2025.0,S3,biochar,S3_S4,B,1,6.0,VWC_1_raw_S3_B
precipitation,24.73,2025-03-03 18:15:00.000000000,precip_20250303_1200_20250303_1815,2025.0,S3,biochar,S3_S4,B,2,12.0,VWC_2_raw_S3_B
precipitation,26.04,2025-03-03 18:15:00.000000000,precip_20250303_1200_20250303_1815,2025.0,S4,control,S3_S4,T,1,6.0,VWC_1_raw_S4_T
precipitation,28.68,2025-03-03 18:15:00.000000000,precip_20250303_1200_20250303_1815,2025.0,S4,control,S3_S4,T,2,12.0,VWC_2_raw_S4_T
precipitation,22.12,2025-03-03 18:15:00.000000000,precip_20250303_1200_20250303_1815,2025.0,S4,control,S3_S4,M,2,12.0,VWC_2_raw_S4_M
precipitation,25.3,2025-03-06 18:30:00.000000000,precip_20250306_1645_20250306_1830,2025.0,S1,biochar,S1_S2,T,1,6.0,VWC_1_raw_S1_T
precipitation,24.98,2025-03-06 18:30:00.000000000,precip_20250306_1645_20250306_1830,2025.0,S1,biochar,S1_S2,B,2,12.0,VWC_2_raw_S1_B
precipitation,19.98,2025-03-06 18:30:00.000000000,precip_20250306_1645_20250306_1830,2025.0,S1,biochar,S1_S2,B,3,18.0,VWC_3_raw_S1_B
precipitation,25.87,2025-03-06 18:30:00.000000000,precip_20250306_1645_20250306_1830,2025.0,S3,biochar,S3_S4,B,1,6.0,VWC_1_raw_S3_B
precipitation,25.88,2025-03-06 18:30:00.000000000,precip_20250306_1645_20250306_1830,2025.0,S4,control,S3_S4,T,1,6.0,VWC_1_raw_S4_T
precipitation,20.42,2025-03-18 14:15:00.000000000,precip_20250318_0845_20250318_1415,2025.0,S1,biochar,S1_S2,B,3,18.0,VWC_3_raw_S1_B
precipitation,22.46,2025-03-18 14:15:00.000000000,precip_20250318_0845_20250318_1415,2025.0,S3,biochar,S3_S4,M,1,6.0,VWC_1_raw_S3_M
precipitation,24.69,2025-03-18 14:15:00.000000000,precip_20250318_0845_20250318_1415,2025.0,S3,biochar,S3_S4,B,1,6.0,VWC_1_raw_S3_B
precipitation,24.23,2025-03-18 14:15:00.000000000,precip_20250318_0845_20250318_1415,2025.0,S4,control,S3_S4,T,1,6.0,VWC_1_raw_S4_T
precipitation,30.08,2025-05-06 20:30:00.000000000,precip_20250505_0030_20250506_2030,2025.0,S4,control,S3_S4,M,3,18.0,VWC_3_raw_S4_M
precipitation,32.21,2025-05-06 20:30:00.000000000,precip_20250505_0030_20250506_2030,2025.0,S4,control,S3_S4,B,1,6.0,VWC_1_raw_S4_B
precipitation,35.18,2025-05-06 20:30:00.000000000,precip_20250505_0030_20250506_2030,2025.0,S4,control,S3_S4,B,2,12.0,VWC_2_raw_S4_B
precipitation,39.16,2025-05-06 20:30:00.000000000,precip_20250505_0030_20250506_2030,2025.0,S4,control,S3_S4,B,3,18.0,VWC_3_raw_S4_B
precipitation,30.9,2025-05-19 00:15:00.000000000,precip_20250518_2045_20250519_0015,2025.0,S1,biochar,S1_S2,B,1,6.0,VWC_1_raw_S1_B
precipitation,30.78,2025-05-19 00:15:00.000000000,precip_20250518_2045_20250519_0015,2025.0,S1,biochar,S1_S2,B,2,12.0,VWC_2_raw_S1_B
precipitation,25.1,2025-05-19 00:15:00.000000000,precip_20250518_2045_20250519_0015,2025.0,S2,control,S1_S2,T,1,6.0,VWC_1_raw_S2_T
precipitation,34.76,2025-05-19 00:15:00.000000000,precip_20250518_2045_20250519_0015,2025.0,S2,control,S1_S2,T,2,12.0,VWC_2_raw_S2_T
precipitation,30.83,2025-05-19 00:15:00.000000000,precip_20250518_2045_20250519_0015,2025.0,S2,control,S1_S2,M,1,6.0,VWC_1_raw_S2_M
precipitation,31.58,2025-05-19 00:15:00.000000000,precip_20250518_2045_20250519_0015,2025.0,S2,control,S1_S2,M,2,12.0,VWC_2_raw_S2_M
precipitation,27.58,2025-05-19 00:15:00.000000000,precip_20250518_2045_20250519_0015,2025.0,S2,control,S1_S2,B,1,6.0,VWC_1_raw_S2_B
precipitation,27.4,2025-05-19 00:15:00.000000000,precip_20250518_2045_20250519_0015,2025.0,S2,control,S1_S2,B,2,12.0,VWC_2_raw_S2_B
precipitation,23.7,2025-06-06 17:30:00.000000000,precip_20250602_2015_20250606_1730,2025.0,S2,control,S1_S2,B,1,6.0,VWC_1_raw_S2_B
precipitation,28.05,2025-06-06 17:30:00.000000000,precip_20250602_2015_20250606_1730,2025.0,S3,biochar,S3_S4,B,1,6.0,VWC_1_raw_S3_B
precipitation,36.59,2025-06-06 17:30:00.000000000,precip_20250602_2015_20250606_1730,2025.0,S4,control,S3_S4,B,1,6.0,VWC_1_raw_S4_B
precipitation,35.24,2025-06-06 17:30:00.000000000,precip_20250602_2015_20250606_1730,2025.0,S4,control,S3_S4,B,2,12.0,VWC_2_raw_S4_B
precipitation,30.4,2025-07-03 19:15:00.000000000,precip_20250703_1730_20250703_1915,2025.0,S1,biochar,S1_S2,B,1,6.0,VWC_1_raw_S1_B
precipitation,31.23,2025-07-03 19:15:00.000000000,precip_20250703_1730_20250703_1915,2025.0,S1,biochar,S1_S2,B,2,12.0,VWC_2_raw_S1_B
precipitation,29.25,2025-07-03 19:15:00.000000000,precip_20250703_1730_20250703_1915,2025.0,S1,biochar,S1_S2,B,3,18.0,VWC_3_raw_S1_B
precipitation,20.87,2025-07-03 19:15:00.000000000,precip_20250703_1730_20250703_1915,2025.0,S2,control,S1_S2,T,1,6.0,VWC_1_raw_S2_T
precipitation,31.0,2025-07-03 19:15:00.000000000,precip_20250703_1730_20250703_1915,2025.0,S2,control,S1_S2,M,1,6.0,VWC_1_raw_S2_M
precipitation,26.58,2025-07-03 19:15:00.000000000,precip_20250703_1730_20250703_1915,2025.0,S2,control,S1_S2,B,1,6.0,VWC_1_raw_S2_B
precipitation,27.06,2025-07-03 19:15:00.000000000,precip_20250703_1730_20250703_1915,2025.0,S2,control,S1_S2,B,2,12.0,VWC_2_raw_S2_B
precipitation,34.97,2025-07-03 19:15:00.000000000,precip_20250703_1730_20250703_1915,2025.0,S2,control,S1_S2,B,3,18.0,VWC_3_raw_S2_B
precipitation,31.65,2025-07-03 19:15:00.000000000,precip_20250703_1730_20250703_1915,2025.0,S3,biochar,S3_S4,M,2,12.0,VWC_2_raw_S3_M
precipitation,38.37,2025-07-03 19:15:00.000000000,precip_20250703_1730_20250703_1915,2025.0,S3,biochar,S3_S4,M,3,18.0,VWC_3_raw_S3_M
precipitation,30.54,2025-07-03 19:15:00.000000000,precip_20250703_1730_20250703_1915,2025.0,S3,biochar,S3_S4,B,1,6.0,VWC_1_raw_S3_B
precipitation,31.32,2025-07-03 19:15:00.000000000,precip_20250703_1730_20250703_1915,2025.0,S3,biochar,S3_S4,B,2,12.0,VWC_2_raw_S3_B
precipitation,29.63,2025-07-03 19:15:00.000000000,precip_20250703_1730_20250703_1915,2025.0,S3,biochar,S3_S4,B,3,18.0,VWC_3_raw_S3_B
precipitation,34.52,2025-07-03 19:15:00.000000000,precip_20250703_1730_20250703_1915,2025.0,S4,control,S3_S4,T,3,18.0,VWC_3_raw_S4_T
precipitation,30.8,2025-07-03 19:15:00.000000000,precip_20250703_1730_20250703_1915,2025.0,S4,control,S3_S4,M,1,6.0,VWC_1_raw_S4_M
precipitation,29.42,2025-07-03 19:15:00.000000000,precip_20250703_1730_20250703_1915,2025.0,S4,control,S3_S4,M,2,12.0,VWC_2_raw_S4_M
precipitation,33.67,2025-07-03 19:15:00.000000000,precip_20250703_1730_20250703_1915,2025.0,S4,control,S3_S4,M,3,18.0,VWC_3_raw_S4_M
precipitation,39.36,2025-07-03 19:15:00.000000000,precip_20250703_1730_20250703_1915,2025.0,S4,control,S3_S4,B,1,6.0,VWC_1_raw_S4_B
precipitation,36.42,2025-07-03 19:15:00.000000000,precip_20250703_1730_20250703_1915,2025.0,S4,control,S3_S4,B,2,12.0,VWC_2_raw_S4_B
precipitation,33.35,2025-08-02 03:45:00.000000000,precip_20250731_1430_20250802_0345,2025.0,S2,control,S1_S2,B,3,18.0,VWC_3_raw_S2_B
precipitation,34.93,2025-08-02 03:45:00.000000000,precip_20250731_1430_20250802_0345,2025.0,S4,control,S3_S4,B,1,6.0,VWC_1_raw_S4_B
precipitation,15.21,2025-08-26 12:30:00.000000000,precip_20250825_0630_20250826_1230,2025.0,S1,biochar,S1_S2,B,3,18.0,VWC_3_raw_S1_B
precipitation,28.68,2025-08-26 12:30:00.000000000,precip_20250825_0630_20250826_1230,2025.0,S3,biochar,S3_S4,T,2,12.0,VWC_2_raw_S3_T
precipitation,44.78,2025-08-26 12:30:00.000000000,precip_20250825_0630_20250826_1230,2025.0,S3,biochar,S3_S4,T,3,18.0,VWC_3_raw_S3_T
precipitation,27.74,2025-08-26 12:30:00.000000000,precip_20250825_0630_20250826_1230,2025.0,S4,control,S3_S4,B,1,6.0,VWC_1_raw_S4_B
precipitation,45.06,2025-09-09 18:15:00.000000000,precip_20250908_0315_20250909_1815,2025.0,S3,biochar,S3_S4,T,3,18.0,VWC_3_raw_S3_T
precipitation,29.68,2025-09-13 15:00:00.000000000,precip_20250912_1500_20250913_1500,2025.0,S1,biochar,S1_S2,T,1,6.0,VWC_1_raw_S1_T
precipitation,35.39,2025-09-13 15:00:00.000000000,precip_20250912_1500_20250913_1500,2025.0,S1,biochar,S1_S2,M,3,18.0,VWC_3_raw_S1_M
precipitation,13.52,2025-09-13 15:00:00.000000000,precip_20250912_1500_20250913_1500,2025.0,S1,biochar,S1_S2,B,3,18.0,VWC_3_raw_S1_B
precipitation,10.74,2025-09-13 15:00:00.000000000,precip_20250912_1500_20250913_1500,2025.0,S2,control,S1_S2,T,1,6.0,VWC_1_raw_S2_T
precipitation,12.65,2025-09-13 15:00:00.000000000,precip_20250912_1500_20250913_1500,2025.0,S2,control,S1_S2,B,2,12.0,VWC_2_raw_S2_B
precipitation,22.3,2025-09-13 15:00:00.000000000,precip_20250912_1500_20250913_1500,2025.0,S3,biochar,S3_S4,M,1,6.0,VWC_1_raw_S3_M
precipitation,23.24,2025-09-13 15:00:00.000000000,precip_20250912_1500_20250913_1500,2025.0,S3,biochar,S3_S4,M,2,12.0,VWC_2_raw_S3_M
precipitation,32.94,2025-09-13 15:00:00.000000000,precip_20250912_1500_20250913_1500,2025.0,S3,biochar,S3_S4,M,3,18.0,VWC_3_raw_S3_M
precipitation,19.29,2025-09-13 15:00:00.000000000,precip_20250912_1500_20250913_1500,2025.0,S3,biochar,S3_S4,B,1,6.0,VWC_1_raw_S3_B
precipitation,25.04,2025-09-13 15:00:00.000000000,precip_20250912_1500_20250913_1500,2025.0,S3,biochar,S3_S4,B,3,18.0,VWC_3_raw_S3_B
precipitation,25.48,2025-09-13 15:00:00.000000000,precip_20250912_1500_20250913_1500,2025.0,S4,control,S3_S4,T,1,6.0,VWC_1_raw_S4_T
precipitation,28.11,2025-09-13 15:00:00.000000000,precip_20250912_1500_20250913_1500,2025.0,S4,control,S3_S4,T,2,12.0,VWC_2_raw_S4_T
precipitation,31.03,2025-09-13 15:00:00.000000000,precip_20250912_1500_20250913_1500,2025.0,S4,control,S3_S4,T,3,18.0,VWC_3_raw_S4_T
precipitation,15.83,2025-09-13 15:00:00.000000000,precip_20250912_1500_20250913_1500,2025.0,S4,control,S3_S4,M,1,6.0,VWC_1_raw_S4_M
precipitation,37.67,2025-09-13 15:00:00.000000000,precip_20250912_1500_20250913_1500,2025.0,S4,control,S3_S4,M,3,18.0,VWC_3_raw_S4_M
precipitation,41.71,2025-09-13 15:00:00.000000000,precip_20250912_1500_20250913_1500,2025.0,S4,control,S3_S4,B,1,6.0,VWC_1_raw_S4_B
precipitation,41.3,2025-09-13 15:00:00.000000000,precip_20250912_1500_20250913_1500,2025.0,S4,control,S3_S4,B,2,12.0,VWC_2_raw_S4_B
precipitation,41.09,2025-09-13 15:00:00.000000000,precip_20250912_1500_20250913_1500,2025.0,S4,control,S3_S4,B,3,18.0,VWC_3_raw_S4_B
precipitation,46.94,2025-09-28 20:45:00.000000000,precip_20250928_0515_20250928_2045,2025.0,S3,biochar,S3_S4,T,3,18.0,VWC_3_raw_S3_T
precipitation,35.82,2025-09-28 20:45:00.000000000,precip_20250928_0515_20250928_2045,2025.0,S4,control,S3_S4,B,1,6.0,VWC_1_raw_S4_B
precipitation,38.12,2025-10-14 10:30:00.000000000,precip_20251010_0245_20251014_1030,2025.0,S1,biochar,S1_S2,T,1,6.0,VWC_1_raw_S1_T
precipitation,34.28,2025-10-14 10:30:00.000000000,precip_20251010_0245_20251014_1030,2025.0,S1,biochar,S1_S2,T,2,12.0,VWC_2_raw_S1_T
precipitation,36.57,2025-10-14 10:30:00.000000000,precip_20251010_0245_20251014_1030,2025.0,S1,biochar,S1_S2,T,3,18.0,VWC_3_raw_S1_T
precipitation,33.35,2025-10-14 10:30:00.000000000,precip_20251010_0245_20251014_1030,2025.0,S1,biochar,S1_S2,M,1,6.0,VWC_1_raw_S1_M
precipitation,31.97,2025-10-14 10:30:00.000000000,precip_20251010_0245_20251014_1030,2025.0,S1,biochar,S1_S2,M,2,12.0,VWC_2_raw_S1_M
precipitation,38.85,2025-10-14 10:30:00.000000000,precip_20251010_0245_20251014_1030,2025.0,S1,biochar,S1_S2,M,3,18.0,VWC_3_raw_S1_M
precipitation,29.88,2025-10-14 10:30:00.000000000,precip_20251010_0245_20251014_1030,2025.0,S1,biochar,S1_S2,B,1,6.0,VWC_1_raw_S1_B
precipitation,32.3,2025-10-14 10:30:00.000000000,precip_20251010_0245_20251014_1030,2025.0,S1,biochar,S1_S2,B,2,12.0,VWC_2_raw_S1_B
precipitation,23.22,2025-10-14 10:30:00.000000000,precip_20251010_0245_20251014_1030,2025.0,S1,biochar,S1_S2,B,3,18.0,VWC_3_raw_S1_B
precipitation,26.83,2025-10-14 10:30:00.000000000,precip_20251010_0245_20251014_1030,2025.0,S2,control,S1_S2,T,1,6.0,VWC_1_raw_S2_T
precipitation,32.78,2025-10-14 10:30:00.000000000,precip_20251010_0245_20251014_1030,2025.0,S2,control,S1_S2,T,2,12.0,VWC_2_raw_S2_T
precipitation,37.97,2025-10-14 10:30:00.000000000,precip_20251010_0245_20251014_1030,2025.0,S2,control,S1_S2,T,3,18.0,VWC_3_raw_S2_T
precipitation,32.46,2025-10-14 10:30:00.000000000,precip_20251010_0245_20251014_1030,2025.0,S2,control,S1_S2,M,1,6.0,VWC_1_raw_S2_M
precipitation,33.35,2025-10-14 10:30:00.000000000,precip_20251010_0245_20251014_1030,2025.0,S2,control,S1_S2,M,2,12.0,VWC_2_raw_S2_M
precipitation,38.06,2025-10-14 10:30:00.000000000,precip_20251010_0245_20251014_1030,2025.0,S2,control,S1_S2,M,3,18.0,VWC_3_raw_S2_M
precipitation,29.6,2025-10-14 10:30:00.000000000,precip_20251010_0245_20251014_1030,2025.0,S2,control,S1_S2,B,1,6.0,VWC_1_raw_S2_B
precipitation,28.32,2025-10-14 10:30:00.000000000,precip_20251010_0245_20251014_1030,2025.0,S2,control,S1_S2,B,2,12.0,VWC_2_raw_S2_B
precipitation,37.94,2025-10-14 10:30:00.000000000,precip_20251010_0245_20251014_1030,2025.0,S2,control,S1_S2,B,3,18.0,VWC_3_raw_S2_B
precipitation,36.6,2025-10-14 10:30:00.000000000,precip_20251010_0245_20251014_1030,2025.0,S3,biochar,S3_S4,T,1,6.0,VWC_1_raw_S3_T
precipitation,32.06,2025-10-14 10:30:00.000000000,precip_20251010_0245_20251014_1030,2025.0,S3,biochar,S3_S4,T,2,12.0,VWC_2_raw_S3_T
precipitation,49.51,2025-10-14 10:30:00.000000000,precip_20251010_0245_20251014_1030,2025.0,S3,biochar,S3_S4,T,3,18.0,VWC_3_raw_S3_T
precipitation,32.5,2025-10-14 10:30:00.000000000,precip_20251010_0245_20251014_1030,2025.0,S3,biochar,S3_S4,M,1,6.0,VWC_1_raw_S3_M
precipitation,30.96,2025-10-14 10:30:00.000000000,precip_20251010_0245_20251014_1030,2025.0,S3,biochar,S3_S4,M,2,12.0,VWC_2_raw_S3_M
precipitation,36.72,2025-10-14 10:30:00.000000000,precip_20251010_0245_20251014_1030,2025.0,S3,biochar,S3_S4,M,3,18.0,VWC_3_raw_S3_M
precipitation,30.01,2025-10-14 10:30:00.000000000,precip_20251010_0245_20251014_1030,2025.0,S3,biochar,S3_S4,B,1,6.0,VWC_1_raw_S3_B
precipitation,29.56,2025-10-14 10:30:00.000000000,precip_20251010_0245_20251014_1030,2025.0,S3,biochar,S3_S4,B,2,12.0,VWC_2_raw_S3_B
precipitation,25.01,2025-10-14 10:30:00.000000000,precip_20251010_0245_20251014_1030,2025.0,S3,biochar,S3_S4,B,3,18.0,VWC_3_raw_S3_B
precipitation,31.51,2025-10-14 10:30:00.000000000,precip_20251010_0245_20251014_1030,2025.0,S4,control,S3_S4,T,1,6.0,VWC_1_raw_S4_T
precipitation,33.83,2025-10-14 10:30:00.000000000,precip_20251010_0245_20251014_1030,2025.0,S4,control,S3_S4,T,2,12.0,VWC_2_raw_S4_T
precipitation,34.2,2025-10-14 10:30:00.000000000,precip_20251010_0245_20251014_1030,2025.0,S4,control,S3_S4,T,3,18.0,VWC_3_raw_S4_T
precipitation,30.62,2025-10-14 10:30:00.000000000,precip_20251010_0245_20251014_1030,2025.0,S4,control,S3_S4,M,1,6.0,VWC_1_raw_S4_M
precipitation,27.42,2025-10-14 10:30:00.000000000,precip_20251010_0245_20251014_1030,2025.0,S4,control,S3_S4,M,2,12.0,VWC_2_raw_S4_M
precipitation,31.95,2025-10-14 10:30:00.000000000,precip_20251010_0245_20251014_1030,2025.0,S4,control,S3_S4,M,3,18.0,VWC_3_raw_S4_M
precipitation,41.11,2025-10-14 10:30:00.000000000,precip_20251010_0245_20251014_1030,2025.0,S4,control,S3_S4,B,2,12.0,VWC_2_raw_S4_B
precipitation,43.11,2025-10-14 10:30:00.000000000,precip_20251010_0245_20251014_1030,2025.0,S4,control,S3_S4,B,3,18.0,VWC_3_raw_S4_B
precipitation,28.25,2025-10-23 17:15:00.000000000,precip_20251023_0400_20251023_1715,2025.0,S1,biochar,S1_S2,B,1,6.0,VWC_1_raw_S1_B
precipitation,28.46,2025-10-23 17:15:00.000000000,precip_20251023_0400_20251023_1715,2025.0,S1,biochar,S1_S2,B,2,12.0,VWC_2_raw_S1_B
precipitation,26.2,2025-10-23 17:15:00.000000000,precip_20251023_0400_20251023_1715,2025.0,S2,control,S1_S2,B,1,6.0,VWC_1_raw_S2_B
precipitation,24.25,2025-10-23 17:15:00.000000000,precip_20251023_0400_20251023_1715,2025.0,S2,control,S1_S2,B,2,12.0,VWC_2_raw_S2_B
precipitation,28.05,2025-10-23 17:15:00.000000000,precip_20251023_0400_20251023_1715,2025.0,S3,biochar,S3_S4,M,1,6.0,VWC_1_raw_S3_M
precipitation,27.62,2025-10-23 17:15:00.000000000,precip_20251023_0400_20251023_1715,2025.0,S3,biochar,S3_S4,B,1,6.0,VWC_1_raw_S3_B
precipitation,26.76,2025-10-23 17:15:00.000000000,precip_20251023_0400_20251023_1715,2025.0,S3,biochar,S3_S4,B,2,12.0,VWC_2_raw_S3_B
precipitation,39.67,2025-10-23 17:15:00.000000000,precip_20251023_0400_20251023_1715,2025.0,S4,control,S3_S4,B,1,6.0,VWC_1_raw_S4_B
precipitation,38.98,2025-10-23 17:15:00.000000000,precip_20251023_0400_20251023_1715,2025.0,S4,control,S3_S4,B,2,12.0,VWC_2_raw_S4_B
precipitation,20.72,2025-11-17 09:30:00.000000000,precip_20251116_1615_20251117_0930,2025.0,S2,control,S1_S2,B,1,6.0,VWC_1_raw_S2_B
precipitation,24.07,2025-11-17 09:30:00.000000000,precip_20251116_1615_20251117_0930,2025.0,S3,biochar,S3_S4,B,1,6.0,VWC_1_raw_S3_B
precipitation,33.47,2025-11-17 09:30:00.000000000,precip_20251116_1615_20251117_0930,2025.0,S4,control,S3_S4,B,1,6.0,VWC_1_raw_S4_B
precipitation,24.9,2025-11-20 03:15:00.000000000,precip_20251120_0030_20251120_0315,2025.0,S1,biochar,S1_S2,B,1,6.0,VWC_1_raw_S1_B
precipitation,24.26,2025-11-20 03:15:00.000000000,precip_20251120_0030_20251120_0315,2025.0,S2,control,S1_S2,M,1,6.0,VWC_1_raw_S2_M
precipitation,21.07,2025-11-20 03:15:00.000000000,precip_20251120_0030_20251120_0315,2025.0,S2,control,S1_S2,B,1,6.0,VWC_1_raw_S2_B
precipitation,24.56,2025-11-20 03:15:00.000000000,precip_20251120_0030_20251120_0315,2025.0,S3,biochar,S3_S4,B,1,6.0,VWC_1_raw_S3_B
precipitation,20.25,2025-11-20 03:15:00.000000000,precip_20251120_0030_20251120_0315,2025.0,S4,control,S3_S4,T,1,6.0,VWC_1_raw_S4_T
precipitation,33.33,2025-11-20 03:15:00.000000000,precip_20251120_0030_20251120_0315,2025.0,S4,control,S3_S4,B,1,6.0,VWC_1_raw_S4_B
precipitation,25.12,2025-12-25 10:45:00.000000000,precip_20251225_0330_20251225_1045,2025.0,S1,biochar,S1_S2,T,2,12.0,VWC_2_raw_S1_T
precipitation,25.68,2025-12-25 10:45:00.000000000,precip_20251225_0330_20251225_1045,2025.0,S1,biochar,S1_S2,M,2,12.0,VWC_2_raw_S1_M
precipitation,23.21,2025-12-25 10:45:00.000000000,precip_20251225_0330_20251225_1045,2025.0,S1,biochar,S1_S2,B,2,12.0,VWC_2_raw_S1_B
precipitation,27.75,2025-12-25 10:45:00.000000000,precip_20251225_0330_20251225_1045,2025.0,S3,biochar,S3_S4,T,2,12.0,VWC_2_raw_S3_T
precipitation,42.46,2025-12-25 10:45:00.000000000,precip_20251225_0330_20251225_1045,2025.0,S3,biochar,S3_S4,T,3,18.0,VWC_3_raw_S3_T
precipitation,32.03,2025-12-25 10:45:00.000000000,precip_20251225_0330_20251225_1045,2025.0,S4,control,S3_S4,B,2,12.0,VWC_2_raw_S4_B
precipitation,22.49,2026-02-12 23:00:00.000000000,precip_20260212_0500_20260212_2300,2026.0,S1,biochar,S1_S2,B,2,12.0,VWC_2_raw_S1_B
precipitation,25.26,2026-02-12 23:00:00.000000000,precip_20260212_0500_20260212_2300,2026.0,S2,control,S1_S2,T,2,12.0,VWC_2_raw_S2_T
precipitation,27.42,2026-02-12 23:00:00.000000000,precip_20260212_0500_20260212_2300,2026.0,S3,biochar,S3_S4,T,2,12.0,VWC_2_raw_S3_T
precipitation,41.31,2026-02-12 23:00:00.000000000,precip_20260212_0500_20260212_2300,2026.0,S3,biochar,S3_S4,T,3,18.0,VWC_3_raw_S3_T
precipitation,31.48,2026-02-12 23:00:00.000000000,precip_20260212_0500_20260212_2300,2026.0,S4,control,S3_S4,B,2,12.0,VWC_2_raw_S4_B
precipitation,10.64,2026-04-02 21:00:00.000000000,precip_20260401_0500_20260402_2100,2026.0,S2,control,S1_S2,B,1,6.0,VWC_1_raw_S2_B
precipitation,13.64,2026-04-02 21:00:00.000000000,precip_20260401_0500_20260402_2100,2026.0,S2,control,S1_S2,B,2,12.0,VWC_2_raw_S2_B
precipitation,16.91,2026-04-02 21:00:00.000000000,precip_20260401_0500_20260402_2100,2026.0,S3,biochar,S3_S4,M,1,6.0,VWC_1_raw_S3_M
precipitation,22.3,2026-04-02 21:00:00.000000000,precip_20260401_0500_20260402_2100,2026.0,S4,control,S3_S4,B,1,6.0,VWC_1_raw_S4_B
precipitation,22.18,2026-04-17 10:15:00.000000000,precip_20260414_0015_20260417_1015,2026.0,S1,biochar,S1_S2,T,2,12.0,VWC_2_raw_S1_T
precipitation,9.37,2026-04-17 10:15:00.000000000,precip_20260414_0015_20260417_1015,2026.0,S2,control,S1_S2,B,1,6.0,VWC_1_raw_S2_B
precipitation,9.66,2026-04-17 10:15:00.000000000,precip_20260414_0015_20260417_1015,2026.0,S2,control,S1_S2,B,2,12.0,VWC_2_raw_S2_B
precipitation,18.03,2026-04-17 10:15:00.000000000,precip_20260414_0015_20260417_1015,2026.0,S3,biochar,S3_S4,T,1,6.0,VWC_1_raw_S3_T
precipitation,25.01,2026-04-17 10:15:00.000000000,precip_20260414_0015_20260417_1015,2026.0,S3,biochar,S3_S4,T,2,12.0,VWC_2_raw_S3_T
precipitation,42.53,2026-04-17 10:15:00.000000000,precip_20260414_0015_20260417_1015,2026.0,S3,biochar,S3_S4,T,3,18.0,VWC_3_raw_S3_T
precipitation,20.01,2026-04-17 10:15:00.000000000,precip_20260414_0015_20260417_1015,2026.0,S4,control,S3_S4,B,1,6.0,VWC_1_raw_S4_B
precipitation,33.85,2026-04-28 01:45:00.000000000,precip_20260426_1000_20260428_0145,2026.0,S4,control,S3_S4,B,2,12.0,VWC_2_raw_S4_B
precipitation,31.62,2026-07-29 16:15:00.000000000,precip_20260729_1615_20260729_1615,2026.0,S1,biochar,S1_S2,B,1,6.0,VWC_1_raw_S1_B
precipitation,8.9,2026-07-29 16:15:00.000000000,precip_20260729_1615_20260729_1615,2026.0,S1,biochar,S1_S2,B,3,18.0,VWC_3_raw_S1_B
precipitation,38.6,2026-07-29 16:15:00.000000000,precip_20260729_1615_20260729_1615,2026.0,S3,biochar,S3_S4,T,2,12.0,VWC_2_raw_S3_T
precipitation,55.49,2026-07-29 16:15:00.000000000,precip_20260729_1615_20260729_1615,2026.0,S3,biochar,S3_S4,T,3,18.0,VWC_3_raw_S3_T
precipitation,33.04,2026-07-29 16:15:00.000000000,precip_20260729_1615_20260729_1615,2026.0,S4,control,S3_S4,B,1,6.0,VWC_1_raw_S4_B
precipitation,32.56,2026-07-29 16:15:00.000000000,precip_20260729_1615_20260729_1615,2026.0,S4,control,S3_S4,B,2,12.0,VWC_2_raw_S4_B
irrigation,35.06,2023-05-24 07:44:48.000000000,2023-05-23_S1_S2_176caf9a,2023.0,S1,biochar,S1_S2,M,2,12.0,VWC_2_raw_S1_M
irrigation,37.89,2023-05-24 15:29:48.000000000,2023-05-23_S1_S2_176caf9a,2023.0,S1,biochar,S1_S2,M,3,18.0,VWC_3_raw_S1_M
irrigation,7.66,2023-05-24 16:29:48.000000000,2023-05-23_S1_S2_176caf9a,2023.0,S1,biochar,S1_S2,B,3,18.0,VWC_3_raw_S1_B
irrigation,39.35,2023-06-02 02:29:56.000000000,2023-06-01_S1_S2_5b27ce31,2023.0,S1,biochar,S1_S2,T,1,6.0,VWC_1_raw_S1_T
irrigation,38.28,2023-06-02 03:44:56.000000000,2023-06-01_S1_S2_5b27ce31,2023.0,S1,biochar,S1_S2,T,2,12.0,VWC_2_raw_S1_T
irrigation,40.28,2023-06-02 02:59:56.000000000,2023-06-01_S1_S2_5b27ce31,2023.0,S1,biochar,S1_S2,T,3,18.0,VWC_3_raw_S1_T
irrigation,39.82,2023-06-02 02:59:56.000000000,2023-06-01_S1_S2_5b27ce31,2023.0,S1,biochar,S1_S2,M,1,6.0,VWC_1_raw_S1_M
irrigation,37.56,2023-06-01 20:44:56.000000000,2023-06-01_S1_S2_5b27ce31,2023.0,S1,biochar,S1_S2,M,2,12.0,VWC_2_raw_S1_M
irrigation,40.12,2023-06-01 22:59:56.000000000,2023-06-01_S1_S2_5b27ce31,2023.0,S1,biochar,S1_S2,M,3,18.0,VWC_3_raw_S1_M
irrigation,39.31,2023-06-27 02:59:48.000000000,2023-06-26_S1_S2_69e5d9b6,2023.0,S1,biochar,S1_S2,T,1,6.0,VWC_1_raw_S1_T
irrigation,37.66,2023-06-26 21:29:48.000000000,2023-06-26_S1_S2_69e5d9b6,2023.0,S1,biochar,S1_S2,T,2,12.0,VWC_2_raw_S1_T
irrigation,44.14,2023-06-26 20:29:48.000000000,2023-06-26_S1_S2_69e5d9b6,2023.0,S1,biochar,S1_S2,T,3,18.0,VWC_3_raw_S1_T
irrigation,38.17,2023-06-27 04:14:48.000000000,2023-06-26_S1_S2_69e5d9b6,2023.0,S1,biochar,S1_S2,M,1,6.0,VWC_1_raw_S1_M
irrigation,35.23,2023-06-26 23:44:48.000000000,2023-06-26_S1_S2_69e5d9b6,2023.0,S1,biochar,S1_S2,M,2,12.0,VWC_2_raw_S1_M
irrigation,39.27,2023-06-26 20:29:48.000000000,2023-06-26_S1_S2_69e5d9b6,2023.0,S1,biochar,S1_S2,M,3,18.0,VWC_3_raw_S1_M
irrigation,18.75,2023-06-26 18:59:48.000000000,2023-06-26_S1_S2_69e5d9b6,2023.0,S1,biochar,S1_S2,B,1,6.0,VWC_1_raw_S1_B
irrigation,21.77,2023-06-27 00:29:48.000000000,2023-06-26_S1_S2_69e5d9b6,2023.0,S1,biochar,S1_S2,B,2,12.0,VWC_2_raw_S1_B
irrigation,44.37,2023-07-17 18:59:48.000000000,2023-07-17_S1_S2_ae0a89b4,2023.0,S1,biochar,S1_S2,T,1,6.0,VWC_1_raw_S1_T
irrigation,41.49,2023-07-17 19:14:48.000000000,2023-07-17_S1_S2_ae0a89b4,2023.0,S1,biochar,S1_S2,T,2,12.0,VWC_2_raw_S1_T
irrigation,45.82,2023-07-17 12:29:48.000000000,2023-07-17_S1_S2_ae0a89b4,2023.0,S1,biochar,S1_S2,T,3,18.0,VWC_3_raw_S1_T
irrigation,37.89,2023-07-18 04:14:48.000000000,2023-07-17_S1_S2_ae0a89b4,2023.0,S1,biochar,S1_S2,M,1,6.0,VWC_1_raw_S1_M
irrigation,35.91,2023-07-17 22:59:48.000000000,2023-07-17_S1_S2_ae0a89b4,2023.0,S1,biochar,S1_S2,M,2,12.0,VWC_2_raw_S1_M
irrigation,40.0,2023-07-17 19:14:48.000000000,2023-07-17_S1_S2_ae0a89b4,2023.0,S1,biochar,S1_S2,M,3,18.0,VWC_3_raw_S1_M
irrigation,46.39,2023-07-18 11:59:48.000000000,2023-07-17_S1_S2_ae0a89b4,2023.0,S1,biochar,S1_S2,B,2,12.0,VWC_2_raw_S1_B
irrigation,34.61,2023-07-18 11:59:48.000000000,2023-07-17_S1_S2_ae0a89b4,2023.0,S1,biochar,S1_S2,B,3,18.0,VWC_3_raw_S1_B
irrigation,42.93,2023-08-05 18:30:00.000000000,2023-08-05_S1_S2_efaa9d14,2023.0,S1,biochar,S1_S2,T,1,6.0,VWC_1_raw_S1_T
irrigation,39.87,2023-08-05 23:00:00.000000000,2023-08-05_S1_S2_efaa9d14,2023.0,S1,biochar,S1_S2,T,2,12.0,VWC_2_raw_S1_T
irrigation,46.62,2023-08-05 16:15:00.000000000,2023-08-05_S1_S2_efaa9d14,2023.0,S1,biochar,S1_S2,T,3,18.0,VWC_3_raw_S1_T
irrigation,36.29,2023-08-06 03:45:00.000000000,2023-08-05_S1_S2_efaa9d14,2023.0,S1,biochar,S1_S2,M,1,6.0,VWC_1_raw_S1_M
irrigation,35.31,2023-08-05 22:00:00.000000000,2023-08-05_S1_S2_efaa9d14,2023.0,S1,biochar,S1_S2,M,2,12.0,VWC_2_raw_S1_M
irrigation,41.44,2023-08-05 15:00:00.000000000,2023-08-05_S1_S2_efaa9d14,2023.0,S1,biochar,S1_S2,M,3,18.0,VWC_3_raw_S1_M
irrigation,50.49,2023-08-06 09:15:00.000000000,2023-08-05_S1_S2_efaa9d14,2023.0,S1,biochar,S1_S2,B,2,12.0,VWC_2_raw_S1_B
irrigation,49.67,2023-08-06 03:45:00.000000000,2023-08-05_S1_S2_efaa9d14,2023.0,S1,biochar,S1_S2,B,3,18.0,VWC_3_raw_S1_B
irrigation,43.48,2023-08-24 19:45:12.000000000,2023-08-24_S1_S2_6cc99259,2023.0,S1,biochar,S1_S2,T,1,6.0,VWC_1_raw_S1_T
irrigation,41.12,2023-08-24 21:00:12.000000000,2023-08-24_S1_S2_6cc99259,2023.0,S1,biochar,S1_S2,T,2,12.0,VWC_2_raw_S1_T
irrigation,43.04,2023-08-24 21:30:12.000000000,2023-08-24_S1_S2_6cc99259,2023.0,S1,biochar,S1_S2,T,3,18.0,VWC_3_raw_S1_T
irrigation,36.49,2023-08-25 04:30:12.000000000,2023-08-24_S1_S2_6cc99259,2023.0,S1,biochar,S1_S2,M,1,6.0,VWC_1_raw_S1_M
irrigation,34.74,2023-08-25 02:45:12.000000000,2023-08-24_S1_S2_6cc99259,2023.0,S1,biochar,S1_S2,M,2,12.0,VWC_2_raw_S1_M
irrigation,39.45,2023-08-25 02:45:12.000000000,2023-08-24_S1_S2_6cc99259,2023.0,S1,biochar,S1_S2,M,3,18.0,VWC_3_raw_S1_M
irrigation,42.17,2023-09-21 18:29:48.000000000,2023-09-21_S1_S2_6dbb0789,2023.0,S1,biochar,S1_S2,T,1,6.0,VWC_1_raw_S1_T
irrigation,39.69,2023-09-21 21:59:48.000000000,2023-09-21_S1_S2_6dbb0789,2023.0,S1,biochar,S1_S2,T,2,12.0,VWC_2_raw_S1_T
irrigation,42.3,2023-09-21 19:14:48.000000000,2023-09-21_S1_S2_6dbb0789,2023.0,S1,biochar,S1_S2,T,3,18.0,VWC_3_raw_S1_T
irrigation,35.76,2023-09-22 04:29:48.000000000,2023-09-21_S1_S2_6dbb0789,2023.0,S1,biochar,S1_S2,M,1,6.0,VWC_1_raw_S1_M
irrigation,33.31,2023-09-22 01:59:48.000000000,2023-09-21_S1_S2_6dbb0789,2023.0,S1,biochar,S1_S2,M,2,12.0,VWC_2_raw_S1_M
irrigation,37.83,2023-09-21 20:14:48.000000000,2023-09-21_S1_S2_6dbb0789,2023.0,S1,biochar,S1_S2,M,3,18.0,VWC_3_raw_S1_M
irrigation,26.46,2023-09-22 01:29:48.000000000,2023-09-21_S1_S2_6dbb0789,2023.0,S1,biochar,S1_S2,B,2,12.0,VWC_2_raw_S1_B
irrigation,33.47,2023-09-22 11:14:48.000000000,2023-09-21_S1_S2_6dbb0789,2023.0,S1,biochar,S1_S2,B,3,18.0,VWC_3_raw_S1_B
irrigation,34.02,2023-05-24 00:59:47.999999999,2023-05-23_S1_S2_176caf9a,2023.0,S2,control,S1_S2,B,3,18.0,VWC_3_raw_S2_B
irrigation,40.7,2023-06-02 02:44:56.000000000,2023-06-01_S1_S2_5b27ce31,2023.0,S2,control,S1_S2,T,1,6.0,VWC_1_raw_S2_T
irrigation,40.17,2023-06-02 04:44:56.000000000,2023-06-01_S1_S2_5b27ce31,2023.0,S2,control,S1_S2,T,2,12.0,VWC_2_raw_S2_T
irrigation,35.02,2023-06-02 02:29:56.000000000,2023-06-01_S1_S2_5b27ce31,2023.0,S2,control,S1_S2,M,1,6.0,VWC_1_raw_S2_M
irrigation,33.69,2023-06-02 02:14:56.000000000,2023-06-01_S1_S2_5b27ce31,2023.0,S2,control,S1_S2,M,2,12.0,VWC_2_raw_S2_M
irrigation,30.72,2023-06-01 21:44:56.000000000,2023-06-01_S1_S2_5b27ce31,2023.0,S2,control,S1_S2,M,3,18.0,VWC_3_raw_S2_M
irrigation,32.85,2023-06-02 02:14:56.000000000,2023-06-01_S1_S2_5b27ce31,2023.0,S2,control,S1_S2,B,1,6.0,VWC_1_raw_S2_B
irrigation,31.46,2023-06-02 00:59:56.000000000,2023-06-01_S1_S2_5b27ce31,2023.0,S2,control,S1_S2,B,2,12.0,VWC_2_raw_S2_B
irrigation,35.14,2023-06-01 23:59:56.000000000,2023-06-01_S1_S2_5b27ce31,2023.0,S2,control,S1_S2,B,3,18.0,VWC_3_raw_S2_B
irrigation,39.21,2023-06-26 22:14:48.000000000,2023-06-26_S1_S2_69e5d9b6,2023.0,S2,control,S1_S2,T,1,6.0,VWC_1_raw_S2_T
irrigation,38.06,2023-06-27 01:44:48.000000000,2023-06-26_S1_S2_69e5d9b6,2023.0,S2,control,S1_S2,T,2,12.0,VWC_2_raw_S2_T
irrigation,39.95,2023-06-26 20:29:48.000000000,2023-06-26_S1_S2_69e5d9b6,2023.0,S2,control,S1_S2,T,3,18.0,VWC_3_raw_S2_T
irrigation,34.87,2023-06-27 06:14:48.000000000,2023-06-26_S1_S2_69e5d9b6,2023.0,S2,control,S1_S2,M,1,6.0,VWC_1_raw_S2_M
irrigation,32.92,2023-06-27 05:14:48.000000000,2023-06-26_S1_S2_69e5d9b6,2023.0,S2,control,S1_S2,M,2,12.0,VWC_2_raw_S2_M
irrigation,32.89,2023-06-26 21:14:48.000000000,2023-06-26_S1_S2_69e5d9b6,2023.0,S2,control,S1_S2,M,3,18.0,VWC_3_raw_S2_M
irrigation,31.18,2023-06-27 07:44:48.000000000,2023-06-26_S1_S2_69e5d9b6,2023.0,S2,control,S1_S2,B,1,6.0,VWC_1_raw_S2_B
irrigation,31.14,2023-06-27 02:44:48.000000000,2023-06-26_S1_S2_69e5d9b6,2023.0,S2,control,S1_S2,B,2,12.0,VWC_2_raw_S2_B
irrigation,34.55,2023-06-26 21:29:48.000000000,2023-06-26_S1_S2_69e5d9b6,2023.0,S2,control,S1_S2,B,3,18.0,VWC_3_raw_S2_B
irrigation,39.62,2023-07-17 20:59:48.000000000,2023-07-17_S1_S2_ae0a89b4,2023.0,S2,control,S1_S2,T,1,6.0,VWC_1_raw_S2_T
irrigation,40.41,2023-07-17 22:14:48.000000000,2023-07-17_S1_S2_ae0a89b4,2023.0,S2,control,S1_S2,T,2,12.0,VWC_2_raw_S2_T
irrigation,40.09,2023-07-17 19:29:48.000000000,2023-07-17_S1_S2_ae0a89b4,2023.0,S2,control,S1_S2,T,3,18.0,VWC_3_raw_S2_T
irrigation,34.72,2023-07-18 06:14:48.000000000,2023-07-17_S1_S2_ae0a89b4,2023.0,S2,control,S1_S2,M,1,6.0,VWC_1_raw_S2_M
irrigation,33.79,2023-07-18 03:44:48.000000000,2023-07-17_S1_S2_ae0a89b4,2023.0,S2,control,S1_S2,M,2,12.0,VWC_2_raw_S2_M
irrigation,31.63,2023-07-17 21:29:48.000000000,2023-07-17_S1_S2_ae0a89b4,2023.0,S2,control,S1_S2,M,3,18.0,VWC_3_raw_S2_M
irrigation,36.38,2023-07-17 20:29:48.000000000,2023-07-17_S1_S2_ae0a89b4,2023.0,S2,control,S1_S2,B,1,6.0,VWC_1_raw_S2_B
irrigation,35.19,2023-07-17 16:44:48.000000000,2023-07-17_S1_S2_ae0a89b4,2023.0,S2,control,S1_S2,B,2,12.0,VWC_2_raw_S2_B
irrigation,34.48,2023-07-17 21:29:48.000000000,2023-07-17_S1_S2_ae0a89b4,2023.0,S2,control,S1_S2,B,3,18.0,VWC_3_raw_S2_B
irrigation,37.16,2023-08-06 00:45:00.000000000,2023-08-05_S1_S2_efaa9d14,2023.0,S2,control,S1_S2,T,1,6.0,VWC_1_raw_S2_T
irrigation,40.13,2023-08-05 22:15:00.000000000,2023-08-05_S1_S2_efaa9d14,2023.0,S2,control,S1_S2,T,2,12.0,VWC_2_raw_S2_T
irrigation,37.47,2023-08-05 21:45:00.000000000,2023-08-05_S1_S2_efaa9d14,2023.0,S2,control,S1_S2,T,3,18.0,VWC_3_raw_S2_T
irrigation,39.81,2023-08-05 16:30:00.000000000,2023-08-05_S1_S2_efaa9d14,2023.0,S2,control,S1_S2,M,1,6.0,VWC_1_raw_S2_M
irrigation,32.87,2023-08-06 03:30:00.000000000,2023-08-05_S1_S2_efaa9d14,2023.0,S2,control,S1_S2,M,2,12.0,VWC_2_raw_S2_M
irrigation,36.27,2023-08-05 12:45:00.000000000,2023-08-05_S1_S2_efaa9d14,2023.0,S2,control,S1_S2,M,3,18.0,VWC_3_raw_S2_M
irrigation,30.38,2023-08-06 05:45:00.000000000,2023-08-05_S1_S2_efaa9d14,2023.0,S2,control,S1_S2,B,1,6.0,VWC_1_raw_S2_B
irrigation,29.81,2023-08-06 02:15:00.000000000,2023-08-05_S1_S2_efaa9d14,2023.0,S2,control,S1_S2,B,2,12.0,VWC_2_raw_S2_B
irrigation,35.01,2023-08-05 20:30:00.000000000,2023-08-05_S1_S2_efaa9d14,2023.0,S2,control,S1_S2,B,3,18.0,VWC_3_raw_S2_B
irrigation,37.89,2023-08-24 22:30:12.000000000,2023-08-24_S1_S2_6cc99259,2023.0,S2,control,S1_S2,T,1,6.0,VWC_1_raw_S2_T
irrigation,40.34,2023-08-24 23:15:12.000000000,2023-08-24_S1_S2_6cc99259,2023.0,S2,control,S1_S2,T,2,12.0,VWC_2_raw_S2_T
irrigation,36.34,2023-08-25 07:45:12.000000000,2023-08-24_S1_S2_6cc99259,2023.0,S2,control,S1_S2,T,3,18.0,VWC_3_raw_S2_T
irrigation,34.62,2023-08-25 06:45:12.000000000,2023-08-24_S1_S2_6cc99259,2023.0,S2,control,S1_S2,M,1,6.0,VWC_1_raw_S2_M
irrigation,32.38,2023-08-25 07:00:12.000000000,2023-08-24_S1_S2_6cc99259,2023.0,S2,control,S1_S2,M,2,12.0,VWC_2_raw_S2_M
irrigation,32.3,2023-08-25 05:00:12.000000000,2023-08-24_S1_S2_6cc99259,2023.0,S2,control,S1_S2,M,3,18.0,VWC_3_raw_S2_M
irrigation,30.19,2023-08-25 07:00:12.000000000,2023-08-24_S1_S2_6cc99259,2023.0,S2,control,S1_S2,B,1,6.0,VWC_1_raw_S2_B
irrigation,29.01,2023-08-25 05:45:12.000000000,2023-08-24_S1_S2_6cc99259,2023.0,S2,control,S1_S2,B,2,12.0,VWC_2_raw_S2_B
irrigation,33.4,2023-08-24 23:45:12.000000000,2023-08-24_S1_S2_6cc99259,2023.0,S2,control,S1_S2,B,3,18.0,VWC_3_raw_S2_B
irrigation,36.88,2023-09-21 20:29:48.000000000,2023-09-21_S1_S2_6dbb0789,2023.0,S2,control,S1_S2,T,1,6.0,VWC_1_raw_S2_T
irrigation,40.87,2023-09-21 20:44:48.000000000,2023-09-21_S1_S2_6dbb0789,2023.0,S2,control,S1_S2,T,2,12.0,VWC_2_raw_S2_T
irrigation,35.47,2023-09-22 07:44:48.000000000,2023-09-21_S1_S2_6dbb0789,2023.0,S2,control,S1_S2,T,3,18.0,VWC_3_raw_S2_T
irrigation,38.27,2023-09-21 18:29:48.000000000,2023-09-21_S1_S2_6dbb0789,2023.0,S2,control,S1_S2,M,1,6.0,VWC_1_raw_S2_M
irrigation,31.93,2023-09-22 04:29:48.000000000,2023-09-21_S1_S2_6dbb0789,2023.0,S2,control,S1_S2,M,2,12.0,VWC_2_raw_S2_M
irrigation,31.43,2023-09-22 03:59:48.000000000,2023-09-21_S1_S2_6dbb0789,2023.0,S2,control,S1_S2,M,3,18.0,VWC_3_raw_S2_M
irrigation,29.56,2023-09-22 07:14:48.000000000,2023-09-21_S1_S2_6dbb0789,2023.0,S2,control,S1_S2,B,1,6.0,VWC_1_raw_S2_B
irrigation,28.87,2023-09-22 05:59:48.000000000,2023-09-21_S1_S2_6dbb0789,2023.0,S2,control,S1_S2,B,2,12.0,VWC_2_raw_S2_B
irrigation,31.41,2023-09-21 21:29:48.000000000,2023-09-21_S1_S2_6dbb0789,2023.0,S2,control,S1_S2,B,3,18.0,VWC_3_raw_S2_B
irrigation,37.4,2023-05-24 18:14:48.000000000,2023-05-24_S3_S4_31cada45,2023.0,S3,biochar,S3_S4,T,2,12.0,VWC_2_raw_S3_T
irrigation,46.87,2023-05-25 10:14:48.000000000,2023-05-24_S3_S4_31cada45,2023.0,S3,biochar,S3_S4,T,3,18.0,VWC_3_raw_S3_T
irrigation,27.92,2023-05-25 00:59:47.999999999,2023-05-24_S3_S4_31cada45,2023.0,S3,biochar,S3_S4,B,1,6.0,VWC_1_raw_S3_B
irrigation,17.07,2023-05-25 09:29:48.000000000,2023-05-24_S3_S4_31cada45,2023.0,S3,biochar,S3_S4,B,2,12.0,VWC_2_raw_S3_B
irrigation,14.8,2023-05-24 18:29:48.000000000,2023-05-24_S3_S4_31cada45,2023.0,S3,biochar,S3_S4,B,3,18.0,VWC_3_raw_S3_B
irrigation,37.13,2023-06-03 10:44:48.000000000,2023-06-02_S3_S4_e824e1bc,2023.0,S3,biochar,S3_S4,T,2,12.0,VWC_2_raw_S3_T
irrigation,45.28,2023-06-03 00:59:48.000000000,2023-06-02_S3_S4_e824e1bc,2023.0,S3,biochar,S3_S4,T,3,18.0,VWC_3_raw_S3_T
irrigation,27.5,2023-06-03 09:44:48.000000000,2023-06-02_S3_S4_e824e1bc,2023.0,S3,biochar,S3_S4,M,1,6.0,VWC_1_raw_S3_M
irrigation,18.19,2023-06-03 09:14:48.000000000,2023-06-02_S3_S4_e824e1bc,2023.0,S3,biochar,S3_S4,M,2,12.0,VWC_2_raw_S3_M
irrigation,19.85,2023-06-03 09:59:48.000000000,2023-06-02_S3_S4_e824e1bc,2023.0,S3,biochar,S3_S4,M,3,18.0,VWC_3_raw_S3_M
irrigation,33.46,2023-06-03 02:59:48.000000000,2023-06-02_S3_S4_e824e1bc,2023.0,S3,biochar,S3_S4,B,1,6.0,VWC_1_raw_S3_B
irrigation,30.22,2023-06-03 01:14:48.000000000,2023-06-02_S3_S4_e824e1bc,2023.0,S3,biochar,S3_S4,B,2,12.0,VWC_2_raw_S3_B
irrigation,19.02,2023-06-03 10:29:48.000000000,2023-06-02_S3_S4_e824e1bc,2023.0,S3,biochar,S3_S4,B,3,18.0,VWC_3_raw_S3_B
irrigation,40.8,2023-06-14 19:59:47.999999999,2023-06-14_S3_S4_71ac748b,2023.0,S3,biochar,S3_S4,T,1,6.0,VWC_1_raw_S3_T
irrigation,36.49,2023-06-14 23:14:48.000000000,2023-06-14_S3_S4_71ac748b,2023.0,S3,biochar,S3_S4,T,2,12.0,VWC_2_raw_S3_T
irrigation,45.76,2023-06-14 18:59:47.999999999,2023-06-14_S3_S4_71ac748b,2023.0,S3,biochar,S3_S4,T,3,18.0,VWC_3_raw_S3_T
irrigation,37.06,2023-06-14 17:14:48.000000000,2023-06-14_S3_S4_71ac748b,2023.0,S3,biochar,S3_S4,B,1,6.0,VWC_1_raw_S3_B
irrigation,33.13,2023-06-14 23:44:48.000000000,2023-06-14_S3_S4_71ac748b,2023.0,S3,biochar,S3_S4,B,2,12.0,VWC_2_raw_S3_B
irrigation,24.34,2023-06-14 21:59:47.999999999,2023-06-14_S3_S4_71ac748b,2023.0,S3,biochar,S3_S4,B,3,18.0,VWC_3_raw_S3_B
irrigation,40.69,2023-06-27 19:30:12.000000000,2023-06-27_S3_S4_87f629e2,2023.0,S3,biochar,S3_S4,T,1,6.0,VWC_1_raw_S3_T
irrigation,35.35,2023-06-28 02:00:12.000000000,2023-06-27_S3_S4_87f629e2,2023.0,S3,biochar,S3_S4,T,2,12.0,VWC_2_raw_S3_T
irrigation,45.52,2023-06-27 17:45:12.000000000,2023-06-27_S3_S4_87f629e2,2023.0,S3,biochar,S3_S4,T,3,18.0,VWC_3_raw_S3_T
irrigation,33.09,2023-06-28 03:45:12.000000000,2023-06-27_S3_S4_87f629e2,2023.0,S3,biochar,S3_S4,B,1,6.0,VWC_1_raw_S3_B
irrigation,32.32,2023-06-27 22:00:12.000000000,2023-06-27_S3_S4_87f629e2,2023.0,S3,biochar,S3_S4,B,2,12.0,VWC_2_raw_S3_B
irrigation,24.11,2023-06-27 20:45:12.000000000,2023-06-27_S3_S4_87f629e2,2023.0,S3,biochar,S3_S4,B,3,18.0,VWC_3_raw_S3_B
irrigation,40.74,2023-07-07 20:59:48.000000000,2023-07-07_S3_S4_bf19b251,2023.0,S3,biochar,S3_S4,T,1,6.0,VWC_1_raw_S3_T
irrigation,35.29,2023-07-08 01:14:48.000000000,2023-07-07_S3_S4_bf19b251,2023.0,S3,biochar,S3_S4,T,2,12.0,VWC_2_raw_S3_T
irrigation,41.73,2023-07-08 05:59:48.000000000,2023-07-07_S3_S4_bf19b251,2023.0,S3,biochar,S3_S4,T,3,18.0,VWC_3_raw_S3_T
irrigation,32.22,2023-07-08 05:14:48.000000000,2023-07-07_S3_S4_bf19b251,2023.0,S3,biochar,S3_S4,B,1,6.0,VWC_1_raw_S3_B
irrigation,31.45,2023-07-07 21:29:48.000000000,2023-07-07_S3_S4_bf19b251,2023.0,S3,biochar,S3_S4,B,2,12.0,VWC_2_raw_S3_B
irrigation,31.21,2023-07-07 14:14:48.000000000,2023-07-07_S3_S4_bf19b251,2023.0,S3,biochar,S3_S4,B,3,18.0,VWC_3_raw_S3_B
irrigation,37.87,2023-07-18 07:14:48.000000000,2023-07-17_S3_S4_a04fe807,2023.0,S3,biochar,S3_S4,T,2,12.0,VWC_2_raw_S3_T
irrigation,40.97,2023-07-18 22:29:48.000000000,2023-07-17_S3_S4_a04fe807,2023.0,S3,biochar,S3_S4,T,3,18.0,VWC_3_raw_S3_T
irrigation,35.51,2023-07-18 12:44:48.000000000,2023-07-17_S3_S4_a04fe807,2023.0,S3,biochar,S3_S4,M,1,6.0,VWC_1_raw_S3_M
irrigation,31.29,2023-07-18 12:44:48.000000000,2023-07-17_S3_S4_a04fe807,2023.0,S3,biochar,S3_S4,M,2,12.0,VWC_2_raw_S3_M
irrigation,34.71,2023-07-18 12:44:48.000000000,2023-07-17_S3_S4_a04fe807,2023.0,S3,biochar,S3_S4,M,3,18.0,VWC_3_raw_S3_M
irrigation,34.92,2023-07-18 10:29:48.000000000,2023-07-17_S3_S4_a04fe807,2023.0,S3,biochar,S3_S4,B,1,6.0,VWC_1_raw_S3_B
irrigation,30.35,2023-07-18 20:14:48.000000000,2023-07-17_S3_S4_a04fe807,2023.0,S3,biochar,S3_S4,B,2,12.0,VWC_2_raw_S3_B
irrigation,23.68,2023-07-18 10:29:48.000000000,2023-07-17_S3_S4_a04fe807,2023.0,S3,biochar,S3_S4,B,3,18.0,VWC_3_raw_S3_B
irrigation,40.88,2023-07-27 19:45:00.000000000,2023-07-27_S3_S4_89a0fecc,2023.0,S3,biochar,S3_S4,T,1,6.0,VWC_1_raw_S3_T
irrigation,36.25,2023-07-27 20:00:00.000000000,2023-07-27_S3_S4_89a0fecc,2023.0,S3,biochar,S3_S4,T,2,12.0,VWC_2_raw_S3_T
irrigation,42.5,2023-07-27 23:00:00.000000000,2023-07-27_S3_S4_89a0fecc,2023.0,S3,biochar,S3_S4,T,3,18.0,VWC_3_raw_S3_T
irrigation,32.01,2023-07-28 06:15:00.000000000,2023-07-27_S3_S4_89a0fecc,2023.0,S3,biochar,S3_S4,B,1,6.0,VWC_1_raw_S3_B
irrigation,31.0,2023-07-27 23:45:00.000000000,2023-07-27_S3_S4_89a0fecc,2023.0,S3,biochar,S3_S4,B,2,12.0,VWC_2_raw_S3_B
irrigation,23.84,2023-07-27 22:15:00.000000000,2023-07-27_S3_S4_89a0fecc,2023.0,S3,biochar,S3_S4,B,3,18.0,VWC_3_raw_S3_B
irrigation,40.23,2023-08-05 13:15:00.000000000,2023-08-05_S3_S4_0f92146d,2023.0,S3,biochar,S3_S4,T,1,6.0,VWC_1_raw_S3_T
irrigation,32.67,2023-08-06 00:00:00.000000000,2023-08-05_S3_S4_0f92146d,2023.0,S3,biochar,S3_S4,T,2,12.0,VWC_2_raw_S3_T
irrigation,40.21,2023-08-05 22:15:00.000000000,2023-08-05_S3_S4_0f92146d,2023.0,S3,biochar,S3_S4,T,3,18.0,VWC_3_raw_S3_T
irrigation,29.19,2023-08-05 21:00:00.000000000,2023-08-05_S3_S4_0f92146d,2023.0,S3,biochar,S3_S4,B,1,6.0,VWC_1_raw_S3_B
irrigation,29.27,2023-08-05 18:45:00.000000000,2023-08-05_S3_S4_0f92146d,2023.0,S3,biochar,S3_S4,B,2,12.0,VWC_2_raw_S3_B
irrigation,21.92,2023-08-05 15:30:00.000000000,2023-08-05_S3_S4_0f92146d,2023.0,S3,biochar,S3_S4,B,3,18.0,VWC_3_raw_S3_B
irrigation,40.53,2023-08-10 22:30:00.000000000,2023-08-10_S3_S4_7fce3d7b,2023.0,S3,biochar,S3_S4,T,1,6.0,VWC_1_raw_S3_T
irrigation,36.44,2023-08-11 04:00:00.000000000,2023-08-10_S3_S4_7fce3d7b,2023.0,S3,biochar,S3_S4,T,2,12.0,VWC_2_raw_S3_T
irrigation,47.33,2023-08-10 21:15:00.000000000,2023-08-10_S3_S4_7fce3d7b,2023.0,S3,biochar,S3_S4,T,3,18.0,VWC_3_raw_S3_T
irrigation,34.55,2023-08-11 09:15:00.000000000,2023-08-10_S3_S4_7fce3d7b,2023.0,S3,biochar,S3_S4,M,1,6.0,VWC_1_raw_S3_M
irrigation,30.63,2023-08-11 09:15:00.000000000,2023-08-10_S3_S4_7fce3d7b,2023.0,S3,biochar,S3_S4,M,2,12.0,VWC_2_raw_S3_M
irrigation,33.01,2023-08-11 09:15:00.000000000,2023-08-10_S3_S4_7fce3d7b,2023.0,S3,biochar,S3_S4,M,3,18.0,VWC_3_raw_S3_M
irrigation,31.03,2023-08-11 05:15:00.000000000,2023-08-10_S3_S4_7fce3d7b,2023.0,S3,biochar,S3_S4,B,1,6.0,VWC_1_raw_S3_B
irrigation,30.79,2023-08-11 04:00:00.000000000,2023-08-10_S3_S4_7fce3d7b,2023.0,S3,biochar,S3_S4,B,2,12.0,VWC_2_raw_S3_B
irrigation,24.76,2023-08-11 00:00:00.000000000,2023-08-10_S3_S4_7fce3d7b,2023.0,S3,biochar,S3_S4,B,3,18.0,VWC_3_raw_S3_B
irrigation,39.9,2023-08-24 21:00:12.000000000,2023-08-24_S3_S4_a4b6ae2a,2023.0,S3,biochar,S3_S4,T,1,6.0,VWC_1_raw_S3_T
irrigation,35.92,2023-08-24 23:00:12.000000000,2023-08-24_S3_S4_a4b6ae2a,2023.0,S3,biochar,S3_S4,T,2,12.0,VWC_2_raw_S3_T
irrigation,39.72,2023-08-25 08:30:12.000000000,2023-08-24_S3_S4_a4b6ae2a,2023.0,S3,biochar,S3_S4,T,3,18.0,VWC_3_raw_S3_T
irrigation,30.6,2023-08-25 04:45:12.000000000,2023-08-24_S3_S4_a4b6ae2a,2023.0,S3,biochar,S3_S4,B,1,6.0,VWC_1_raw_S3_B
irrigation,28.51,2023-08-25 01:45:12.000000000,2023-08-24_S3_S4_a4b6ae2a,2023.0,S3,biochar,S3_S4,B,2,12.0,VWC_2_raw_S3_B
irrigation,21.97,2023-08-24 22:45:12.000000000,2023-08-24_S3_S4_a4b6ae2a,2023.0,S3,biochar,S3_S4,B,3,18.0,VWC_3_raw_S3_B
irrigation,40.61,2023-09-07 16:15:12.000000000,2023-09-07_S3_S4_ea877a99,2023.0,S3,biochar,S3_S4,T,1,6.0,VWC_1_raw_S3_T
irrigation,36.93,2023-09-07 23:30:12.000000000,2023-09-07_S3_S4_ea877a99,2023.0,S3,biochar,S3_S4,T,2,12.0,VWC_2_raw_S3_T
irrigation,42.24,2023-09-07 23:30:12.000000000,2023-09-07_S3_S4_ea877a99,2023.0,S3,biochar,S3_S4,T,3,18.0,VWC_3_raw_S3_T
irrigation,33.75,2023-09-07 14:45:12.000000000,2023-09-07_S3_S4_ea877a99,2023.0,S3,biochar,S3_S4,B,1,6.0,VWC_1_raw_S3_B
irrigation,29.84,2023-09-08 01:45:12.000000000,2023-09-07_S3_S4_ea877a99,2023.0,S3,biochar,S3_S4,B,2,12.0,VWC_2_raw_S3_B
irrigation,23.84,2023-09-07 22:45:12.000000000,2023-09-07_S3_S4_ea877a99,2023.0,S3,biochar,S3_S4,B,3,18.0,VWC_3_raw_S3_B
irrigation,38.28,2023-09-22 20:15:12.000000000,2023-09-22_S3_S4_157133f5,2023.0,S3,biochar,S3_S4,T,1,6.0,VWC_1_raw_S3_T
irrigation,35.84,2023-09-22 20:15:12.000000000,2023-09-22_S3_S4_157133f5,2023.0,S3,biochar,S3_S4,T,2,12.0,VWC_2_raw_S3_T
irrigation,40.09,2023-09-23 05:45:12.000000000,2023-09-22_S3_S4_157133f5,2023.0,S3,biochar,S3_S4,T,3,18.0,VWC_3_raw_S3_T
irrigation,29.62,2023-09-23 06:00:12.000000000,2023-09-22_S3_S4_157133f5,2023.0,S3,biochar,S3_S4,B,1,6.0,VWC_1_raw_S3_B
irrigation,29.09,2023-09-23 03:15:12.000000000,2023-09-22_S3_S4_157133f5,2023.0,S3,biochar,S3_S4,B,2,12.0,VWC_2_raw_S3_B
irrigation,23.43,2023-09-22 20:45:12.000000000,2023-09-22_S3_S4_157133f5,2023.0,S3,biochar,S3_S4,B,3,18.0,VWC_3_raw_S3_B
irrigation,33.95,2023-05-24 18:29:48.000000000,2023-05-24_S3_S4_31cada45,2023.0,S4,control,S3_S4,T,1,6.0,VWC_1_raw_S4_T
irrigation,26.92,2023-05-24 21:29:48.000000000,2023-05-24_S3_S4_31cada45,2023.0,S4,control,S3_S4,T,2,12.0,VWC_2_raw_S4_T
irrigation,27.27,2023-05-24 20:59:47.999999999,2023-05-24_S3_S4_31cada45,2023.0,S4,control,S3_S4,T,3,18.0,VWC_3_raw_S4_T
irrigation,29.95,2023-05-25 03:59:47.999999999,2023-05-24_S3_S4_31cada45,2023.0,S4,control,S3_S4,M,1,6.0,VWC_1_raw_S4_M
irrigation,17.45,2023-05-24 17:14:48.000000000,2023-05-24_S3_S4_31cada45,2023.0,S4,control,S3_S4,M,2,12.0,VWC_2_raw_S4_M
irrigation,19.96,2023-05-25 09:29:48.000000000,2023-05-24_S3_S4_31cada45,2023.0,S4,control,S3_S4,M,3,18.0,VWC_3_raw_S4_M
irrigation,23.47,2023-05-25 04:44:48.000000000,2023-05-24_S3_S4_31cada45,2023.0,S4,control,S3_S4,B,1,6.0,VWC_1_raw_S4_B
irrigation,10.49,2023-05-25 09:14:48.000000000,2023-05-24_S3_S4_31cada45,2023.0,S4,control,S3_S4,B,3,18.0,VWC_3_raw_S4_B
irrigation,25.72,2023-06-03 05:59:48.000000000,2023-06-02_S3_S4_e824e1bc,2023.0,S4,control,S3_S4,T,1,6.0,VWC_1_raw_S4_T
irrigation,22.81,2023-06-03 15:44:48.000000000,2023-06-02_S3_S4_e824e1bc,2023.0,S4,control,S3_S4,T,2,12.0,VWC_2_raw_S4_T
irrigation,21.4,2023-06-03 15:29:48.000000000,2023-06-02_S3_S4_e824e1bc,2023.0,S4,control,S3_S4,M,1,6.0,VWC_1_raw_S4_M
irrigation,32.46,2023-06-15 05:14:48.000000000,2023-06-14_S3_S4_71ac748b,2023.0,S4,control,S3_S4,T,1,6.0,VWC_1_raw_S4_T
irrigation,32.23,2023-06-15 05:29:48.000000000,2023-06-14_S3_S4_71ac748b,2023.0,S4,control,S3_S4,T,2,12.0,VWC_2_raw_S4_T
irrigation,32.19,2023-06-15 05:14:48.000000000,2023-06-14_S3_S4_71ac748b,2023.0,S4,control,S3_S4,T,3,18.0,VWC_3_raw_S4_T
irrigation,27.8,2023-06-15 04:44:48.000000000,2023-06-14_S3_S4_71ac748b,2023.0,S4,control,S3_S4,M,1,6.0,VWC_1_raw_S4_M
irrigation,23.02,2023-06-15 04:44:48.000000000,2023-06-14_S3_S4_71ac748b,2023.0,S4,control,S3_S4,M,2,12.0,VWC_2_raw_S4_M
irrigation,20.19,2023-06-15 08:29:48.000000000,2023-06-14_S3_S4_71ac748b,2023.0,S4,control,S3_S4,M,3,18.0,VWC_3_raw_S4_M
irrigation,24.58,2023-06-15 01:29:48.000000000,2023-06-14_S3_S4_71ac748b,2023.0,S4,control,S3_S4,B,1,6.0,VWC_1_raw_S4_B
irrigation,27.73,2023-06-14 22:59:47.999999999,2023-06-14_S3_S4_71ac748b,2023.0,S4,control,S3_S4,B,2,12.0,VWC_2_raw_S4_B
irrigation,16.8,2023-06-15 22:14:48.000000000,2023-06-14_S3_S4_71ac748b,2023.0,S4,control,S3_S4,B,3,18.0,VWC_3_raw_S4_B
irrigation,34.36,2023-06-27 21:30:12.000000000,2023-06-27_S3_S4_87f629e2,2023.0,S4,control,S3_S4,T,1,6.0,VWC_1_raw_S4_T
irrigation,35.23,2023-06-27 21:15:12.000000000,2023-06-27_S3_S4_87f629e2,2023.0,S4,control,S3_S4,T,2,12.0,VWC_2_raw_S4_T
irrigation,33.38,2023-06-28 03:15:12.000000000,2023-06-27_S3_S4_87f629e2,2023.0,S4,control,S3_S4,T,3,18.0,VWC_3_raw_S4_T
irrigation,26.4,2023-06-28 07:30:12.000000000,2023-06-27_S3_S4_87f629e2,2023.0,S4,control,S3_S4,M,1,6.0,VWC_1_raw_S4_M
irrigation,23.03,2023-06-27 21:30:12.000000000,2023-06-27_S3_S4_87f629e2,2023.0,S4,control,S3_S4,M,2,12.0,VWC_2_raw_S4_M
irrigation,20.37,2023-06-28 08:00:12.000000000,2023-06-27_S3_S4_87f629e2,2023.0,S4,control,S3_S4,M,3,18.0,VWC_3_raw_S4_M
irrigation,39.46,2023-07-07 14:59:48.000000000,2023-07-07_S3_S4_bf19b251,2023.0,S4,control,S3_S4,T,1,6.0,VWC_1_raw_S4_T
irrigation,38.78,2023-07-07 13:59:48.000000000,2023-07-07_S3_S4_bf19b251,2023.0,S4,control,S3_S4,T,2,12.0,VWC_2_raw_S4_T
irrigation,33.65,2023-07-08 01:14:48.000000000,2023-07-07_S3_S4_bf19b251,2023.0,S4,control,S3_S4,T,3,18.0,VWC_3_raw_S4_T
irrigation,26.54,2023-07-08 06:29:48.000000000,2023-07-07_S3_S4_bf19b251,2023.0,S4,control,S3_S4,M,1,6.0,VWC_1_raw_S4_M
irrigation,22.82,2023-07-08 04:14:48.000000000,2023-07-07_S3_S4_bf19b251,2023.0,S4,control,S3_S4,M,2,12.0,VWC_2_raw_S4_M
irrigation,18.61,2023-07-08 07:44:48.000000000,2023-07-07_S3_S4_bf19b251,2023.0,S4,control,S3_S4,M,3,18.0,VWC_3_raw_S4_M
irrigation,39.11,2023-07-18 00:14:48.000000000,2023-07-17_S3_S4_a04fe807,2023.0,S4,control,S3_S4,T,1,6.0,VWC_1_raw_S4_T
irrigation,39.32,2023-07-18 03:14:48.000000000,2023-07-17_S3_S4_a04fe807,2023.0,S4,control,S3_S4,T,2,12.0,VWC_2_raw_S4_T
irrigation,33.07,2023-07-18 16:29:48.000000000,2023-07-17_S3_S4_a04fe807,2023.0,S4,control,S3_S4,T,3,18.0,VWC_3_raw_S4_T
irrigation,30.05,2023-07-18 11:44:48.000000000,2023-07-17_S3_S4_a04fe807,2023.0,S4,control,S3_S4,M,1,6.0,VWC_1_raw_S4_M
irrigation,24.13,2023-07-18 17:44:48.000000000,2023-07-17_S3_S4_a04fe807,2023.0,S4,control,S3_S4,M,2,12.0,VWC_2_raw_S4_M
irrigation,17.47,2023-07-18 18:29:48.000000000,2023-07-17_S3_S4_a04fe807,2023.0,S4,control,S3_S4,M,3,18.0,VWC_3_raw_S4_M
irrigation,29.4,2023-07-18 19:29:48.000000000,2023-07-17_S3_S4_a04fe807,2023.0,S4,control,S3_S4,B,2,12.0,VWC_2_raw_S4_B
irrigation,24.44,2023-07-18 12:59:48.000000000,2023-07-17_S3_S4_a04fe807,2023.0,S4,control,S3_S4,B,3,18.0,VWC_3_raw_S4_B
irrigation,11.52,2023-07-27 11:15:00.000000000,2023-07-27_S3_S4_89a0fecc,2023.0,S4,control,S3_S4,T,1,6.0,VWC_1_raw_S4_T
irrigation,26.57,2023-08-05 17:30:00.000000000,2023-08-05_S3_S4_0f92146d,2023.0,S4,control,S3_S4,T,1,6.0,VWC_1_raw_S4_T
irrigation,19.63,2023-08-06 05:45:00.000000000,2023-08-05_S3_S4_0f92146d,2023.0,S4,control,S3_S4,T,2,12.0,VWC_2_raw_S4_T
irrigation,27.73,2023-08-05 18:00:00.000000000,2023-08-05_S3_S4_0f92146d,2023.0,S4,control,S3_S4,T,3,18.0,VWC_3_raw_S4_T
irrigation,9.22,2023-08-05 21:15:00.000000000,2023-08-05_S3_S4_0f92146d,2023.0,S4,control,S3_S4,M,1,6.0,VWC_1_raw_S4_M
irrigation,33.34,2023-08-11 00:45:00.000000000,2023-08-10_S3_S4_7fce3d7b,2023.0,S4,control,S3_S4,T,1,6.0,VWC_1_raw_S4_T
irrigation,36.28,2023-08-11 00:45:00.000000000,2023-08-10_S3_S4_7fce3d7b,2023.0,S4,control,S3_S4,T,2,12.0,VWC_2_raw_S4_T
irrigation,32.61,2023-08-11 06:15:00.000000000,2023-08-10_S3_S4_7fce3d7b,2023.0,S4,control,S3_S4,T,3,18.0,VWC_3_raw_S4_T
irrigation,27.14,2023-08-11 06:30:00.000000000,2023-08-10_S3_S4_7fce3d7b,2023.0,S4,control,S3_S4,M,1,6.0,VWC_1_raw_S4_M
irrigation,20.65,2023-08-11 06:15:00.000000000,2023-08-10_S3_S4_7fce3d7b,2023.0,S4,control,S3_S4,M,2,12.0,VWC_2_raw_S4_M
irrigation,17.1,2023-08-11 13:30:00.000000000,2023-08-10_S3_S4_7fce3d7b,2023.0,S4,control,S3_S4,M,3,18.0,VWC_3_raw_S4_M
irrigation,27.23,2023-08-11 09:45:00.000000000,2023-08-10_S3_S4_7fce3d7b,2023.0,S4,control,S3_S4,B,1,6.0,VWC_1_raw_S4_B
irrigation,30.73,2023-08-11 09:45:00.000000000,2023-08-10_S3_S4_7fce3d7b,2023.0,S4,control,S3_S4,B,2,12.0,VWC_2_raw_S4_B
irrigation,26.37,2023-08-11 18:45:00.000000000,2023-08-10_S3_S4_7fce3d7b,2023.0,S4,control,S3_S4,B,3,18.0,VWC_3_raw_S4_B
irrigation,32.58,2023-08-24 23:30:12.000000000,2023-08-24_S3_S4_a4b6ae2a,2023.0,S4,control,S3_S4,T,1,6.0,VWC_1_raw_S4_T
irrigation,31.63,2023-08-25 08:00:12.000000000,2023-08-24_S3_S4_a4b6ae2a,2023.0,S4,control,S3_S4,T,2,12.0,VWC_2_raw_S4_T
irrigation,31.72,2023-08-25 04:45:12.000000000,2023-08-24_S3_S4_a4b6ae2a,2023.0,S4,control,S3_S4,T,3,18.0,VWC_3_raw_S4_T
irrigation,15.87,2023-08-25 14:00:12.000000000,2023-08-24_S3_S4_a4b6ae2a,2023.0,S4,control,S3_S4,M,1,6.0,VWC_1_raw_S4_M
irrigation,34.56,2023-09-07 23:00:12.000000000,2023-09-07_S3_S4_ea877a99,2023.0,S4,control,S3_S4,T,1,6.0,VWC_1_raw_S4_T
irrigation,35.52,2023-09-07 23:00:12.000000000,2023-09-07_S3_S4_ea877a99,2023.0,S4,control,S3_S4,T,2,12.0,VWC_2_raw_S4_T
irrigation,32.02,2023-09-08 03:45:12.000000000,2023-09-07_S3_S4_ea877a99,2023.0,S4,control,S3_S4,T,3,18.0,VWC_3_raw_S4_T
irrigation,27.65,2023-09-08 07:45:12.000000000,2023-09-07_S3_S4_ea877a99,2023.0,S4,control,S3_S4,M,1,6.0,VWC_1_raw_S4_M
irrigation,24.63,2023-09-08 08:30:12.000000000,2023-09-07_S3_S4_ea877a99,2023.0,S4,control,S3_S4,M,2,12.0,VWC_2_raw_S4_M
irrigation,25.52,2023-09-07 21:45:12.000000000,2023-09-07_S3_S4_ea877a99,2023.0,S4,control,S3_S4,M,3,18.0,VWC_3_raw_S4_M
irrigation,42.82,2023-09-22 12:15:12.000000000,2023-09-22_S3_S4_157133f5,2023.0,S4,control,S3_S4,T,1,6.0,VWC_1_raw_S4_T
irrigation,32.33,2023-09-23 08:30:12.000000000,2023-09-22_S3_S4_157133f5,2023.0,S4,control,S3_S4,T,2,12.0,VWC_2_raw_S4_T
irrigation,31.92,2023-09-23 02:00:12.000000000,2023-09-22_S3_S4_157133f5,2023.0,S4,control,S3_S4,T,3,18.0,VWC_3_raw_S4_T
irrigation,27.3,2023-09-23 07:45:12.000000000,2023-09-22_S3_S4_157133f5,2023.0,S4,control,S3_S4,M,1,6.0,VWC_1_raw_S4_M
irrigation,24.85,2023-09-23 08:00:12.000000000,2023-09-22_S3_S4_157133f5,2023.0,S4,control,S3_S4,M,2,12.0,VWC_2_raw_S4_M
irrigation,27.83,2023-09-22 22:30:12.000000000,2023-09-22_S3_S4_157133f5,2023.0,S4,control,S3_S4,M,3,18.0,VWC_3_raw_S4_M
irrigation,42.58,2024-04-20 20:45:11.999999999,2024-04-20_S1_S2_5f2fb725,2024.0,S1,biochar,S1_S2,T,1,6.0,VWC_1_raw_S1_T
irrigation,38.56,2024-04-21 05:45:11.999999999,2024-04-20_S1_S2_5f2fb725,2024.0,S1,biochar,S1_S2,T,2,12.0,VWC_2_raw_S1_T
irrigation,45.04,2024-04-20 20:30:12.000000000,2024-04-20_S1_S2_5f2fb725,2024.0,S1,biochar,S1_S2,T,3,18.0,VWC_3_raw_S1_T
irrigation,35.26,2024-04-21 07:30:12.000000000,2024-04-20_S1_S2_5f2fb725,2024.0,S1,biochar,S1_S2,M,1,6.0,VWC_1_raw_S1_M
irrigation,33.62,2024-04-21 04:30:12.000000000,2024-04-20_S1_S2_5f2fb725,2024.0,S1,biochar,S1_S2,M,2,12.0,VWC_2_raw_S1_M
irrigation,38.29,2024-04-20 23:00:12.000000000,2024-04-20_S1_S2_5f2fb725,2024.0,S1,biochar,S1_S2,M,3,18.0,VWC_3_raw_S1_M
irrigation,51.96,2024-04-21 04:45:11.999999999,2024-04-20_S1_S2_5f2fb725,2024.0,S1,biochar,S1_S2,B,1,6.0,VWC_1_raw_S1_B
irrigation,49.23,2024-04-21 10:00:12.000000000,2024-04-20_S1_S2_5f2fb725,2024.0,S1,biochar,S1_S2,B,2,12.0,VWC_2_raw_S1_B
irrigation,45.14,2024-04-21 09:15:12.000000000,2024-04-20_S1_S2_5f2fb725,2024.0,S1,biochar,S1_S2,B,3,18.0,VWC_3_raw_S1_B
irrigation,34.17,2024-05-12 02:29:47.999999999,2024-05-11_S1_S2_4c1cd284,2024.0,S1,biochar,S1_S2,B,1,6.0,VWC_1_raw_S1_B
irrigation,42.22,2024-06-02 10:30:12.000000000,2024-06-01_S1_S2_ef46e32f,2024.0,S1,biochar,S1_S2,T,1,6.0,VWC_1_raw_S1_T
irrigation,41.98,2024-06-02 10:45:12.000000000,2024-06-01_S1_S2_ef46e32f,2024.0,S1,biochar,S1_S2,T,2,12.0,VWC_2_raw_S1_T
irrigation,44.05,2024-06-01 23:45:12.000000000,2024-06-01_S1_S2_ef46e32f,2024.0,S1,biochar,S1_S2,T,3,18.0,VWC_3_raw_S1_T
irrigation,36.15,2024-06-02 20:30:12.000000000,2024-06-01_S1_S2_ef46e32f,2024.0,S1,biochar,S1_S2,M,1,6.0,VWC_1_raw_S1_M
irrigation,37.24,2024-06-02 08:45:12.000000000,2024-06-01_S1_S2_ef46e32f,2024.0,S1,biochar,S1_S2,M,2,12.0,VWC_2_raw_S1_M
irrigation,39.47,2024-06-02 09:15:12.000000000,2024-06-01_S1_S2_ef46e32f,2024.0,S1,biochar,S1_S2,M,3,18.0,VWC_3_raw_S1_M
irrigation,46.75,2024-06-02 14:30:12.000000000,2024-06-01_S1_S2_ef46e32f,2024.0,S1,biochar,S1_S2,B,2,12.0,VWC_2_raw_S1_B
irrigation,42.32,2024-06-02 16:45:12.000000000,2024-06-01_S1_S2_ef46e32f,2024.0,S1,biochar,S1_S2,B,3,18.0,VWC_3_raw_S1_B
irrigation,42.84,2024-06-22 23:00:00.000000000,2024-06-22_S1_S2_e95bd875,2024.0,S1,biochar,S1_S2,T,1,6.0,VWC_1_raw_S1_T
irrigation,42.44,2024-06-22 19:30:00.000000000,2024-06-22_S1_S2_e95bd875,2024.0,S1,biochar,S1_S2,T,2,12.0,VWC_2_raw_S1_T
irrigation,45.53,2024-06-22 16:30:00.000000000,2024-06-22_S1_S2_e95bd875,2024.0,S1,biochar,S1_S2,T,3,18.0,VWC_3_raw_S1_T
irrigation,37.47,2024-06-23 05:15:00.000000000,2024-06-22_S1_S2_e95bd875,2024.0,S1,biochar,S1_S2,M,1,6.0,VWC_1_raw_S1_M
irrigation,35.22,2024-06-23 01:15:00.000000000,2024-06-22_S1_S2_e95bd875,2024.0,S1,biochar,S1_S2,M,2,12.0,VWC_2_raw_S1_M
irrigation,40.26,2024-06-22 19:00:00.000000000,2024-06-22_S1_S2_e95bd875,2024.0,S1,biochar,S1_S2,M,3,18.0,VWC_3_raw_S1_M
irrigation,41.99,2024-06-23 04:00:00.000000000,2024-06-22_S1_S2_e95bd875,2024.0,S1,biochar,S1_S2,B,1,6.0,VWC_1_raw_S1_B
irrigation,47.44,2024-06-23 00:45:00.000000000,2024-06-22_S1_S2_e95bd875,2024.0,S1,biochar,S1_S2,B,2,12.0,VWC_2_raw_S1_B
irrigation,42.58,2024-06-22 23:00:00.000000000,2024-06-22_S1_S2_e95bd875,2024.0,S1,biochar,S1_S2,B,3,18.0,VWC_3_raw_S1_B
irrigation,41.26,2024-07-21 07:45:00.000000000,2024-07-20_S1_S2_6d735351,2024.0,S1,biochar,S1_S2,T,1,6.0,VWC_1_raw_S1_T
irrigation,42.06,2024-07-20 22:15:00.000000000,2024-07-20_S1_S2_6d735351,2024.0,S1,biochar,S1_S2,T,2,12.0,VWC_2_raw_S1_T
irrigation,45.31,2024-07-20 20:00:00.000000000,2024-07-20_S1_S2_6d735351,2024.0,S1,biochar,S1_S2,T,3,18.0,VWC_3_raw_S1_T
irrigation,36.68,2024-07-21 11:45:00.000000000,2024-07-20_S1_S2_6d735351,2024.0,S1,biochar,S1_S2,M,1,6.0,VWC_1_raw_S1_M
irrigation,34.76,2024-07-21 05:15:00.000000000,2024-07-20_S1_S2_6d735351,2024.0,S1,biochar,S1_S2,M,2,12.0,VWC_2_raw_S1_M
irrigation,38.39,2024-07-20 19:30:00.000000000,2024-07-20_S1_S2_6d735351,2024.0,S1,biochar,S1_S2,M,3,18.0,VWC_3_raw_S1_M
irrigation,40.33,2024-07-21 07:00:00.000000000,2024-07-20_S1_S2_6d735351,2024.0,S1,biochar,S1_S2,B,1,6.0,VWC_1_raw_S1_B
irrigation,47.16,2024-07-21 01:45:00.000000000,2024-07-20_S1_S2_6d735351,2024.0,S1,biochar,S1_S2,B,2,12.0,VWC_2_raw_S1_B
irrigation,46.45,2024-07-21 02:00:00.000000000,2024-07-20_S1_S2_6d735351,2024.0,S1,biochar,S1_S2,B,3,18.0,VWC_3_raw_S1_B
irrigation,42.46,2024-08-10 23:00:12.000000000,2024-08-10_S1_S2_de427086,2024.0,S1,biochar,S1_S2,T,1,6.0,VWC_1_raw_S1_T
irrigation,39.87,2024-08-11 05:15:12.000000000,2024-08-10_S1_S2_de427086,2024.0,S1,biochar,S1_S2,T,2,12.0,VWC_2_raw_S1_T
irrigation,42.58,2024-08-11 02:45:12.000000000,2024-08-10_S1_S2_de427086,2024.0,S1,biochar,S1_S2,T,3,18.0,VWC_3_raw_S1_T
irrigation,36.82,2024-08-11 11:30:12.000000000,2024-08-10_S1_S2_de427086,2024.0,S1,biochar,S1_S2,M,1,6.0,VWC_1_raw_S1_M
irrigation,37.37,2024-08-11 00:45:12.000000000,2024-08-10_S1_S2_de427086,2024.0,S1,biochar,S1_S2,M,2,12.0,VWC_2_raw_S1_M
irrigation,38.46,2024-08-11 08:00:12.000000000,2024-08-10_S1_S2_de427086,2024.0,S1,biochar,S1_S2,M,3,18.0,VWC_3_raw_S1_M
irrigation,35.6,2024-08-11 05:15:12.000000000,2024-08-10_S1_S2_de427086,2024.0,S1,biochar,S1_S2,B,3,18.0,VWC_3_raw_S1_B
irrigation,41.39,2024-09-07 20:00:12.000000000,2024-09-07_S1_S2_b15b9a0a,2024.0,S1,biochar,S1_S2,T,1,6.0,VWC_1_raw_S1_T
irrigation,38.74,2024-09-08 00:45:12.000000000,2024-09-07_S1_S2_b15b9a0a,2024.0,S1,biochar,S1_S2,T,2,12.0,VWC_2_raw_S1_T
irrigation,42.91,2024-09-07 20:45:12.000000000,2024-09-07_S1_S2_b15b9a0a,2024.0,S1,biochar,S1_S2,T,3,18.0,VWC_3_raw_S1_T
irrigation,35.27,2024-09-08 06:45:12.000000000,2024-09-07_S1_S2_b15b9a0a,2024.0,S1,biochar,S1_S2,M,1,6.0,VWC_1_raw_S1_M
irrigation,35.48,2024-09-08 01:15:12.000000000,2024-09-07_S1_S2_b15b9a0a,2024.0,S1,biochar,S1_S2,M,2,12.0,VWC_2_raw_S1_M
irrigation,38.22,2024-09-08 02:30:12.000000000,2024-09-07_S1_S2_b15b9a0a,2024.0,S1,biochar,S1_S2,M,3,18.0,VWC_3_raw_S1_M
irrigation,47.32,2024-09-08 02:30:12.000000000,2024-09-07_S1_S2_b15b9a0a,2024.0,S1,biochar,S1_S2,B,1,6.0,VWC_1_raw_S1_B
irrigation,46.52,2024-09-08 01:30:12.000000000,2024-09-07_S1_S2_b15b9a0a,2024.0,S1,biochar,S1_S2,B,2,12.0,VWC_2_raw_S1_B
irrigation,40.94,2024-09-08 00:15:12.000000000,2024-09-07_S1_S2_b15b9a0a,2024.0,S1,biochar,S1_S2,B,3,18.0,VWC_3_raw_S1_B
irrigation,34.31,2024-04-21 08:30:12.000000000,2024-04-20_S1_S2_5f2fb725,2024.0,S2,control,S1_S2,T,1,6.0,VWC_1_raw_S2_T
irrigation,36.02,2024-04-21 07:00:12.000000000,2024-04-20_S1_S2_5f2fb725,2024.0,S2,control,S1_S2,T,2,12.0,VWC_2_raw_S2_T
irrigation,38.88,2024-04-20 21:15:12.000000000,2024-04-20_S1_S2_5f2fb725,2024.0,S2,control,S1_S2,T,3,18.0,VWC_3_raw_S2_T
irrigation,39.17,2024-04-20 19:30:12.000000000,2024-04-20_S1_S2_5f2fb725,2024.0,S2,control,S1_S2,M,1,6.0,VWC_1_raw_S2_M
irrigation,36.29,2024-04-20 20:30:12.000000000,2024-04-20_S1_S2_5f2fb725,2024.0,S2,control,S1_S2,M,2,12.0,VWC_2_raw_S2_M
irrigation,31.89,2024-04-21 04:45:11.999999999,2024-04-20_S1_S2_5f2fb725,2024.0,S2,control,S1_S2,M,3,18.0,VWC_3_raw_S2_M
irrigation,30.18,2024-04-21 09:15:12.000000000,2024-04-20_S1_S2_5f2fb725,2024.0,S2,control,S1_S2,B,1,6.0,VWC_1_raw_S2_B
irrigation,29.39,2024-04-21 05:45:11.999999999,2024-04-20_S1_S2_5f2fb725,2024.0,S2,control,S1_S2,B,2,12.0,VWC_2_raw_S2_B
irrigation,33.2,2024-04-21 00:15:12.000000000,2024-04-20_S1_S2_5f2fb725,2024.0,S2,control,S1_S2,B,3,18.0,VWC_3_raw_S2_B
irrigation,37.69,2024-06-02 21:30:12.000000000,2024-06-01_S1_S2_ef46e32f,2024.0,S2,control,S1_S2,T,2,12.0,VWC_2_raw_S2_T
irrigation,39.01,2024-06-02 11:00:12.000000000,2024-06-01_S1_S2_ef46e32f,2024.0,S2,control,S1_S2,T,3,18.0,VWC_3_raw_S2_T
irrigation,39.06,2024-06-02 10:45:12.000000000,2024-06-01_S1_S2_ef46e32f,2024.0,S2,control,S1_S2,M,1,6.0,VWC_1_raw_S2_M
irrigation,37.09,2024-06-02 11:15:12.000000000,2024-06-01_S1_S2_ef46e32f,2024.0,S2,control,S1_S2,M,2,12.0,VWC_2_raw_S2_M
irrigation,37.81,2024-06-02 08:30:12.000000000,2024-06-01_S1_S2_ef46e32f,2024.0,S2,control,S1_S2,M,3,18.0,VWC_3_raw_S2_M
irrigation,38.94,2024-06-02 11:45:12.000000000,2024-06-01_S1_S2_ef46e32f,2024.0,S2,control,S1_S2,B,1,6.0,VWC_1_raw_S2_B
irrigation,30.09,2024-06-02 23:00:12.000000000,2024-06-01_S1_S2_ef46e32f,2024.0,S2,control,S1_S2,B,2,12.0,VWC_2_raw_S2_B
irrigation,35.75,2024-06-02 14:30:12.000000000,2024-06-01_S1_S2_ef46e32f,2024.0,S2,control,S1_S2,B,3,18.0,VWC_3_raw_S2_B
irrigation,32.97,2024-06-23 07:15:00.000000000,2024-06-22_S1_S2_e95bd875,2024.0,S2,control,S1_S2,T,1,6.0,VWC_1_raw_S2_T
irrigation,42.86,2024-06-22 21:15:00.000000000,2024-06-22_S1_S2_e95bd875,2024.0,S2,control,S1_S2,T,2,12.0,VWC_2_raw_S2_T
irrigation,38.64,2024-06-22 21:00:00.000000000,2024-06-22_S1_S2_e95bd875,2024.0,S2,control,S1_S2,T,3,18.0,VWC_3_raw_S2_T
irrigation,39.17,2024-06-22 18:45:00.000000000,2024-06-22_S1_S2_e95bd875,2024.0,S2,control,S1_S2,M,1,6.0,VWC_1_raw_S2_M
irrigation,37.0,2024-06-22 19:15:00.000000000,2024-06-22_S1_S2_e95bd875,2024.0,S2,control,S1_S2,M,2,12.0,VWC_2_raw_S2_M
irrigation,34.45,2024-06-23 07:00:00.000000000,2024-06-22_S1_S2_e95bd875,2024.0,S2,control,S1_S2,M,3,18.0,VWC_3_raw_S2_M
irrigation,31.18,2024-06-23 08:30:00.000000000,2024-06-22_S1_S2_e95bd875,2024.0,S2,control,S1_S2,B,1,6.0,VWC_1_raw_S2_B
irrigation,29.98,2024-06-23 04:30:00.000000000,2024-06-22_S1_S2_e95bd875,2024.0,S2,control,S1_S2,B,2,12.0,VWC_2_raw_S2_B
irrigation,29.87,2024-06-23 06:45:00.000000000,2024-06-22_S1_S2_e95bd875,2024.0,S2,control,S1_S2,B,3,18.0,VWC_3_raw_S2_B
irrigation,34.82,2024-07-21 01:30:00.000000000,2024-07-20_S1_S2_6d735351,2024.0,S2,control,S1_S2,T,1,6.0,VWC_1_raw_S2_T
irrigation,44.96,2024-07-20 22:15:00.000000000,2024-07-20_S1_S2_6d735351,2024.0,S2,control,S1_S2,T,2,12.0,VWC_2_raw_S2_T
irrigation,34.42,2024-07-21 08:15:00.000000000,2024-07-20_S1_S2_6d735351,2024.0,S2,control,S1_S2,M,1,6.0,VWC_1_raw_S2_M
irrigation,34.58,2024-07-21 05:45:00.000000000,2024-07-20_S1_S2_6d735351,2024.0,S2,control,S1_S2,M,2,12.0,VWC_2_raw_S2_M
irrigation,34.47,2024-07-21 09:15:00.000000000,2024-07-20_S1_S2_6d735351,2024.0,S2,control,S1_S2,M,3,18.0,VWC_3_raw_S2_M
irrigation,33.22,2024-07-21 00:15:00.000000000,2024-07-20_S1_S2_6d735351,2024.0,S2,control,S1_S2,B,1,6.0,VWC_1_raw_S2_B
irrigation,34.73,2024-07-20 22:00:00.000000000,2024-07-20_S1_S2_6d735351,2024.0,S2,control,S1_S2,B,2,12.0,VWC_2_raw_S2_B
irrigation,31.11,2024-07-21 00:15:00.000000000,2024-07-20_S1_S2_6d735351,2024.0,S2,control,S1_S2,B,3,18.0,VWC_3_raw_S2_B
irrigation,34.02,2024-08-11 04:15:12.000000000,2024-08-10_S1_S2_de427086,2024.0,S2,control,S1_S2,T,1,6.0,VWC_1_raw_S2_T
irrigation,45.37,2024-08-10 23:00:12.000000000,2024-08-10_S1_S2_de427086,2024.0,S2,control,S1_S2,T,2,12.0,VWC_2_raw_S2_T
irrigation,40.24,2024-08-11 00:15:12.000000000,2024-08-10_S1_S2_de427086,2024.0,S2,control,S1_S2,T,3,18.0,VWC_3_raw_S2_T
irrigation,41.66,2024-08-10 21:30:12.000000000,2024-08-10_S1_S2_de427086,2024.0,S2,control,S1_S2,M,1,6.0,VWC_1_raw_S2_M
irrigation,38.39,2024-08-11 02:45:12.000000000,2024-08-10_S1_S2_de427086,2024.0,S2,control,S1_S2,M,2,12.0,VWC_2_raw_S2_M
irrigation,37.24,2024-08-11 11:30:12.000000000,2024-08-10_S1_S2_de427086,2024.0,S2,control,S1_S2,M,3,18.0,VWC_3_raw_S2_M
irrigation,39.2,2024-08-11 01:15:12.000000000,2024-08-10_S1_S2_de427086,2024.0,S2,control,S1_S2,B,1,6.0,VWC_1_raw_S2_B
irrigation,35.06,2024-08-11 02:15:12.000000000,2024-08-10_S1_S2_de427086,2024.0,S2,control,S1_S2,B,2,12.0,VWC_2_raw_S2_B
irrigation,36.74,2024-08-11 05:15:12.000000000,2024-08-10_S1_S2_de427086,2024.0,S2,control,S1_S2,B,3,18.0,VWC_3_raw_S2_B
irrigation,31.08,2024-09-08 04:30:12.000000000,2024-09-07_S1_S2_b15b9a0a,2024.0,S2,control,S1_S2,T,1,6.0,VWC_1_raw_S2_T
irrigation,39.27,2024-09-08 02:45:12.000000000,2024-09-07_S1_S2_b15b9a0a,2024.0,S2,control,S1_S2,T,2,12.0,VWC_2_raw_S2_T
irrigation,40.72,2024-09-07 19:45:12.000000000,2024-09-07_S1_S2_b15b9a0a,2024.0,S2,control,S1_S2,T,3,18.0,VWC_3_raw_S2_T
irrigation,33.19,2024-09-08 07:15:12.000000000,2024-09-07_S1_S2_b15b9a0a,2024.0,S2,control,S1_S2,M,1,6.0,VWC_1_raw_S2_M
irrigation,34.63,2024-09-08 06:30:12.000000000,2024-09-07_S1_S2_b15b9a0a,2024.0,S2,control,S1_S2,M,2,12.0,VWC_2_raw_S2_M
irrigation,36.23,2024-09-08 08:15:12.000000000,2024-09-07_S1_S2_b15b9a0a,2024.0,S2,control,S1_S2,M,3,18.0,VWC_3_raw_S2_M
irrigation,33.77,2024-09-07 23:00:12.000000000,2024-09-07_S1_S2_b15b9a0a,2024.0,S2,control,S1_S2,B,1,6.0,VWC_1_raw_S2_B
irrigation,33.98,2024-09-07 20:30:12.000000000,2024-09-07_S1_S2_b15b9a0a,2024.0,S2,control,S1_S2,B,2,12.0,VWC_2_raw_S2_B
irrigation,33.05,2024-09-07 23:00:12.000000000,2024-09-07_S1_S2_b15b9a0a,2024.0,S2,control,S1_S2,B,3,18.0,VWC_3_raw_S2_B
irrigation,39.91,2024-04-20 00:45:12.000000000,2024-04-19_S3_S4_c5bf8374,2024.0,S3,biochar,S3_S4,T,1,6.0,VWC_1_raw_S3_T
irrigation,35.69,2024-04-20 00:15:12.000000000,2024-04-19_S3_S4_c5bf8374,2024.0,S3,biochar,S3_S4,T,2,12.0,VWC_2_raw_S3_T
irrigation,36.57,2024-04-20 15:00:12.000000000,2024-04-19_S3_S4_c5bf8374,2024.0,S3,biochar,S3_S4,T,3,18.0,VWC_3_raw_S3_T
irrigation,30.81,2024-04-20 07:30:12.000000000,2024-04-19_S3_S4_c5bf8374,2024.0,S3,biochar,S3_S4,B,1,6.0,VWC_1_raw_S3_B
irrigation,29.11,2024-04-20 06:30:12.000000000,2024-04-19_S3_S4_c5bf8374,2024.0,S3,biochar,S3_S4,B,2,12.0,VWC_2_raw_S3_B
irrigation,22.71,2024-04-20 01:15:12.000000000,2024-04-19_S3_S4_c5bf8374,2024.0,S3,biochar,S3_S4,B,3,18.0,VWC_3_raw_S3_B
irrigation,38.61,2024-05-03 19:29:48.000000000,2024-05-03_S3_S4_13e4749a,2024.0,S3,biochar,S3_S4,T,1,6.0,VWC_1_raw_S3_T
irrigation,32.97,2024-05-04 08:14:48.000000000,2024-05-03_S3_S4_13e4749a,2024.0,S3,biochar,S3_S4,T,2,12.0,VWC_2_raw_S3_T
irrigation,45.73,2024-05-03 18:29:48.000000000,2024-05-03_S3_S4_13e4749a,2024.0,S3,biochar,S3_S4,T,3,18.0,VWC_3_raw_S3_T
irrigation,30.3,2024-05-04 00:29:48.000000000,2024-05-03_S3_S4_13e4749a,2024.0,S3,biochar,S3_S4,B,1,6.0,VWC_1_raw_S3_B
irrigation,29.45,2024-05-03 21:59:48.000000000,2024-05-03_S3_S4_13e4749a,2024.0,S3,biochar,S3_S4,B,2,12.0,VWC_2_raw_S3_B
irrigation,23.39,2024-05-03 18:59:48.000000000,2024-05-03_S3_S4_13e4749a,2024.0,S3,biochar,S3_S4,B,3,18.0,VWC_3_raw_S3_B
irrigation,39.51,2024-05-17 22:59:48.000000000,2024-05-17_S3_S4_09c73fc7,2024.0,S3,biochar,S3_S4,T,1,6.0,VWC_1_raw_S3_T
irrigation,35.75,2024-05-18 05:14:48.000000000,2024-05-17_S3_S4_09c73fc7,2024.0,S3,biochar,S3_S4,T,2,12.0,VWC_2_raw_S3_T
irrigation,40.76,2024-05-18 07:14:48.000000000,2024-05-17_S3_S4_09c73fc7,2024.0,S3,biochar,S3_S4,T,3,18.0,VWC_3_raw_S3_T
irrigation,34.87,2024-05-17 23:14:48.000000000,2024-05-17_S3_S4_09c73fc7,2024.0,S3,biochar,S3_S4,M,1,6.0,VWC_1_raw_S3_M
irrigation,32.5,2024-05-17 23:29:48.000000000,2024-05-17_S3_S4_09c73fc7,2024.0,S3,biochar,S3_S4,M,2,12.0,VWC_2_raw_S3_M
irrigation,32.52,2024-05-17 23:29:48.000000000,2024-05-17_S3_S4_09c73fc7,2024.0,S3,biochar,S3_S4,M,3,18.0,VWC_3_raw_S3_M
irrigation,30.72,2024-05-18 05:14:48.000000000,2024-05-17_S3_S4_09c73fc7,2024.0,S3,biochar,S3_S4,B,1,6.0,VWC_1_raw_S3_B
irrigation,29.76,2024-05-18 03:59:48.000000000,2024-05-17_S3_S4_09c73fc7,2024.0,S3,biochar,S3_S4,B,2,12.0,VWC_2_raw_S3_B
irrigation,23.78,2024-05-17 22:44:48.000000000,2024-05-17_S3_S4_09c73fc7,2024.0,S3,biochar,S3_S4,B,3,18.0,VWC_3_raw_S3_B
irrigation,39.69,2024-06-01 22:00:12.000000000,2024-06-01_S3_S4_0880f850,2024.0,S3,biochar,S3_S4,T,1,6.0,VWC_1_raw_S3_T
irrigation,36.0,2024-06-02 00:15:12.000000000,2024-06-01_S3_S4_0880f850,2024.0,S3,biochar,S3_S4,T,2,12.0,VWC_2_raw_S3_T
irrigation,46.74,2024-06-01 20:15:12.000000000,2024-06-01_S3_S4_0880f850,2024.0,S3,biochar,S3_S4,T,3,18.0,VWC_3_raw_S3_T
irrigation,30.92,2024-06-02 06:30:12.000000000,2024-06-01_S3_S4_0880f850,2024.0,S3,biochar,S3_S4,B,1,6.0,VWC_1_raw_S3_B
irrigation,30.41,2024-06-02 02:45:12.000000000,2024-06-01_S3_S4_0880f850,2024.0,S3,biochar,S3_S4,B,2,12.0,VWC_2_raw_S3_B
irrigation,24.4,2024-06-01 21:15:12.000000000,2024-06-01_S3_S4_0880f850,2024.0,S3,biochar,S3_S4,B,3,18.0,VWC_3_raw_S3_B
irrigation,40.78,2024-06-15 20:15:12.000000000,2024-06-15_S3_S4_b6aa9839,2024.0,S3,biochar,S3_S4,T,1,6.0,VWC_1_raw_S3_T
irrigation,36.96,2024-06-15 15:00:12.000000000,2024-06-15_S3_S4_b6aa9839,2024.0,S3,biochar,S3_S4,T,2,12.0,VWC_2_raw_S3_T
irrigation,40.98,2024-06-16 07:30:12.000000000,2024-06-15_S3_S4_b6aa9839,2024.0,S3,biochar,S3_S4,T,3,18.0,VWC_3_raw_S3_T
irrigation,31.13,2024-06-16 04:15:12.000000000,2024-06-15_S3_S4_b6aa9839,2024.0,S3,biochar,S3_S4,B,1,6.0,VWC_1_raw_S3_B
irrigation,31.33,2024-06-16 00:00:12.000000000,2024-06-15_S3_S4_b6aa9839,2024.0,S3,biochar,S3_S4,B,2,12.0,VWC_2_raw_S3_B
irrigation,26.39,2024-06-15 20:00:12.000000000,2024-06-15_S3_S4_b6aa9839,2024.0,S3,biochar,S3_S4,B,3,18.0,VWC_3_raw_S3_B
irrigation,40.57,2024-06-28 18:14:48.000000000,2024-06-28_S3_S4_14b9d993,2024.0,S3,biochar,S3_S4,T,1,6.0,VWC_1_raw_S3_T
irrigation,34.35,2024-06-29 07:14:48.000000000,2024-06-28_S3_S4_14b9d993,2024.0,S3,biochar,S3_S4,T,2,12.0,VWC_2_raw_S3_T
irrigation,41.51,2024-06-29 02:44:48.000000000,2024-06-28_S3_S4_14b9d993,2024.0,S3,biochar,S3_S4,T,3,18.0,VWC_3_raw_S3_T
irrigation,35.16,2024-06-28 14:44:48.000000000,2024-06-28_S3_S4_14b9d993,2024.0,S3,biochar,S3_S4,B,1,6.0,VWC_1_raw_S3_B
irrigation,30.99,2024-06-28 20:59:48.000000000,2024-06-28_S3_S4_14b9d993,2024.0,S3,biochar,S3_S4,B,2,12.0,VWC_2_raw_S3_B
irrigation,23.4,2024-06-28 18:14:48.000000000,2024-06-28_S3_S4_14b9d993,2024.0,S3,biochar,S3_S4,B,3,18.0,VWC_3_raw_S3_B
irrigation,40.52,2024-07-11 21:14:48.000000000,2024-07-11_S3_S4_d29231ea,2024.0,S3,biochar,S3_S4,T,1,6.0,VWC_1_raw_S3_T
irrigation,36.77,2024-07-11 21:44:48.000000000,2024-07-11_S3_S4_d29231ea,2024.0,S3,biochar,S3_S4,T,2,12.0,VWC_2_raw_S3_T
irrigation,42.86,2024-07-12 00:44:48.000000000,2024-07-11_S3_S4_d29231ea,2024.0,S3,biochar,S3_S4,T,3,18.0,VWC_3_raw_S3_T
irrigation,35.33,2024-07-11 17:44:48.000000000,2024-07-11_S3_S4_d29231ea,2024.0,S3,biochar,S3_S4,B,1,6.0,VWC_1_raw_S3_B
irrigation,30.96,2024-07-12 00:14:48.000000000,2024-07-11_S3_S4_d29231ea,2024.0,S3,biochar,S3_S4,B,2,12.0,VWC_2_raw_S3_B
irrigation,22.61,2024-07-11 20:59:48.000000000,2024-07-11_S3_S4_d29231ea,2024.0,S3,biochar,S3_S4,B,3,18.0,VWC_3_raw_S3_B
irrigation,37.46,2024-07-27 11:30:12.000000000,2024-07-26_S3_S4_fd133a4c,2024.0,S3,biochar,S3_S4,T,2,12.0,VWC_2_raw_S3_T
irrigation,42.82,2024-07-27 20:30:12.000000000,2024-07-26_S3_S4_fd133a4c,2024.0,S3,biochar,S3_S4,T,3,18.0,VWC_3_raw_S3_T
irrigation,35.96,2024-07-27 10:45:12.000000000,2024-07-26_S3_S4_fd133a4c,2024.0,S3,biochar,S3_S4,M,1,6.0,VWC_1_raw_S3_M
irrigation,32.67,2024-07-27 10:45:12.000000000,2024-07-26_S3_S4_fd133a4c,2024.0,S3,biochar,S3_S4,M,2,12.0,VWC_2_raw_S3_M
irrigation,35.15,2024-07-27 11:00:12.000000000,2024-07-26_S3_S4_fd133a4c,2024.0,S3,biochar,S3_S4,M,3,18.0,VWC_3_raw_S3_M
irrigation,31.52,2024-07-27 21:30:12.000000000,2024-07-26_S3_S4_fd133a4c,2024.0,S3,biochar,S3_S4,B,1,6.0,VWC_1_raw_S3_B
irrigation,32.9,2024-07-27 07:45:12.000000000,2024-07-26_S3_S4_fd133a4c,2024.0,S3,biochar,S3_S4,B,2,12.0,VWC_2_raw_S3_B
irrigation,23.77,2024-07-27 10:45:12.000000000,2024-07-26_S3_S4_fd133a4c,2024.0,S3,biochar,S3_S4,B,3,18.0,VWC_3_raw_S3_B
irrigation,40.49,2024-08-09 19:30:00.000000000,2024-08-09_S3_S4_fd100e26,2024.0,S3,biochar,S3_S4,T,1,6.0,VWC_1_raw_S3_T
irrigation,36.94,2024-08-09 21:45:00.000000000,2024-08-09_S3_S4_fd100e26,2024.0,S3,biochar,S3_S4,T,2,12.0,VWC_2_raw_S3_T
irrigation,43.68,2024-08-10 00:45:00.000000000,2024-08-09_S3_S4_fd100e26,2024.0,S3,biochar,S3_S4,T,3,18.0,VWC_3_raw_S3_T
irrigation,33.91,2024-08-09 16:15:00.000000000,2024-08-09_S3_S4_fd100e26,2024.0,S3,biochar,S3_S4,B,1,6.0,VWC_1_raw_S3_B
irrigation,29.78,2024-08-10 02:00:00.000000000,2024-08-09_S3_S4_fd100e26,2024.0,S3,biochar,S3_S4,B,2,12.0,VWC_2_raw_S3_B
irrigation,23.43,2024-08-09 19:30:00.000000000,2024-08-09_S3_S4_fd100e26,2024.0,S3,biochar,S3_S4,B,3,18.0,VWC_3_raw_S3_B
irrigation,39.46,2024-08-23 19:45:12.000000000,2024-08-23_S3_S4_0b64e5f5,2024.0,S3,biochar,S3_S4,T,1,6.0,VWC_1_raw_S3_T
irrigation,37.56,2024-08-23 23:00:12.000000000,2024-08-23_S3_S4_0b64e5f5,2024.0,S3,biochar,S3_S4,T,2,12.0,VWC_2_raw_S3_T
irrigation,43.76,2024-08-23 23:00:12.000000000,2024-08-23_S3_S4_0b64e5f5,2024.0,S3,biochar,S3_S4,T,3,18.0,VWC_3_raw_S3_T
irrigation,33.6,2024-08-23 15:15:12.000000000,2024-08-23_S3_S4_0b64e5f5,2024.0,S3,biochar,S3_S4,B,1,6.0,VWC_1_raw_S3_B
irrigation,30.99,2024-08-23 20:30:12.000000000,2024-08-23_S3_S4_0b64e5f5,2024.0,S3,biochar,S3_S4,B,2,12.0,VWC_2_raw_S3_B
irrigation,24.08,2024-08-23 21:00:12.000000000,2024-08-23_S3_S4_0b64e5f5,2024.0,S3,biochar,S3_S4,B,3,18.0,VWC_3_raw_S3_B
irrigation,39.95,2024-09-06 17:30:00.000000000,2024-09-06_S3_S4_9e0ce675,2024.0,S3,biochar,S3_S4,T,1,6.0,VWC_1_raw_S3_T
irrigation,35.97,2024-09-07 00:45:00.000000000,2024-09-06_S3_S4_9e0ce675,2024.0,S3,biochar,S3_S4,T,2,12.0,VWC_2_raw_S3_T
irrigation,42.94,2024-09-07 02:45:00.000000000,2024-09-06_S3_S4_9e0ce675,2024.0,S3,biochar,S3_S4,T,3,18.0,VWC_3_raw_S3_T
irrigation,30.59,2024-09-07 03:30:00.000000000,2024-09-06_S3_S4_9e0ce675,2024.0,S3,biochar,S3_S4,B,1,6.0,VWC_1_raw_S3_B
irrigation,29.68,2024-09-07 01:00:00.000000000,2024-09-06_S3_S4_9e0ce675,2024.0,S3,biochar,S3_S4,B,2,12.0,VWC_2_raw_S3_B
irrigation,22.99,2024-09-06 20:00:00.000000000,2024-09-06_S3_S4_9e0ce675,2024.0,S3,biochar,S3_S4,B,3,18.0,VWC_3_raw_S3_B
irrigation,38.81,2024-09-20 21:15:00.000000000,2024-09-20_S3_S4_032d9e33,2024.0,S3,biochar,S3_S4,T,1,6.0,VWC_1_raw_S3_T
irrigation,36.61,2024-09-20 21:15:00.000000000,2024-09-20_S3_S4_032d9e33,2024.0,S3,biochar,S3_S4,T,2,12.0,VWC_2_raw_S3_T
irrigation,41.22,2024-09-21 04:45:00.000000000,2024-09-20_S3_S4_032d9e33,2024.0,S3,biochar,S3_S4,T,3,18.0,VWC_3_raw_S3_T
irrigation,33.79,2024-09-20 21:00:00.000000000,2024-09-20_S3_S4_032d9e33,2024.0,S3,biochar,S3_S4,M,1,6.0,VWC_1_raw_S3_M
irrigation,30.52,2024-09-20 21:15:00.000000000,2024-09-20_S3_S4_032d9e33,2024.0,S3,biochar,S3_S4,M,2,12.0,VWC_2_raw_S3_M
irrigation,30.6,2024-09-20 21:15:00.000000000,2024-09-20_S3_S4_032d9e33,2024.0,S3,biochar,S3_S4,M,3,18.0,VWC_3_raw_S3_M
irrigation,29.51,2024-09-21 03:15:00.000000000,2024-09-20_S3_S4_032d9e33,2024.0,S3,biochar,S3_S4,B,1,6.0,VWC_1_raw_S3_B
irrigation,28.3,2024-09-21 00:00:00.000000000,2024-09-20_S3_S4_032d9e33,2024.0,S3,biochar,S3_S4,B,2,12.0,VWC_2_raw_S3_B
irrigation,20.09,2024-09-20 22:00:00.000000000,2024-09-20_S3_S4_032d9e33,2024.0,S3,biochar,S3_S4,B,3,18.0,VWC_3_raw_S3_B
irrigation,38.64,2024-10-04 16:14:48.000000000,2024-10-04_S3_S4_bf53dc9a,2024.0,S3,biochar,S3_S4,T,1,6.0,VWC_1_raw_S3_T
irrigation,37.8,2024-10-04 19:14:48.000000000,2024-10-04_S3_S4_bf53dc9a,2024.0,S3,biochar,S3_S4,T,2,12.0,VWC_2_raw_S3_T
irrigation,41.8,2024-10-05 03:29:47.999999999,2024-10-04_S3_S4_bf53dc9a,2024.0,S3,biochar,S3_S4,T,3,18.0,VWC_3_raw_S3_T
irrigation,33.55,2024-10-04 19:29:47.999999999,2024-10-04_S3_S4_bf53dc9a,2024.0,S3,biochar,S3_S4,B,1,6.0,VWC_1_raw_S3_B
irrigation,29.61,2024-10-05 02:44:48.000000000,2024-10-04_S3_S4_bf53dc9a,2024.0,S3,biochar,S3_S4,B,2,12.0,VWC_2_raw_S3_B
irrigation,23.01,2024-10-04 21:44:48.000000000,2024-10-04_S3_S4_bf53dc9a,2024.0,S3,biochar,S3_S4,B,3,18.0,VWC_3_raw_S3_B
irrigation,37.1,2024-10-18 21:29:48.000000000,2024-10-18_S3_S4_e3314155,2024.0,S3,biochar,S3_S4,T,1,6.0,VWC_1_raw_S3_T
irrigation,38.1,2024-10-18 18:29:48.000000000,2024-10-18_S3_S4_e3314155,2024.0,S3,biochar,S3_S4,T,2,12.0,VWC_2_raw_S3_T
irrigation,41.86,2024-10-19 04:29:48.000000000,2024-10-18_S3_S4_e3314155,2024.0,S3,biochar,S3_S4,T,3,18.0,VWC_3_raw_S3_T
irrigation,34.18,2024-10-18 18:29:48.000000000,2024-10-18_S3_S4_e3314155,2024.0,S3,biochar,S3_S4,B,1,6.0,VWC_1_raw_S3_B
irrigation,29.59,2024-10-19 04:44:48.000000000,2024-10-18_S3_S4_e3314155,2024.0,S3,biochar,S3_S4,B,2,12.0,VWC_2_raw_S3_B
irrigation,25.29,2024-10-18 20:14:48.000000000,2024-10-18_S3_S4_e3314155,2024.0,S3,biochar,S3_S4,B,3,18.0,VWC_3_raw_S3_B
irrigation,36.07,2024-04-20 03:45:12.000000000,2024-04-19_S3_S4_c5bf8374,2024.0,S4,control,S3_S4,T,1,6.0,VWC_1_raw_S4_T
irrigation,36.71,2024-04-20 03:45:12.000000000,2024-04-19_S3_S4_c5bf8374,2024.0,S4,control,S3_S4,T,2,12.0,VWC_2_raw_S4_T
irrigation,31.13,2024-04-20 08:00:12.000000000,2024-04-19_S3_S4_c5bf8374,2024.0,S4,control,S3_S4,T,3,18.0,VWC_3_raw_S4_T
irrigation,29.26,2024-04-20 04:00:12.000000000,2024-04-19_S3_S4_c5bf8374,2024.0,S4,control,S3_S4,M,1,6.0,VWC_1_raw_S4_M
irrigation,25.3,2024-04-20 04:30:12.000000000,2024-04-19_S3_S4_c5bf8374,2024.0,S4,control,S3_S4,M,2,12.0,VWC_2_raw_S4_M
irrigation,23.09,2024-04-20 17:45:12.000000000,2024-04-19_S3_S4_c5bf8374,2024.0,S4,control,S3_S4,M,3,18.0,VWC_3_raw_S4_M
irrigation,9.0,2024-04-20 14:15:12.000000000,2024-04-19_S3_S4_c5bf8374,2024.0,S4,control,S3_S4,B,1,6.0,VWC_1_raw_S4_B
irrigation,21.64,2024-04-19 22:15:12.000000000,2024-04-19_S3_S4_c5bf8374,2024.0,S4,control,S3_S4,B,2,12.0,VWC_2_raw_S4_B
irrigation,19.12,2024-04-20 01:45:12.000000000,2024-04-19_S3_S4_c5bf8374,2024.0,S4,control,S3_S4,B,3,18.0,VWC_3_raw_S4_B
irrigation,33.82,2024-05-03 21:29:48.000000000,2024-05-03_S3_S4_13e4749a,2024.0,S4,control,S3_S4,T,1,6.0,VWC_1_raw_S4_T
irrigation,33.84,2024-05-03 21:44:48.000000000,2024-05-03_S3_S4_13e4749a,2024.0,S4,control,S3_S4,T,2,12.0,VWC_2_raw_S4_T
irrigation,31.92,2024-05-04 03:14:48.000000000,2024-05-03_S3_S4_13e4749a,2024.0,S4,control,S3_S4,T,3,18.0,VWC_3_raw_S4_T
irrigation,28.17,2024-05-04 06:14:48.000000000,2024-05-03_S3_S4_13e4749a,2024.0,S4,control,S3_S4,M,1,6.0,VWC_1_raw_S4_M
irrigation,27.33,2024-05-03 21:44:48.000000000,2024-05-03_S3_S4_13e4749a,2024.0,S4,control,S3_S4,M,2,12.0,VWC_2_raw_S4_M
irrigation,28.68,2024-05-03 23:14:48.000000000,2024-05-03_S3_S4_13e4749a,2024.0,S4,control,S3_S4,M,3,18.0,VWC_3_raw_S4_M
irrigation,35.61,2024-05-17 18:14:48.000000000,2024-05-17_S3_S4_09c73fc7,2024.0,S4,control,S3_S4,T,1,6.0,VWC_1_raw_S4_T
irrigation,32.79,2024-05-18 09:44:48.000000000,2024-05-17_S3_S4_09c73fc7,2024.0,S4,control,S3_S4,T,2,12.0,VWC_2_raw_S4_T
irrigation,31.83,2024-05-18 07:14:48.000000000,2024-05-17_S3_S4_09c73fc7,2024.0,S4,control,S3_S4,T,3,18.0,VWC_3_raw_S4_T
irrigation,28.67,2024-05-18 10:14:48.000000000,2024-05-17_S3_S4_09c73fc7,2024.0,S4,control,S3_S4,M,1,6.0,VWC_1_raw_S4_M
irrigation,27.83,2024-05-18 01:29:48.000000000,2024-05-17_S3_S4_09c73fc7,2024.0,S4,control,S3_S4,M,2,12.0,VWC_2_raw_S4_M
irrigation,28.39,2024-05-18 02:29:48.000000000,2024-05-17_S3_S4_09c73fc7,2024.0,S4,control,S3_S4,M,3,18.0,VWC_3_raw_S4_M
irrigation,26.87,2024-05-18 07:14:48.000000000,2024-05-17_S3_S4_09c73fc7,2024.0,S4,control,S3_S4,B,1,6.0,VWC_1_raw_S4_B
irrigation,34.19,2024-05-18 03:14:48.000000000,2024-05-17_S3_S4_09c73fc7,2024.0,S4,control,S3_S4,B,2,12.0,VWC_2_raw_S4_B
irrigation,30.31,2024-05-18 04:14:48.000000000,2024-05-17_S3_S4_09c73fc7,2024.0,S4,control,S3_S4,B,3,18.0,VWC_3_raw_S4_B
irrigation,41.09,2024-06-01 13:30:12.000000000,2024-06-01_S3_S4_0880f850,2024.0,S4,control,S3_S4,T,1,6.0,VWC_1_raw_S4_T
irrigation,33.59,2024-06-02 09:30:12.000000000,2024-06-01_S3_S4_0880f850,2024.0,S4,control,S3_S4,T,2,12.0,VWC_2_raw_S4_T
irrigation,32.27,2024-06-02 05:45:12.000000000,2024-06-01_S3_S4_0880f850,2024.0,S4,control,S3_S4,T,3,18.0,VWC_3_raw_S4_T
irrigation,34.09,2024-06-01 23:00:12.000000000,2024-06-01_S3_S4_0880f850,2024.0,S4,control,S3_S4,M,1,6.0,VWC_1_raw_S4_M
irrigation,34.33,2024-06-01 18:45:12.000000000,2024-06-01_S3_S4_0880f850,2024.0,S4,control,S3_S4,M,2,12.0,VWC_2_raw_S4_M
irrigation,28.85,2024-06-02 01:30:12.000000000,2024-06-01_S3_S4_0880f850,2024.0,S4,control,S3_S4,M,3,18.0,VWC_3_raw_S4_M
irrigation,40.6,2024-06-15 11:30:12.000000000,2024-06-15_S3_S4_b6aa9839,2024.0,S4,control,S3_S4,T,1,6.0,VWC_1_raw_S4_T
irrigation,37.76,2024-06-15 20:15:12.000000000,2024-06-15_S3_S4_b6aa9839,2024.0,S4,control,S3_S4,T,2,12.0,VWC_2_raw_S4_T
irrigation,32.93,2024-06-16 02:00:12.000000000,2024-06-15_S3_S4_b6aa9839,2024.0,S4,control,S3_S4,T,3,18.0,VWC_3_raw_S4_T
irrigation,36.5,2024-06-15 20:15:12.000000000,2024-06-15_S3_S4_b6aa9839,2024.0,S4,control,S3_S4,M,1,6.0,VWC_1_raw_S4_M
irrigation,36.43,2024-06-15 16:45:12.000000000,2024-06-15_S3_S4_b6aa9839,2024.0,S4,control,S3_S4,M,2,12.0,VWC_2_raw_S4_M
irrigation,31.96,2024-06-16 02:30:12.000000000,2024-06-15_S3_S4_b6aa9839,2024.0,S4,control,S3_S4,M,3,18.0,VWC_3_raw_S4_M
irrigation,35.07,2024-06-28 20:59:48.000000000,2024-06-28_S3_S4_14b9d993,2024.0,S4,control,S3_S4,T,1,6.0,VWC_1_raw_S4_T
irrigation,40.15,2024-06-28 16:14:48.000000000,2024-06-28_S3_S4_14b9d993,2024.0,S4,control,S3_S4,T,2,12.0,VWC_2_raw_S4_T
irrigation,34.33,2024-06-28 22:44:48.000000000,2024-06-28_S3_S4_14b9d993,2024.0,S4,control,S3_S4,T,3,18.0,VWC_3_raw_S4_T
irrigation,31.76,2024-06-29 05:44:48.000000000,2024-06-28_S3_S4_14b9d993,2024.0,S4,control,S3_S4,M,1,6.0,VWC_1_raw_S4_M
irrigation,27.05,2024-06-29 06:59:48.000000000,2024-06-28_S3_S4_14b9d993,2024.0,S4,control,S3_S4,M,2,12.0,VWC_2_raw_S4_M
irrigation,30.37,2024-06-28 21:29:48.000000000,2024-06-28_S3_S4_14b9d993,2024.0,S4,control,S3_S4,M,3,18.0,VWC_3_raw_S4_M
irrigation,24.56,2024-06-28 21:44:48.000000000,2024-06-28_S3_S4_14b9d993,2024.0,S4,control,S3_S4,B,1,6.0,VWC_1_raw_S4_B
irrigation,36.97,2024-06-29 01:29:48.000000000,2024-06-28_S3_S4_14b9d993,2024.0,S4,control,S3_S4,B,2,12.0,VWC_2_raw_S4_B
irrigation,33.77,2024-06-28 19:29:48.000000000,2024-06-28_S3_S4_14b9d993,2024.0,S4,control,S3_S4,B,3,18.0,VWC_3_raw_S4_B
irrigation,33.34,2024-07-12 09:14:48.000000000,2024-07-11_S3_S4_d29231ea,2024.0,S4,control,S3_S4,T,1,6.0,VWC_1_raw_S4_T
irrigation,35.57,2024-07-12 03:29:48.000000000,2024-07-11_S3_S4_d29231ea,2024.0,S4,control,S3_S4,T,2,12.0,VWC_2_raw_S4_T
irrigation,33.31,2024-07-12 04:44:48.000000000,2024-07-11_S3_S4_d29231ea,2024.0,S4,control,S3_S4,T,3,18.0,VWC_3_raw_S4_T
irrigation,35.52,2024-07-11 21:59:48.000000000,2024-07-11_S3_S4_d29231ea,2024.0,S4,control,S3_S4,M,1,6.0,VWC_1_raw_S4_M
irrigation,25.98,2024-07-12 10:29:48.000000000,2024-07-11_S3_S4_d29231ea,2024.0,S4,control,S3_S4,M,2,12.0,VWC_2_raw_S4_M
irrigation,29.77,2024-07-11 23:59:48.000000000,2024-07-11_S3_S4_d29231ea,2024.0,S4,control,S3_S4,M,3,18.0,VWC_3_raw_S4_M
irrigation,36.21,2024-07-27 14:00:12.000000000,2024-07-26_S3_S4_fd133a4c,2024.0,S4,control,S3_S4,T,1,6.0,VWC_1_raw_S4_T
irrigation,34.86,2024-07-27 23:45:12.000000000,2024-07-26_S3_S4_fd133a4c,2024.0,S4,control,S3_S4,T,2,12.0,VWC_2_raw_S4_T
irrigation,32.8,2024-07-27 21:00:12.000000000,2024-07-26_S3_S4_fd133a4c,2024.0,S4,control,S3_S4,T,3,18.0,VWC_3_raw_S4_T
irrigation,35.37,2024-07-27 13:45:12.000000000,2024-07-26_S3_S4_fd133a4c,2024.0,S4,control,S3_S4,M,1,6.0,VWC_1_raw_S4_M
irrigation,28.25,2024-07-27 13:45:12.000000000,2024-07-26_S3_S4_fd133a4c,2024.0,S4,control,S3_S4,M,2,12.0,VWC_2_raw_S4_M
irrigation,27.79,2024-07-27 15:15:12.000000000,2024-07-26_S3_S4_fd133a4c,2024.0,S4,control,S3_S4,M,3,18.0,VWC_3_raw_S4_M
irrigation,33.36,2024-07-27 18:15:12.000000000,2024-07-26_S3_S4_fd133a4c,2024.0,S4,control,S3_S4,B,2,12.0,VWC_2_raw_S4_B
irrigation,35.44,2024-08-09 22:15:00.000000000,2024-08-09_S3_S4_fd100e26,2024.0,S4,control,S3_S4,T,1,6.0,VWC_1_raw_S4_T
irrigation,36.3,2024-08-10 03:00:00.000000000,2024-08-09_S3_S4_fd100e26,2024.0,S4,control,S3_S4,T,2,12.0,VWC_2_raw_S4_T
irrigation,34.77,2024-08-09 22:30:00.000000000,2024-08-09_S3_S4_fd100e26,2024.0,S4,control,S3_S4,T,3,18.0,VWC_3_raw_S4_T
irrigation,31.25,2024-08-10 08:15:00.000000000,2024-08-09_S3_S4_fd100e26,2024.0,S4,control,S3_S4,M,1,6.0,VWC_1_raw_S4_M
irrigation,25.84,2024-08-10 07:45:00.000000000,2024-08-09_S3_S4_fd100e26,2024.0,S4,control,S3_S4,M,2,12.0,VWC_2_raw_S4_M
irrigation,29.35,2024-08-09 22:15:00.000000000,2024-08-09_S3_S4_fd100e26,2024.0,S4,control,S3_S4,M,3,18.0,VWC_3_raw_S4_M
irrigation,34.16,2024-08-09 20:45:00.000000000,2024-08-09_S3_S4_fd100e26,2024.0,S4,control,S3_S4,B,1,6.0,VWC_1_raw_S4_B
irrigation,36.44,2024-08-10 20:00:00.000000000,2024-08-09_S3_S4_fd100e26,2024.0,S4,control,S3_S4,B,2,12.0,VWC_2_raw_S4_B
irrigation,36.18,2024-08-24 02:15:12.000000000,2024-08-23_S3_S4_0b64e5f5,2024.0,S4,control,S3_S4,T,1,6.0,VWC_1_raw_S4_T
irrigation,37.58,2024-08-24 02:15:12.000000000,2024-08-23_S3_S4_0b64e5f5,2024.0,S4,control,S3_S4,T,2,12.0,VWC_2_raw_S4_T
irrigation,35.74,2024-08-24 09:00:12.000000000,2024-08-23_S3_S4_0b64e5f5,2024.0,S4,control,S3_S4,T,3,18.0,VWC_3_raw_S4_T
irrigation,32.23,2024-08-23 21:30:12.000000000,2024-08-23_S3_S4_0b64e5f5,2024.0,S4,control,S3_S4,M,1,6.0,VWC_1_raw_S4_M
irrigation,27.19,2024-08-23 21:45:12.000000000,2024-08-23_S3_S4_0b64e5f5,2024.0,S4,control,S3_S4,M,2,12.0,VWC_2_raw_S4_M
irrigation,28.57,2024-08-24 07:30:12.000000000,2024-08-23_S3_S4_0b64e5f5,2024.0,S4,control,S3_S4,M,3,18.0,VWC_3_raw_S4_M
irrigation,38.88,2024-08-24 06:15:12.000000000,2024-08-23_S3_S4_0b64e5f5,2024.0,S4,control,S3_S4,B,1,6.0,VWC_1_raw_S4_B
irrigation,37.12,2024-08-24 10:45:12.000000000,2024-08-23_S3_S4_0b64e5f5,2024.0,S4,control,S3_S4,B,2,12.0,VWC_2_raw_S4_B
irrigation,32.04,2024-09-07 10:00:00.000000000,2024-09-06_S3_S4_9e0ce675,2024.0,S4,control,S3_S4,T,1,6.0,VWC_1_raw_S4_T
irrigation,34.9,2024-09-07 04:00:00.000000000,2024-09-06_S3_S4_9e0ce675,2024.0,S4,control,S3_S4,T,2,12.0,VWC_2_raw_S4_T
irrigation,33.21,2024-09-07 06:45:00.000000000,2024-09-06_S3_S4_9e0ce675,2024.0,S4,control,S3_S4,T,3,18.0,VWC_3_raw_S4_T
irrigation,31.09,2024-09-07 08:00:00.000000000,2024-09-06_S3_S4_9e0ce675,2024.0,S4,control,S3_S4,M,1,6.0,VWC_1_raw_S4_M
irrigation,31.63,2024-09-06 17:45:00.000000000,2024-09-06_S3_S4_9e0ce675,2024.0,S4,control,S3_S4,M,2,12.0,VWC_2_raw_S4_M
irrigation,28.3,2024-09-07 00:00:00.000000000,2024-09-06_S3_S4_9e0ce675,2024.0,S4,control,S3_S4,M,3,18.0,VWC_3_raw_S4_M
irrigation,32.62,2024-09-06 19:15:00.000000000,2024-09-06_S3_S4_9e0ce675,2024.0,S4,control,S3_S4,B,1,6.0,VWC_1_raw_S4_B
irrigation,38.59,2024-09-06 21:45:00.000000000,2024-09-06_S3_S4_9e0ce675,2024.0,S4,control,S3_S4,B,2,12.0,VWC_2_raw_S4_B
irrigation,34.3,2024-09-20 21:30:00.000000000,2024-09-20_S3_S4_032d9e33,2024.0,S4,control,S3_S4,T,1,6.0,VWC_1_raw_S4_T
irrigation,34.86,2024-09-20 19:45:00.000000000,2024-09-20_S3_S4_032d9e33,2024.0,S4,control,S3_S4,T,2,12.0,VWC_2_raw_S4_T
irrigation,38.61,2024-09-20 19:30:00.000000000,2024-09-20_S3_S4_032d9e33,2024.0,S4,control,S3_S4,T,3,18.0,VWC_3_raw_S4_T
irrigation,31.4,2024-09-20 23:45:00.000000000,2024-09-20_S3_S4_032d9e33,2024.0,S4,control,S3_S4,B,2,12.0,VWC_2_raw_S4_B
irrigation,39.46,2024-10-04 15:59:48.000000000,2024-10-04_S3_S4_bf53dc9a,2024.0,S4,control,S3_S4,T,1,6.0,VWC_1_raw_S4_T
irrigation,34.13,2024-10-05 06:14:48.000000000,2024-10-04_S3_S4_bf53dc9a,2024.0,S4,control,S3_S4,T,2,12.0,VWC_2_raw_S4_T
irrigation,32.5,2024-10-05 05:59:48.000000000,2024-10-04_S3_S4_bf53dc9a,2024.0,S4,control,S3_S4,T,3,18.0,VWC_3_raw_S4_T
irrigation,32.78,2024-10-05 00:29:47.999999999,2024-10-04_S3_S4_bf53dc9a,2024.0,S4,control,S3_S4,M,1,6.0,VWC_1_raw_S4_M
irrigation,24.12,2024-10-05 10:14:48.000000000,2024-10-04_S3_S4_bf53dc9a,2024.0,S4,control,S3_S4,M,2,12.0,VWC_2_raw_S4_M
irrigation,26.15,2024-10-05 00:29:47.999999999,2024-10-04_S3_S4_bf53dc9a,2024.0,S4,control,S3_S4,M,3,18.0,VWC_3_raw_S4_M
irrigation,27.61,2024-10-05 08:29:47.999999999,2024-10-04_S3_S4_bf53dc9a,2024.0,S4,control,S3_S4,B,1,6.0,VWC_1_raw_S4_B
irrigation,29.53,2024-10-05 01:29:47.999999999,2024-10-04_S3_S4_bf53dc9a,2024.0,S4,control,S3_S4,B,2,12.0,VWC_2_raw_S4_B
irrigation,27.74,2024-10-05 00:59:48.000000000,2024-10-04_S3_S4_bf53dc9a,2024.0,S4,control,S3_S4,B,3,18.0,VWC_3_raw_S4_B
irrigation,31.72,2024-10-19 10:44:48.000000000,2024-10-18_S3_S4_e3314155,2024.0,S4,control,S3_S4,T,1,6.0,VWC_1_raw_S4_T
irrigation,34.46,2024-10-19 04:44:48.000000000,2024-10-18_S3_S4_e3314155,2024.0,S4,control,S3_S4,T,2,12.0,VWC_2_raw_S4_T
irrigation,33.32,2024-10-19 00:59:48.000000000,2024-10-18_S3_S4_e3314155,2024.0,S4,control,S3_S4,T,3,18.0,VWC_3_raw_S4_T
irrigation,30.22,2024-10-19 07:29:48.000000000,2024-10-18_S3_S4_e3314155,2024.0,S4,control,S3_S4,M,1,6.0,VWC_1_raw_S4_M
irrigation,24.7,2024-10-19 09:29:48.000000000,2024-10-18_S3_S4_e3314155,2024.0,S4,control,S3_S4,M,2,12.0,VWC_2_raw_S4_M
irrigation,27.64,2024-10-19 01:14:48.000000000,2024-10-18_S3_S4_e3314155,2024.0,S4,control,S3_S4,M,3,18.0,VWC_3_raw_S4_M
irrigation,41.53,2025-04-21 08:15:00.000000000,2025-04-20_S1_S2_f3457ada,2025.0,S1,biochar,S1_S2,T,1,6.0,VWC_1_raw_S1_T
irrigation,42.32,2025-04-21 08:30:00.000000000,2025-04-20_S1_S2_f3457ada,2025.0,S1,biochar,S1_S2,T,2,12.0,VWC_2_raw_S1_T
irrigation,46.41,2025-04-21 08:15:00.000000000,2025-04-20_S1_S2_f3457ada,2025.0,S1,biochar,S1_S2,T,3,18.0,VWC_3_raw_S1_T
irrigation,42.46,2025-04-21 08:30:00.000000000,2025-04-20_S1_S2_f3457ada,2025.0,S1,biochar,S1_S2,M,1,6.0,VWC_1_raw_S1_M
irrigation,38.66,2025-04-21 08:15:00.000000000,2025-04-20_S1_S2_f3457ada,2025.0,S1,biochar,S1_S2,M,2,12.0,VWC_2_raw_S1_M
irrigation,39.48,2025-04-20 18:30:00.000000000,2025-04-20_S1_S2_f3457ada,2025.0,S1,biochar,S1_S2,M,3,18.0,VWC_3_raw_S1_M
irrigation,29.68,2025-04-20 22:30:00.000000000,2025-04-20_S1_S2_f3457ada,2025.0,S1,biochar,S1_S2,B,1,6.0,VWC_1_raw_S1_B
irrigation,31.11,2025-04-20 23:30:00.000000000,2025-04-20_S1_S2_f3457ada,2025.0,S1,biochar,S1_S2,B,2,12.0,VWC_2_raw_S1_B
irrigation,33.03,2025-04-20 23:15:00.000000000,2025-04-20_S1_S2_f3457ada,2025.0,S1,biochar,S1_S2,B,3,18.0,VWC_3_raw_S1_B
irrigation,41.04,2025-05-17 12:00:05.000000000,2025-05-16_S1_S2_799859ac,2025.0,S1,biochar,S1_S2,T,1,6.0,VWC_1_raw_S1_T
irrigation,41.43,2025-05-17 13:30:05.000000000,2025-05-16_S1_S2_799859ac,2025.0,S1,biochar,S1_S2,T,2,12.0,VWC_2_raw_S1_T
irrigation,41.01,2025-05-17 16:30:05.000000000,2025-05-16_S1_S2_799859ac,2025.0,S1,biochar,S1_S2,T,3,18.0,VWC_3_raw_S1_T
irrigation,35.36,2025-05-17 20:45:05.000000000,2025-05-16_S1_S2_799859ac,2025.0,S1,biochar,S1_S2,M,1,6.0,VWC_1_raw_S1_M
irrigation,35.55,2025-05-17 19:45:05.000000000,2025-05-16_S1_S2_799859ac,2025.0,S1,biochar,S1_S2,M,2,12.0,VWC_2_raw_S1_M
irrigation,38.6,2025-05-17 19:30:05.000000000,2025-05-16_S1_S2_799859ac,2025.0,S1,biochar,S1_S2,M,3,18.0,VWC_3_raw_S1_M
irrigation,32.06,2025-05-17 14:45:05.000000000,2025-05-16_S1_S2_799859ac,2025.0,S1,biochar,S1_S2,B,1,6.0,VWC_1_raw_S1_B
irrigation,32.42,2025-05-17 20:15:05.000000000,2025-05-16_S1_S2_799859ac,2025.0,S1,biochar,S1_S2,B,2,12.0,VWC_2_raw_S1_B
irrigation,29.55,2025-05-17 20:45:05.000000000,2025-05-16_S1_S2_799859ac,2025.0,S1,biochar,S1_S2,B,3,18.0,VWC_3_raw_S1_B
irrigation,41.51,2025-05-29 10:29:48.000000000,2025-05-28_S1_S2_ca363c43,2025.0,S1,biochar,S1_S2,T,1,6.0,VWC_1_raw_S1_T
irrigation,37.83,2025-05-29 20:44:48.000000000,2025-05-28_S1_S2_ca363c43,2025.0,S1,biochar,S1_S2,T,2,12.0,VWC_2_raw_S1_T
irrigation,39.39,2025-05-29 20:59:48.000000000,2025-05-28_S1_S2_ca363c43,2025.0,S1,biochar,S1_S2,T,3,18.0,VWC_3_raw_S1_T
irrigation,35.36,2025-05-29 19:29:48.000000000,2025-05-28_S1_S2_ca363c43,2025.0,S1,biochar,S1_S2,M,1,6.0,VWC_1_raw_S1_M
irrigation,35.72,2025-05-29 19:59:48.000000000,2025-05-28_S1_S2_ca363c43,2025.0,S1,biochar,S1_S2,M,2,12.0,VWC_2_raw_S1_M
irrigation,41.62,2025-05-29 10:44:48.000000000,2025-05-28_S1_S2_ca363c43,2025.0,S1,biochar,S1_S2,M,3,18.0,VWC_3_raw_S1_M
irrigation,32.49,2025-05-29 17:59:48.000000000,2025-05-28_S1_S2_ca363c43,2025.0,S1,biochar,S1_S2,B,1,6.0,VWC_1_raw_S1_B
irrigation,37.95,2025-05-29 10:59:48.000000000,2025-05-28_S1_S2_ca363c43,2025.0,S1,biochar,S1_S2,B,2,12.0,VWC_2_raw_S1_B
irrigation,29.98,2025-05-30 03:59:48.000000000,2025-05-28_S1_S2_ca363c43,2025.0,S1,biochar,S1_S2,B,3,18.0,VWC_3_raw_S1_B
irrigation,42.6,2025-06-28 10:45:00.000000000,2025-06-27_S1_S2_ff537961,2025.0,S1,biochar,S1_S2,T,1,6.0,VWC_1_raw_S1_T
irrigation,42.01,2025-06-28 14:15:00.000000000,2025-06-27_S1_S2_ff537961,2025.0,S1,biochar,S1_S2,T,2,12.0,VWC_2_raw_S1_T
irrigation,45.84,2025-06-28 10:00:00.000000000,2025-06-27_S1_S2_ff537961,2025.0,S1,biochar,S1_S2,T,3,18.0,VWC_3_raw_S1_T
irrigation,41.63,2025-06-28 11:00:00.000000000,2025-06-27_S1_S2_ff537961,2025.0,S1,biochar,S1_S2,M,1,6.0,VWC_1_raw_S1_M
irrigation,39.43,2025-06-28 13:45:00.000000000,2025-06-27_S1_S2_ff537961,2025.0,S1,biochar,S1_S2,M,2,12.0,VWC_2_raw_S1_M
irrigation,41.98,2025-06-28 14:30:00.000000000,2025-06-27_S1_S2_ff537961,2025.0,S1,biochar,S1_S2,M,3,18.0,VWC_3_raw_S1_M
irrigation,39.15,2025-06-28 08:45:00.000000000,2025-06-27_S1_S2_ff537961,2025.0,S1,biochar,S1_S2,B,2,12.0,VWC_2_raw_S1_B
irrigation,27.63,2025-06-28 10:45:00.000000000,2025-06-27_S1_S2_ff537961,2025.0,S1,biochar,S1_S2,B,3,18.0,VWC_3_raw_S1_B
irrigation,42.17,2025-07-26 23:30:00.000000000,2025-07-26_S1_S2_98e2053f,2025.0,S1,biochar,S1_S2,T,1,6.0,VWC_1_raw_S1_T
irrigation,40.43,2025-07-26 23:00:00.000000000,2025-07-26_S1_S2_98e2053f,2025.0,S1,biochar,S1_S2,T,2,12.0,VWC_2_raw_S1_T
irrigation,44.48,2025-07-26 20:30:00.000000000,2025-07-26_S1_S2_98e2053f,2025.0,S1,biochar,S1_S2,T,3,18.0,VWC_3_raw_S1_T
irrigation,36.39,2025-07-27 08:15:00.000000000,2025-07-26_S1_S2_98e2053f,2025.0,S1,biochar,S1_S2,M,1,6.0,VWC_1_raw_S1_M
irrigation,35.03,2025-07-27 03:15:00.000000000,2025-07-26_S1_S2_98e2053f,2025.0,S1,biochar,S1_S2,M,2,12.0,VWC_2_raw_S1_M
irrigation,39.36,2025-07-27 03:15:00.000000000,2025-07-26_S1_S2_98e2053f,2025.0,S1,biochar,S1_S2,M,3,18.0,VWC_3_raw_S1_M
irrigation,30.81,2025-07-27 03:45:00.000000000,2025-07-26_S1_S2_98e2053f,2025.0,S1,biochar,S1_S2,B,1,6.0,VWC_1_raw_S1_B
irrigation,35.53,2025-07-26 22:45:00.000000000,2025-07-26_S1_S2_98e2053f,2025.0,S1,biochar,S1_S2,B,2,12.0,VWC_2_raw_S1_B
irrigation,28.23,2025-07-27 09:45:00.000000000,2025-07-26_S1_S2_98e2053f,2025.0,S1,biochar,S1_S2,B,3,18.0,VWC_3_raw_S1_B
irrigation,41.29,2025-08-23 01:29:48.000000000,2025-08-22_S1_S2_9f8675d7,2025.0,S1,biochar,S1_S2,T,1,6.0,VWC_1_raw_S1_T
irrigation,36.92,2025-08-23 02:14:48.000000000,2025-08-22_S1_S2_9f8675d7,2025.0,S1,biochar,S1_S2,T,2,12.0,VWC_2_raw_S1_T
irrigation,40.11,2025-08-23 03:44:48.000000000,2025-08-22_S1_S2_9f8675d7,2025.0,S1,biochar,S1_S2,T,3,18.0,VWC_3_raw_S1_T
irrigation,35.55,2025-08-23 06:44:48.000000000,2025-08-22_S1_S2_9f8675d7,2025.0,S1,biochar,S1_S2,M,1,6.0,VWC_1_raw_S1_M
irrigation,33.9,2025-08-23 07:14:48.000000000,2025-08-22_S1_S2_9f8675d7,2025.0,S1,biochar,S1_S2,M,2,12.0,VWC_2_raw_S1_M
irrigation,38.48,2025-08-23 03:44:48.000000000,2025-08-22_S1_S2_9f8675d7,2025.0,S1,biochar,S1_S2,M,3,18.0,VWC_3_raw_S1_M
irrigation,33.68,2025-08-23 05:29:48.000000000,2025-08-22_S1_S2_9f8675d7,2025.0,S1,biochar,S1_S2,B,1,6.0,VWC_1_raw_S1_B
irrigation,32.97,2025-08-23 10:44:48.000000000,2025-08-22_S1_S2_9f8675d7,2025.0,S1,biochar,S1_S2,B,2,12.0,VWC_2_raw_S1_B
irrigation,14.5,2025-08-23 14:14:48.000000000,2025-08-22_S1_S2_9f8675d7,2025.0,S1,biochar,S1_S2,B,3,18.0,VWC_3_raw_S1_B
irrigation,40.08,2025-09-20 22:00:00.000000000,2025-09-20_S1_S2_81d8ab0f,2025.0,S1,biochar,S1_S2,T,1,6.0,VWC_1_raw_S1_T
irrigation,37.64,2025-09-20 21:30:00.000000000,2025-09-20_S1_S2_81d8ab0f,2025.0,S1,biochar,S1_S2,T,2,12.0,VWC_2_raw_S1_T
irrigation,38.83,2025-09-21 00:45:00.000000000,2025-09-20_S1_S2_81d8ab0f,2025.0,S1,biochar,S1_S2,T,3,18.0,VWC_3_raw_S1_T
irrigation,35.06,2025-09-21 07:00:00.000000000,2025-09-20_S1_S2_81d8ab0f,2025.0,S1,biochar,S1_S2,M,1,6.0,VWC_1_raw_S1_M
irrigation,32.68,2025-09-21 07:45:00.000000000,2025-09-20_S1_S2_81d8ab0f,2025.0,S1,biochar,S1_S2,M,2,12.0,VWC_2_raw_S1_M
irrigation,40.57,2025-09-20 19:30:00.000000000,2025-09-20_S1_S2_81d8ab0f,2025.0,S1,biochar,S1_S2,M,3,18.0,VWC_3_raw_S1_M
irrigation,30.36,2025-09-21 01:15:00.000000000,2025-09-20_S1_S2_81d8ab0f,2025.0,S1,biochar,S1_S2,B,1,6.0,VWC_1_raw_S1_B
irrigation,32.45,2025-09-21 07:00:00.000000000,2025-09-20_S1_S2_81d8ab0f,2025.0,S1,biochar,S1_S2,B,2,12.0,VWC_2_raw_S1_B
irrigation,21.08,2025-09-21 00:45:00.000000000,2025-09-20_S1_S2_81d8ab0f,2025.0,S1,biochar,S1_S2,B,3,18.0,VWC_3_raw_S1_B
irrigation,40.19,2025-04-21 08:00:00.000000000,2025-04-20_S1_S2_f3457ada,2025.0,S2,control,S1_S2,M,1,6.0,VWC_1_raw_S2_M
irrigation,37.55,2025-04-21 12:15:00.000000000,2025-04-20_S1_S2_f3457ada,2025.0,S2,control,S1_S2,M,2,12.0,VWC_2_raw_S2_M
irrigation,43.61,2025-04-21 08:15:00.000000000,2025-04-20_S1_S2_f3457ada,2025.0,S2,control,S1_S2,M,3,18.0,VWC_3_raw_S2_M
irrigation,39.46,2025-04-21 08:15:00.000000000,2025-04-20_S1_S2_f3457ada,2025.0,S2,control,S1_S2,B,1,6.0,VWC_1_raw_S2_B
irrigation,35.35,2025-04-21 08:30:00.000000000,2025-04-20_S1_S2_f3457ada,2025.0,S2,control,S1_S2,B,2,12.0,VWC_2_raw_S2_B
irrigation,39.5,2025-04-21 08:30:00.000000000,2025-04-20_S1_S2_f3457ada,2025.0,S2,control,S1_S2,B,3,18.0,VWC_3_raw_S2_B
irrigation,38.74,2025-05-17 11:00:05.000000000,2025-05-16_S1_S2_799859ac,2025.0,S2,control,S1_S2,M,1,6.0,VWC_1_raw_S2_M
irrigation,34.07,2025-05-17 20:30:05.000000000,2025-05-16_S1_S2_799859ac,2025.0,S2,control,S1_S2,M,2,12.0,VWC_2_raw_S2_M
irrigation,37.01,2025-05-17 19:45:05.000000000,2025-05-16_S1_S2_799859ac,2025.0,S2,control,S1_S2,M,3,18.0,VWC_3_raw_S2_M
irrigation,37.72,2025-05-17 11:45:05.000000000,2025-05-16_S1_S2_799859ac,2025.0,S2,control,S1_S2,B,1,6.0,VWC_1_raw_S2_B
irrigation,33.4,2025-05-17 11:45:05.000000000,2025-05-16_S1_S2_799859ac,2025.0,S2,control,S1_S2,B,2,12.0,VWC_2_raw_S2_B
irrigation,40.32,2025-05-17 11:30:05.000000000,2025-05-16_S1_S2_799859ac,2025.0,S2,control,S1_S2,B,3,18.0,VWC_3_raw_S2_B
irrigation,39.29,2025-05-29 11:14:48.000000000,2025-05-28_S1_S2_ca363c43,2025.0,S2,control,S1_S2,M,1,6.0,VWC_1_raw_S2_M
irrigation,35.73,2025-05-29 18:44:48.000000000,2025-05-28_S1_S2_ca363c43,2025.0,S2,control,S1_S2,M,2,12.0,VWC_2_raw_S2_M
irrigation,45.63,2025-05-29 10:14:48.000000000,2025-05-28_S1_S2_ca363c43,2025.0,S2,control,S1_S2,M,3,18.0,VWC_3_raw_S2_M
irrigation,31.87,2025-05-30 03:59:48.000000000,2025-05-28_S1_S2_ca363c43,2025.0,S2,control,S1_S2,B,1,6.0,VWC_1_raw_S2_B
irrigation,34.78,2025-05-29 13:44:48.000000000,2025-05-28_S1_S2_ca363c43,2025.0,S2,control,S1_S2,B,2,12.0,VWC_2_raw_S2_B
irrigation,40.57,2025-05-29 10:29:48.000000000,2025-05-28_S1_S2_ca363c43,2025.0,S2,control,S1_S2,B,3,18.0,VWC_3_raw_S2_B
irrigation,41.48,2025-06-28 08:45:00.000000000,2025-06-27_S1_S2_ff537961,2025.0,S2,control,S1_S2,M,1,6.0,VWC_1_raw_S2_M
irrigation,42.03,2025-06-28 09:45:00.000000000,2025-06-27_S1_S2_ff537961,2025.0,S2,control,S1_S2,M,2,12.0,VWC_2_raw_S2_M
irrigation,46.99,2025-06-28 13:00:00.000000000,2025-06-27_S1_S2_ff537961,2025.0,S2,control,S1_S2,M,3,18.0,VWC_3_raw_S2_M
irrigation,39.57,2025-06-28 08:45:00.000000000,2025-06-27_S1_S2_ff537961,2025.0,S2,control,S1_S2,B,1,6.0,VWC_1_raw_S2_B
irrigation,35.3,2025-06-28 15:30:00.000000000,2025-06-27_S1_S2_ff537961,2025.0,S2,control,S1_S2,B,2,12.0,VWC_2_raw_S2_B
irrigation,42.4,2025-06-28 12:00:00.000000000,2025-06-27_S1_S2_ff537961,2025.0,S2,control,S1_S2,B,3,18.0,VWC_3_raw_S2_B
irrigation,40.28,2025-07-26 21:30:00.000000000,2025-07-26_S1_S2_98e2053f,2025.0,S2,control,S1_S2,M,1,6.0,VWC_1_raw_S2_M
irrigation,35.9,2025-07-27 08:30:00.000000000,2025-07-26_S1_S2_98e2053f,2025.0,S2,control,S1_S2,M,2,12.0,VWC_2_raw_S2_M
irrigation,39.54,2025-07-27 02:30:00.000000000,2025-07-26_S1_S2_98e2053f,2025.0,S2,control,S1_S2,M,3,18.0,VWC_3_raw_S2_M
irrigation,38.7,2025-07-27 01:15:00.000000000,2025-07-26_S1_S2_98e2053f,2025.0,S2,control,S1_S2,B,1,6.0,VWC_1_raw_S2_B
irrigation,30.76,2025-07-27 10:30:00.000000000,2025-07-26_S1_S2_98e2053f,2025.0,S2,control,S1_S2,B,2,12.0,VWC_2_raw_S2_B
irrigation,39.66,2025-07-26 20:30:00.000000000,2025-07-26_S1_S2_98e2053f,2025.0,S2,control,S1_S2,B,3,18.0,VWC_3_raw_S2_B
irrigation,39.1,2025-08-22 22:59:48.000000000,2025-08-22_S1_S2_9f8675d7,2025.0,S2,control,S1_S2,M,1,6.0,VWC_1_raw_S2_M
irrigation,38.87,2025-08-22 22:59:48.000000000,2025-08-22_S1_S2_9f8675d7,2025.0,S2,control,S1_S2,M,2,12.0,VWC_2_raw_S2_M
irrigation,37.83,2025-08-23 07:44:48.000000000,2025-08-22_S1_S2_9f8675d7,2025.0,S2,control,S1_S2,M,3,18.0,VWC_3_raw_S2_M
irrigation,31.5,2025-08-23 09:29:48.000000000,2025-08-22_S1_S2_9f8675d7,2025.0,S2,control,S1_S2,B,1,6.0,VWC_1_raw_S2_B
irrigation,29.65,2025-08-23 07:59:48.000000000,2025-08-22_S1_S2_9f8675d7,2025.0,S2,control,S1_S2,B,2,12.0,VWC_2_raw_S2_B
irrigation,35.26,2025-08-23 02:14:48.000000000,2025-08-22_S1_S2_9f8675d7,2025.0,S2,control,S1_S2,B,3,18.0,VWC_3_raw_S2_B
irrigation,38.22,2025-09-20 18:30:00.000000000,2025-09-20_S1_S2_81d8ab0f,2025.0,S2,control,S1_S2,M,1,6.0,VWC_1_raw_S2_M
irrigation,34.52,2025-09-21 06:45:00.000000000,2025-09-20_S1_S2_81d8ab0f,2025.0,S2,control,S1_S2,M,2,12.0,VWC_2_raw_S2_M
irrigation,38.01,2025-09-21 04:30:00.000000000,2025-09-20_S1_S2_81d8ab0f,2025.0,S2,control,S1_S2,M,3,18.0,VWC_3_raw_S2_M
irrigation,30.32,2025-09-21 09:30:00.000000000,2025-09-20_S1_S2_81d8ab0f,2025.0,S2,control,S1_S2,B,1,6.0,VWC_1_raw_S2_B
irrigation,28.31,2025-09-21 04:30:00.000000000,2025-09-20_S1_S2_81d8ab0f,2025.0,S2,control,S1_S2,B,2,12.0,VWC_2_raw_S2_B
irrigation,36.33,2025-09-21 03:15:00.000000000,2025-09-20_S1_S2_81d8ab0f,2025.0,S2,control,S1_S2,B,3,18.0,VWC_3_raw_S2_B
irrigation,40.08,2025-04-21 08:30:00.000000000,2025-04-20_S3_S4_ead0e049,2025.0,S3,biochar,S3_S4,T,1,6.0,VWC_1_raw_S3_T
irrigation,34.74,2025-04-21 00:00:00.000000000,2025-04-20_S3_S4_ead0e049,2025.0,S3,biochar,S3_S4,T,2,12.0,VWC_2_raw_S3_T
irrigation,43.99,2025-04-21 08:15:00.000000000,2025-04-20_S3_S4_ead0e049,2025.0,S3,biochar,S3_S4,T,3,18.0,VWC_3_raw_S3_T
irrigation,35.4,2025-04-20 16:00:00.000000000,2025-04-20_S3_S4_ead0e049,2025.0,S3,biochar,S3_S4,B,1,6.0,VWC_1_raw_S3_B
irrigation,33.31,2025-04-21 06:15:00.000000000,2025-04-20_S3_S4_ead0e049,2025.0,S3,biochar,S3_S4,B,2,12.0,VWC_2_raw_S3_B
irrigation,30.91,2025-04-20 14:00:00.000000000,2025-04-20_S3_S4_ead0e049,2025.0,S3,biochar,S3_S4,B,3,18.0,VWC_3_raw_S3_B
irrigation,40.28,2025-05-03 10:44:49.999999999,2025-05-02_S3_S4_3cb33cbf,2025.0,S3,biochar,S3_S4,T,1,6.0,VWC_1_raw_S3_T
irrigation,33.66,2025-05-03 21:29:50.000000000,2025-05-02_S3_S4_3cb33cbf,2025.0,S3,biochar,S3_S4,T,2,12.0,VWC_2_raw_S3_T
irrigation,43.41,2025-05-03 12:14:50.000000000,2025-05-02_S3_S4_3cb33cbf,2025.0,S3,biochar,S3_S4,T,3,18.0,VWC_3_raw_S3_T
irrigation,35.29,2025-05-03 07:59:50.000000000,2025-05-02_S3_S4_3cb33cbf,2025.0,S3,biochar,S3_S4,B,1,6.0,VWC_1_raw_S3_B
irrigation,32.92,2025-05-03 07:59:50.000000000,2025-05-02_S3_S4_3cb33cbf,2025.0,S3,biochar,S3_S4,B,2,12.0,VWC_2_raw_S3_B
irrigation,28.96,2025-05-03 04:59:50.000000000,2025-05-02_S3_S4_3cb33cbf,2025.0,S3,biochar,S3_S4,B,3,18.0,VWC_3_raw_S3_B
irrigation,35.37,2025-05-29 06:44:48.000000000,2025-05-28_S3_S4_120d46ab,2025.0,S3,biochar,S3_S4,T,2,12.0,VWC_2_raw_S3_T
irrigation,41.92,2025-05-29 10:29:48.000000000,2025-05-28_S3_S4_120d46ab,2025.0,S3,biochar,S3_S4,T,3,18.0,VWC_3_raw_S3_T
irrigation,35.74,2025-05-29 10:14:48.000000000,2025-05-28_S3_S4_120d46ab,2025.0,S3,biochar,S3_S4,B,1,6.0,VWC_1_raw_S3_B
irrigation,41.06,2025-06-14 01:29:48.000000000,2025-06-13_S3_S4_29345c78,2025.0,S3,biochar,S3_S4,T,1,6.0,VWC_1_raw_S3_T
irrigation,35.78,2025-06-13 18:29:48.000000000,2025-06-13_S3_S4_29345c78,2025.0,S3,biochar,S3_S4,T,2,12.0,VWC_2_raw_S3_T
irrigation,42.34,2025-06-14 01:29:48.000000000,2025-06-13_S3_S4_29345c78,2025.0,S3,biochar,S3_S4,T,3,18.0,VWC_3_raw_S3_T
irrigation,37.13,2025-06-13 22:59:48.000000000,2025-06-13_S3_S4_29345c78,2025.0,S3,biochar,S3_S4,B,1,6.0,VWC_1_raw_S3_B
irrigation,35.55,2025-06-13 21:59:48.000000000,2025-06-13_S3_S4_29345c78,2025.0,S3,biochar,S3_S4,B,2,12.0,VWC_2_raw_S3_B
irrigation,37.05,2025-06-14 00:29:48.000000000,2025-06-13_S3_S4_29345c78,2025.0,S3,biochar,S3_S4,B,3,18.0,VWC_3_raw_S3_B
irrigation,40.64,2025-06-29 00:15:12.000000000,2025-06-28_S3_S4_d9252a87,2025.0,S3,biochar,S3_S4,T,1,6.0,VWC_1_raw_S3_T
irrigation,35.08,2025-06-28 19:30:12.000000000,2025-06-28_S3_S4_d9252a87,2025.0,S3,biochar,S3_S4,T,2,12.0,VWC_2_raw_S3_T
irrigation,40.85,2025-06-29 01:30:12.000000000,2025-06-28_S3_S4_d9252a87,2025.0,S3,biochar,S3_S4,T,3,18.0,VWC_3_raw_S3_T
irrigation,35.8,2025-06-28 22:15:12.000000000,2025-06-28_S3_S4_d9252a87,2025.0,S3,biochar,S3_S4,B,1,6.0,VWC_1_raw_S3_B
irrigation,40.88,2025-07-12 01:15:00.000000000,2025-07-11_S3_S4_e179d57e,2025.0,S3,biochar,S3_S4,T,1,6.0,VWC_1_raw_S3_T
irrigation,35.31,2025-07-12 00:15:00.000000000,2025-07-11_S3_S4_e179d57e,2025.0,S3,biochar,S3_S4,T,2,12.0,VWC_2_raw_S3_T
irrigation,43.72,2025-07-11 21:15:00.000000000,2025-07-11_S3_S4_e179d57e,2025.0,S3,biochar,S3_S4,T,3,18.0,VWC_3_raw_S3_T
irrigation,36.83,2025-07-11 22:30:00.000000000,2025-07-11_S3_S4_e179d57e,2025.0,S3,biochar,S3_S4,B,1,6.0,VWC_1_raw_S3_B
irrigation,36.04,2025-07-11 22:15:00.000000000,2025-07-11_S3_S4_e179d57e,2025.0,S3,biochar,S3_S4,B,2,12.0,VWC_2_raw_S3_B
irrigation,37.38,2025-07-11 23:15:00.000000000,2025-07-11_S3_S4_e179d57e,2025.0,S3,biochar,S3_S4,B,3,18.0,VWC_3_raw_S3_B
irrigation,40.61,2025-07-26 23:45:00.000000000,2025-07-26_S3_S4_b4053dcf,2025.0,S3,biochar,S3_S4,T,1,6.0,VWC_1_raw_S3_T
irrigation,34.99,2025-07-26 21:30:00.000000000,2025-07-26_S3_S4_b4053dcf,2025.0,S3,biochar,S3_S4,T,2,12.0,VWC_2_raw_S3_T
irrigation,40.89,2025-07-27 01:15:00.000000000,2025-07-26_S3_S4_b4053dcf,2025.0,S3,biochar,S3_S4,T,3,18.0,VWC_3_raw_S3_T
irrigation,34.62,2025-07-26 18:45:00.000000000,2025-07-26_S3_S4_b4053dcf,2025.0,S3,biochar,S3_S4,B,1,6.0,VWC_1_raw_S3_B
irrigation,31.41,2025-07-26 23:30:00.000000000,2025-07-26_S3_S4_b4053dcf,2025.0,S3,biochar,S3_S4,B,2,12.0,VWC_2_raw_S3_B
irrigation,31.06,2025-07-27 02:45:00.000000000,2025-07-26_S3_S4_b4053dcf,2025.0,S3,biochar,S3_S4,B,3,18.0,VWC_3_raw_S3_B
irrigation,40.3,2025-08-09 03:15:12.000000000,2025-08-08_S3_S4_7c793582,2025.0,S3,biochar,S3_S4,T,1,6.0,VWC_1_raw_S3_T
irrigation,25.28,2025-08-09 15:00:12.000000000,2025-08-08_S3_S4_7c793582,2025.0,S3,biochar,S3_S4,T,2,12.0,VWC_2_raw_S3_T
irrigation,34.16,2025-08-08 21:15:12.000000000,2025-08-08_S3_S4_7c793582,2025.0,S3,biochar,S3_S4,B,1,6.0,VWC_1_raw_S3_B
irrigation,32.35,2025-08-08 20:15:12.000000000,2025-08-08_S3_S4_7c793582,2025.0,S3,biochar,S3_S4,B,2,12.0,VWC_2_raw_S3_B
irrigation,28.85,2025-08-09 04:30:12.000000000,2025-08-08_S3_S4_7c793582,2025.0,S3,biochar,S3_S4,B,3,18.0,VWC_3_raw_S3_B
irrigation,40.08,2025-08-22 23:29:48.000000000,2025-08-22_S3_S4_1b405e4b,2025.0,S3,biochar,S3_S4,T,1,6.0,VWC_1_raw_S3_T
irrigation,25.04,2025-08-23 09:14:48.000000000,2025-08-22_S3_S4_1b405e4b,2025.0,S3,biochar,S3_S4,T,2,12.0,VWC_2_raw_S3_T
irrigation,43.01,2025-08-23 04:44:48.000000000,2025-08-22_S3_S4_1b405e4b,2025.0,S3,biochar,S3_S4,T,3,18.0,VWC_3_raw_S3_T
irrigation,30.75,2025-08-23 03:59:48.000000000,2025-08-22_S3_S4_1b405e4b,2025.0,S3,biochar,S3_S4,B,1,6.0,VWC_1_raw_S3_B
irrigation,26.67,2025-08-23 06:59:48.000000000,2025-08-22_S3_S4_1b405e4b,2025.0,S3,biochar,S3_S4,B,2,12.0,VWC_2_raw_S3_B
irrigation,21.41,2025-08-22 23:59:48.000000000,2025-08-22_S3_S4_1b405e4b,2025.0,S3,biochar,S3_S4,B,3,18.0,VWC_3_raw_S3_B
irrigation,38.68,2025-09-20 21:30:00.000000000,2025-09-20_S3_S4_f86ee2c5,2025.0,S3,biochar,S3_S4,T,1,6.0,VWC_1_raw_S3_T
irrigation,36.71,2025-09-21 12:15:00.000000000,2025-09-20_S3_S4_f86ee2c5,2025.0,S3,biochar,S3_S4,T,2,12.0,VWC_2_raw_S3_T
irrigation,45.75,2025-09-21 10:15:00.000000000,2025-09-20_S3_S4_f86ee2c5,2025.0,S3,biochar,S3_S4,T,3,18.0,VWC_3_raw_S3_T
irrigation,33.39,2025-09-20 19:30:00.000000000,2025-09-20_S3_S4_f86ee2c5,2025.0,S3,biochar,S3_S4,B,1,6.0,VWC_1_raw_S3_B
irrigation,29.21,2025-09-21 11:45:00.000000000,2025-09-20_S3_S4_f86ee2c5,2025.0,S3,biochar,S3_S4,B,2,12.0,VWC_2_raw_S3_B
irrigation,32.02,2025-09-21 05:45:00.000000000,2025-09-20_S3_S4_f86ee2c5,2025.0,S3,biochar,S3_S4,B,3,18.0,VWC_3_raw_S3_B
irrigation,36.93,2025-10-05 06:00:00.000000000,2025-10-04_S3_S4_4439230e,2025.0,S3,biochar,S3_S4,T,1,6.0,VWC_1_raw_S3_T
irrigation,47.5,2025-10-05 03:15:00.000000000,2025-10-04_S3_S4_4439230e,2025.0,S3,biochar,S3_S4,T,3,18.0,VWC_3_raw_S3_T
irrigation,34.01,2025-10-04 18:30:00.000000000,2025-10-04_S3_S4_4439230e,2025.0,S3,biochar,S3_S4,B,1,6.0,VWC_1_raw_S3_B
irrigation,32.77,2025-10-04 19:00:00.000000000,2025-10-04_S3_S4_4439230e,2025.0,S3,biochar,S3_S4,B,2,12.0,VWC_2_raw_S3_B
irrigation,28.87,2025-10-05 02:00:00.000000000,2025-10-04_S3_S4_4439230e,2025.0,S3,biochar,S3_S4,B,3,18.0,VWC_3_raw_S3_B
irrigation,43.03,2025-04-21 08:00:00.000000000,2025-04-20_S3_S4_ead0e049,2025.0,S4,control,S3_S4,T,1,6.0,VWC_1_raw_S4_T
irrigation,38.26,2025-04-21 08:30:00.000000000,2025-04-20_S3_S4_ead0e049,2025.0,S4,control,S3_S4,T,2,12.0,VWC_2_raw_S4_T
irrigation,39.84,2025-04-21 08:30:00.000000000,2025-04-20_S3_S4_ead0e049,2025.0,S4,control,S3_S4,T,3,18.0,VWC_3_raw_S4_T
irrigation,39.25,2025-04-21 02:45:00.000000000,2025-04-20_S3_S4_ead0e049,2025.0,S4,control,S3_S4,M,1,6.0,VWC_1_raw_S4_M
irrigation,33.0,2025-04-21 04:00:00.000000000,2025-04-20_S3_S4_ead0e049,2025.0,S4,control,S3_S4,M,2,12.0,VWC_2_raw_S4_M
irrigation,33.32,2025-04-21 08:15:00.000000000,2025-04-20_S3_S4_ead0e049,2025.0,S4,control,S3_S4,M,3,18.0,VWC_3_raw_S4_M
irrigation,34.48,2025-04-20 20:00:00.000000000,2025-04-20_S3_S4_ead0e049,2025.0,S4,control,S3_S4,B,1,6.0,VWC_1_raw_S4_B
irrigation,36.14,2025-04-20 22:30:00.000000000,2025-04-20_S3_S4_ead0e049,2025.0,S4,control,S3_S4,B,2,12.0,VWC_2_raw_S4_B
irrigation,38.94,2025-04-21 03:00:00.000000000,2025-04-20_S3_S4_ead0e049,2025.0,S4,control,S3_S4,B,3,18.0,VWC_3_raw_S4_B
irrigation,35.02,2025-05-03 14:29:50.000000000,2025-05-02_S3_S4_3cb33cbf,2025.0,S4,control,S3_S4,T,1,6.0,VWC_1_raw_S4_T
irrigation,35.29,2025-05-03 20:44:49.999999999,2025-05-02_S3_S4_3cb33cbf,2025.0,S4,control,S3_S4,T,2,12.0,VWC_2_raw_S4_T
irrigation,34.07,2025-05-03 19:44:49.999999999,2025-05-02_S3_S4_3cb33cbf,2025.0,S4,control,S3_S4,T,3,18.0,VWC_3_raw_S4_T
irrigation,32.83,2025-05-03 23:29:50.000000000,2025-05-02_S3_S4_3cb33cbf,2025.0,S4,control,S3_S4,M,1,6.0,VWC_1_raw_S4_M
irrigation,27.29,2025-05-04 01:29:50.000000000,2025-05-02_S3_S4_3cb33cbf,2025.0,S4,control,S3_S4,M,2,12.0,VWC_2_raw_S4_M
irrigation,29.3,2025-05-03 17:44:49.999999999,2025-05-02_S3_S4_3cb33cbf,2025.0,S4,control,S3_S4,M,3,18.0,VWC_3_raw_S4_M
irrigation,34.88,2025-05-03 08:14:50.000000000,2025-05-02_S3_S4_3cb33cbf,2025.0,S4,control,S3_S4,B,1,6.0,VWC_1_raw_S4_B
irrigation,34.46,2025-05-03 16:59:50.000000000,2025-05-02_S3_S4_3cb33cbf,2025.0,S4,control,S3_S4,B,2,12.0,VWC_2_raw_S4_B
irrigation,38.22,2025-05-03 14:59:50.000000000,2025-05-02_S3_S4_3cb33cbf,2025.0,S4,control,S3_S4,B,3,18.0,VWC_3_raw_S4_B
irrigation,35.68,2025-05-29 14:14:48.000000000,2025-05-28_S3_S4_120d46ab,2025.0,S4,control,S3_S4,T,1,6.0,VWC_1_raw_S4_T
irrigation,35.19,2025-05-29 19:59:48.000000000,2025-05-28_S3_S4_120d46ab,2025.0,S4,control,S3_S4,T,2,12.0,VWC_2_raw_S4_T
irrigation,35.02,2025-05-29 18:59:48.000000000,2025-05-28_S3_S4_120d46ab,2025.0,S4,control,S3_S4,T,3,18.0,VWC_3_raw_S4_T
irrigation,39.0,2025-05-29 16:44:48.000000000,2025-05-28_S3_S4_120d46ab,2025.0,S4,control,S3_S4,M,2,12.0,VWC_2_raw_S4_M
irrigation,36.84,2025-05-29 07:59:48.000000000,2025-05-28_S3_S4_120d46ab,2025.0,S4,control,S3_S4,M,3,18.0,VWC_3_raw_S4_M
irrigation,40.81,2025-05-29 05:59:48.000000000,2025-05-28_S3_S4_120d46ab,2025.0,S4,control,S3_S4,B,2,12.0,VWC_2_raw_S4_B
irrigation,41.85,2025-06-13 14:59:48.000000000,2025-06-13_S3_S4_29345c78,2025.0,S4,control,S3_S4,T,1,6.0,VWC_1_raw_S4_T
irrigation,39.3,2025-06-13 19:44:48.000000000,2025-06-13_S3_S4_29345c78,2025.0,S4,control,S3_S4,T,2,12.0,VWC_2_raw_S4_T
irrigation,35.89,2025-06-14 01:59:48.000000000,2025-06-13_S3_S4_29345c78,2025.0,S4,control,S3_S4,T,3,18.0,VWC_3_raw_S4_T
irrigation,36.11,2025-06-14 01:44:48.000000000,2025-06-13_S3_S4_29345c78,2025.0,S4,control,S3_S4,M,1,6.0,VWC_1_raw_S4_M
irrigation,28.95,2025-06-14 01:44:48.000000000,2025-06-13_S3_S4_29345c78,2025.0,S4,control,S3_S4,M,2,12.0,VWC_2_raw_S4_M
irrigation,30.67,2025-06-14 09:14:48.000000000,2025-06-13_S3_S4_29345c78,2025.0,S4,control,S3_S4,M,3,18.0,VWC_3_raw_S4_M
irrigation,41.98,2025-06-13 23:59:48.000000000,2025-06-13_S3_S4_29345c78,2025.0,S4,control,S3_S4,B,1,6.0,VWC_1_raw_S4_B
irrigation,38.25,2025-06-14 12:14:48.000000000,2025-06-13_S3_S4_29345c78,2025.0,S4,control,S3_S4,B,2,12.0,VWC_2_raw_S4_B
irrigation,41.68,2025-06-14 05:44:48.000000000,2025-06-13_S3_S4_29345c78,2025.0,S4,control,S3_S4,B,3,18.0,VWC_3_raw_S4_B
irrigation,41.01,2025-06-28 16:15:12.000000000,2025-06-28_S3_S4_d9252a87,2025.0,S4,control,S3_S4,T,1,6.0,VWC_1_raw_S4_T
irrigation,38.12,2025-06-28 18:45:12.000000000,2025-06-28_S3_S4_d9252a87,2025.0,S4,control,S3_S4,T,2,12.0,VWC_2_raw_S4_T
irrigation,36.08,2025-06-29 01:45:12.000000000,2025-06-28_S3_S4_d9252a87,2025.0,S4,control,S3_S4,T,3,18.0,VWC_3_raw_S4_T
irrigation,35.93,2025-06-29 11:15:12.000000000,2025-06-28_S3_S4_d9252a87,2025.0,S4,control,S3_S4,M,1,6.0,VWC_1_raw_S4_M
irrigation,34.12,2025-06-29 06:15:12.000000000,2025-06-28_S3_S4_d9252a87,2025.0,S4,control,S3_S4,M,2,12.0,VWC_2_raw_S4_M
irrigation,37.64,2025-06-28 19:45:12.000000000,2025-06-28_S3_S4_d9252a87,2025.0,S4,control,S3_S4,M,3,18.0,VWC_3_raw_S4_M
irrigation,45.53,2025-06-29 01:45:12.000000000,2025-06-28_S3_S4_d9252a87,2025.0,S4,control,S3_S4,B,1,6.0,VWC_1_raw_S4_B
irrigation,39.07,2025-06-29 03:15:12.000000000,2025-06-28_S3_S4_d9252a87,2025.0,S4,control,S3_S4,B,2,12.0,VWC_2_raw_S4_B
irrigation,34.84,2025-07-12 01:30:00.000000000,2025-07-11_S3_S4_e179d57e,2025.0,S4,control,S3_S4,T,1,6.0,VWC_1_raw_S4_T
irrigation,37.66,2025-07-12 02:00:00.000000000,2025-07-11_S3_S4_e179d57e,2025.0,S4,control,S3_S4,T,2,12.0,VWC_2_raw_S4_T
irrigation,36.31,2025-07-12 04:15:00.000000000,2025-07-11_S3_S4_e179d57e,2025.0,S4,control,S3_S4,T,3,18.0,VWC_3_raw_S4_T
irrigation,37.63,2025-07-12 01:30:00.000000000,2025-07-11_S3_S4_e179d57e,2025.0,S4,control,S3_S4,M,1,6.0,VWC_1_raw_S4_M
irrigation,36.46,2025-07-11 23:30:00.000000000,2025-07-11_S3_S4_e179d57e,2025.0,S4,control,S3_S4,M,2,12.0,VWC_2_raw_S4_M
irrigation,38.2,2025-07-11 19:15:00.000000000,2025-07-11_S3_S4_e179d57e,2025.0,S4,control,S3_S4,M,3,18.0,VWC_3_raw_S4_M
irrigation,43.3,2025-07-12 01:00:00.000000000,2025-07-11_S3_S4_e179d57e,2025.0,S4,control,S3_S4,B,1,6.0,VWC_1_raw_S4_B
irrigation,39.17,2025-07-12 08:00:00.000000000,2025-07-11_S3_S4_e179d57e,2025.0,S4,control,S3_S4,B,2,12.0,VWC_2_raw_S4_B
irrigation,40.86,2025-07-12 07:00:00.000000000,2025-07-11_S3_S4_e179d57e,2025.0,S4,control,S3_S4,B,3,18.0,VWC_3_raw_S4_B
irrigation,35.37,2025-07-27 00:15:00.000000000,2025-07-26_S3_S4_b4053dcf,2025.0,S4,control,S3_S4,T,1,6.0,VWC_1_raw_S4_T
irrigation,36.51,2025-07-26 23:30:00.000000000,2025-07-26_S3_S4_b4053dcf,2025.0,S4,control,S3_S4,T,2,12.0,VWC_2_raw_S4_T
irrigation,35.52,2025-07-27 02:00:00.000000000,2025-07-26_S3_S4_b4053dcf,2025.0,S4,control,S3_S4,T,3,18.0,VWC_3_raw_S4_T
irrigation,33.66,2025-07-27 08:45:00.000000000,2025-07-26_S3_S4_b4053dcf,2025.0,S4,control,S3_S4,M,1,6.0,VWC_1_raw_S4_M
irrigation,26.2,2025-07-27 08:00:00.000000000,2025-07-26_S3_S4_b4053dcf,2025.0,S4,control,S3_S4,M,2,12.0,VWC_2_raw_S4_M
irrigation,30.6,2025-07-27 01:15:00.000000000,2025-07-26_S3_S4_b4053dcf,2025.0,S4,control,S3_S4,M,3,18.0,VWC_3_raw_S4_M
irrigation,43.77,2025-07-26 22:15:00.000000000,2025-07-26_S3_S4_b4053dcf,2025.0,S4,control,S3_S4,B,1,6.0,VWC_1_raw_S4_B
irrigation,38.35,2025-07-27 07:00:00.000000000,2025-07-26_S3_S4_b4053dcf,2025.0,S4,control,S3_S4,B,2,12.0,VWC_2_raw_S4_B
irrigation,40.45,2025-07-27 01:30:00.000000000,2025-07-26_S3_S4_b4053dcf,2025.0,S4,control,S3_S4,B,3,18.0,VWC_3_raw_S4_B
irrigation,35.2,2025-08-09 02:15:12.000000000,2025-08-08_S3_S4_7c793582,2025.0,S4,control,S3_S4,T,1,6.0,VWC_1_raw_S4_T
irrigation,36.09,2025-08-09 03:15:12.000000000,2025-08-08_S3_S4_7c793582,2025.0,S4,control,S3_S4,T,2,12.0,VWC_2_raw_S4_T
irrigation,34.84,2025-08-09 07:45:12.000000000,2025-08-08_S3_S4_7c793582,2025.0,S4,control,S3_S4,T,3,18.0,VWC_3_raw_S4_T
irrigation,34.38,2025-08-09 02:15:12.000000000,2025-08-08_S3_S4_7c793582,2025.0,S4,control,S3_S4,M,1,6.0,VWC_1_raw_S4_M
irrigation,29.32,2025-08-09 02:00:12.000000000,2025-08-08_S3_S4_7c793582,2025.0,S4,control,S3_S4,M,2,12.0,VWC_2_raw_S4_M
irrigation,31.92,2025-08-09 04:45:12.000000000,2025-08-08_S3_S4_7c793582,2025.0,S4,control,S3_S4,M,3,18.0,VWC_3_raw_S4_M
irrigation,39.22,2025-08-09 01:45:12.000000000,2025-08-08_S3_S4_7c793582,2025.0,S4,control,S3_S4,B,1,6.0,VWC_1_raw_S4_B
irrigation,35.98,2025-08-09 04:15:12.000000000,2025-08-08_S3_S4_7c793582,2025.0,S4,control,S3_S4,B,2,12.0,VWC_2_raw_S4_B
irrigation,39.29,2025-08-08 22:15:12.000000000,2025-08-08_S3_S4_7c793582,2025.0,S4,control,S3_S4,B,3,18.0,VWC_3_raw_S4_B
irrigation,34.78,2025-08-23 01:59:48.000000000,2025-08-22_S3_S4_1b405e4b,2025.0,S4,control,S3_S4,T,1,6.0,VWC_1_raw_S4_T
irrigation,35.79,2025-08-23 00:29:48.000000000,2025-08-22_S3_S4_1b405e4b,2025.0,S4,control,S3_S4,T,2,12.0,VWC_2_raw_S4_T
irrigation,34.28,2025-08-23 07:59:48.000000000,2025-08-22_S3_S4_1b405e4b,2025.0,S4,control,S3_S4,T,3,18.0,VWC_3_raw_S4_T
irrigation,32.6,2025-08-23 01:44:48.000000000,2025-08-22_S3_S4_1b405e4b,2025.0,S4,control,S3_S4,M,1,6.0,VWC_1_raw_S4_M
irrigation,26.55,2025-08-23 01:44:48.000000000,2025-08-22_S3_S4_1b405e4b,2025.0,S4,control,S3_S4,M,2,12.0,VWC_2_raw_S4_M
irrigation,27.34,2025-08-23 09:14:48.000000000,2025-08-22_S3_S4_1b405e4b,2025.0,S4,control,S3_S4,M,3,18.0,VWC_3_raw_S4_M
irrigation,25.11,2025-08-23 18:29:48.000000000,2025-08-22_S3_S4_1b405e4b,2025.0,S4,control,S3_S4,B,1,6.0,VWC_1_raw_S4_B
irrigation,33.81,2025-08-22 22:14:48.000000000,2025-08-22_S3_S4_1b405e4b,2025.0,S4,control,S3_S4,B,3,18.0,VWC_3_raw_S4_B
irrigation,34.87,2025-09-21 00:30:00.000000000,2025-09-20_S3_S4_f86ee2c5,2025.0,S4,control,S3_S4,T,1,6.0,VWC_1_raw_S4_T
irrigation,37.5,2025-09-21 00:00:00.000000000,2025-09-20_S3_S4_f86ee2c5,2025.0,S4,control,S3_S4,T,2,12.0,VWC_2_raw_S4_T
irrigation,35.3,2025-09-21 01:00:00.000000000,2025-09-20_S3_S4_f86ee2c5,2025.0,S4,control,S3_S4,T,3,18.0,VWC_3_raw_S4_T
irrigation,30.8,2025-09-21 11:00:00.000000000,2025-09-20_S3_S4_f86ee2c5,2025.0,S4,control,S3_S4,M,1,6.0,VWC_1_raw_S4_M
irrigation,30.02,2025-09-21 00:15:00.000000000,2025-09-20_S3_S4_f86ee2c5,2025.0,S4,control,S3_S4,M,2,12.0,VWC_2_raw_S4_M
irrigation,33.42,2025-09-21 01:00:00.000000000,2025-09-20_S3_S4_f86ee2c5,2025.0,S4,control,S3_S4,M,3,18.0,VWC_3_raw_S4_M
irrigation,42.98,2025-09-21 08:15:00.000000000,2025-09-20_S3_S4_f86ee2c5,2025.0,S4,control,S3_S4,B,1,6.0,VWC_1_raw_S4_B
irrigation,36.3,2025-09-21 06:30:00.000000000,2025-09-20_S3_S4_f86ee2c5,2025.0,S4,control,S3_S4,B,2,12.0,VWC_2_raw_S4_B
irrigation,40.92,2025-09-20 19:45:00.000000000,2025-09-20_S3_S4_f86ee2c5,2025.0,S4,control,S3_S4,B,3,18.0,VWC_3_raw_S4_B
irrigation,41.64,2025-10-04 14:00:00.000000000,2025-10-04_S3_S4_4439230e,2025.0,S4,control,S3_S4,T,1,6.0,VWC_1_raw_S4_T
irrigation,35.34,2025-10-05 04:30:00.000000000,2025-10-04_S3_S4_4439230e,2025.0,S4,control,S3_S4,T,2,12.0,VWC_2_raw_S4_T
irrigation,34.85,2025-10-05 00:45:00.000000000,2025-10-04_S3_S4_4439230e,2025.0,S4,control,S3_S4,T,3,18.0,VWC_3_raw_S4_T
irrigation,31.26,2025-10-05 08:15:00.000000000,2025-10-04_S3_S4_4439230e,2025.0,S4,control,S3_S4,M,1,6.0,VWC_1_raw_S4_M
irrigation,27.3,2025-10-05 08:45:00.000000000,2025-10-04_S3_S4_4439230e,2025.0,S4,control,S3_S4,M,2,12.0,VWC_2_raw_S4_M
irrigation,31.21,2025-10-05 01:00:00.000000000,2025-10-04_S3_S4_4439230e,2025.0,S4,control,S3_S4,M,3,18.0,VWC_3_raw_S4_M
irrigation,41.44,2025-10-05 04:15:00.000000000,2025-10-04_S3_S4_4439230e,2025.0,S4,control,S3_S4,B,1,6.0,VWC_1_raw_S4_B
irrigation,33.89,2025-10-05 02:15:00.000000000,2025-10-04_S3_S4_4439230e,2025.0,S4,control,S3_S4,B,2,12.0,VWC_2_raw_S4_B
irrigation,36.26,2025-10-04 20:30:00.000000000,2025-10-04_S3_S4_4439230e,2025.0,S4,control,S3_S4,B,3,18.0,VWC_3_raw_S4_B
irrigation,40.1,2026-04-22 15:00:00.000000000,2026-04-21_S1_S2_001c30f6,2026.0,S1,biochar,S1_S2,T,1,6.0,VWC_1_raw_S1_T
irrigation,38.53,2026-04-22 16:15:00.000000000,2026-04-21_S1_S2_001c30f6,2026.0,S1,biochar,S1_S2,T,2,12.0,VWC_2_raw_S1_T
irrigation,45.93,2026-04-22 10:15:00.000000000,2026-04-21_S1_S2_001c30f6,2026.0,S1,biochar,S1_S2,T,3,18.0,VWC_3_raw_S1_T
irrigation,39.17,2026-04-22 11:00:00.000000000,2026-04-21_S1_S2_001c30f6,2026.0,S1,biochar,S1_S2,M,1,6.0,VWC_1_raw_S1_M
irrigation,32.79,2026-04-22 20:00:00.000000000,2026-04-21_S1_S2_001c30f6,2026.0,S1,biochar,S1_S2,M,2,12.0,VWC_2_raw_S1_M
irrigation,39.68,2026-04-22 10:00:00.000000000,2026-04-21_S1_S2_001c30f6,2026.0,S1,biochar,S1_S2,M,3,18.0,VWC_3_raw_S1_M
irrigation,29.7,2026-04-22 18:30:00.000000000,2026-04-21_S1_S2_001c30f6,2026.0,S1,biochar,S1_S2,B,1,6.0,VWC_1_raw_S1_B
irrigation,32.63,2026-04-22 22:00:00.000000000,2026-04-21_S1_S2_001c30f6,2026.0,S1,biochar,S1_S2,B,2,12.0,VWC_2_raw_S1_B
irrigation,22.94,2026-04-22 20:15:00.000000000,2026-04-21_S1_S2_001c30f6,2026.0,S1,biochar,S1_S2,B,3,18.0,VWC_3_raw_S1_B
irrigation,41.51,2026-05-21 00:00:12.000000000,2026-05-20_S1_S2_49743b7c,2026.0,S1,biochar,S1_S2,T,1,6.0,VWC_1_raw_S1_T
irrigation,38.54,2026-05-21 01:45:12.000000000,2026-05-20_S1_S2_49743b7c,2026.0,S1,biochar,S1_S2,T,2,12.0,VWC_2_raw_S1_T
irrigation,39.49,2026-05-21 02:15:12.000000000,2026-05-20_S1_S2_49743b7c,2026.0,S1,biochar,S1_S2,T,3,18.0,VWC_3_raw_S1_T
irrigation,36.69,2026-05-21 06:00:12.000000000,2026-05-20_S1_S2_49743b7c,2026.0,S1,biochar,S1_S2,M,1,6.0,VWC_1_raw_S1_M
irrigation,32.34,2026-05-21 02:45:12.000000000,2026-05-20_S1_S2_49743b7c,2026.0,S1,biochar,S1_S2,M,2,12.0,VWC_2_raw_S1_M
irrigation,37.52,2026-05-21 02:00:12.000000000,2026-05-20_S1_S2_49743b7c,2026.0,S1,biochar,S1_S2,M,3,18.0,VWC_3_raw_S1_M
irrigation,30.43,2026-05-21 06:30:12.000000000,2026-05-20_S1_S2_49743b7c,2026.0,S1,biochar,S1_S2,B,1,6.0,VWC_1_raw_S1_B
irrigation,32.51,2026-05-21 03:15:12.000000000,2026-05-20_S1_S2_49743b7c,2026.0,S1,biochar,S1_S2,B,2,12.0,VWC_2_raw_S1_B
irrigation,18.27,2026-05-21 10:45:12.000000000,2026-05-20_S1_S2_49743b7c,2026.0,S1,biochar,S1_S2,B,3,18.0,VWC_3_raw_S1_B
irrigation,41.7,2026-06-20 19:45:00.000000000,2026-06-20_S1_S2_ba82572f,2026.0,S1,biochar,S1_S2,T,1,6.0,VWC_1_raw_S1_T
irrigation,41.23,2026-06-20 22:30:00.000000000,2026-06-20_S1_S2_ba82572f,2026.0,S1,biochar,S1_S2,T,2,12.0,VWC_2_raw_S1_T
irrigation,42.94,2026-06-20 20:45:00.000000000,2026-06-20_S1_S2_ba82572f,2026.0,S1,biochar,S1_S2,T,3,18.0,VWC_3_raw_S1_T
irrigation,37.03,2026-06-21 05:45:00.000000000,2026-06-20_S1_S2_ba82572f,2026.0,S1,biochar,S1_S2,M,1,6.0,VWC_1_raw_S1_M
irrigation,32.89,2026-06-21 00:45:00.000000000,2026-06-20_S1_S2_ba82572f,2026.0,S1,biochar,S1_S2,M,2,12.0,VWC_2_raw_S1_M
irrigation,38.41,2026-06-20 18:15:00.000000000,2026-06-20_S1_S2_ba82572f,2026.0,S1,biochar,S1_S2,M,3,18.0,VWC_3_raw_S1_M
irrigation,32.37,2026-06-21 10:00:00.000000000,2026-06-20_S1_S2_ba82572f,2026.0,S1,biochar,S1_S2,B,1,6.0,VWC_1_raw_S1_B
irrigation,37.63,2026-06-21 02:00:00.000000000,2026-06-20_S1_S2_ba82572f,2026.0,S1,biochar,S1_S2,B,2,12.0,VWC_2_raw_S1_B
irrigation,15.97,2026-06-21 09:00:00.000000000,2026-06-20_S1_S2_ba82572f,2026.0,S1,biochar,S1_S2,B,3,18.0,VWC_3_raw_S1_B
irrigation,40.7,2026-06-28 03:15:12.000000000,2026-06-27_S1_S2_be4e641a,2026.0,S1,biochar,S1_S2,T,1,6.0,VWC_1_raw_S1_T
irrigation,38.93,2026-06-28 03:00:12.000000000,2026-06-27_S1_S2_be4e641a,2026.0,S1,biochar,S1_S2,T,2,12.0,VWC_2_raw_S1_T
irrigation,44.92,2026-06-27 18:15:12.000000000,2026-06-27_S1_S2_be4e641a,2026.0,S1,biochar,S1_S2,T,3,18.0,VWC_3_raw_S1_T
irrigation,36.53,2026-06-28 04:15:12.000000000,2026-06-27_S1_S2_be4e641a,2026.0,S1,biochar,S1_S2,M,1,6.0,VWC_1_raw_S1_M
irrigation,33.93,2026-06-27 23:00:12.000000000,2026-06-27_S1_S2_be4e641a,2026.0,S1,biochar,S1_S2,M,2,12.0,VWC_2_raw_S1_M
irrigation,38.86,2026-06-28 01:45:12.000000000,2026-06-27_S1_S2_be4e641a,2026.0,S1,biochar,S1_S2,M,3,18.0,VWC_3_raw_S1_M
irrigation,32.25,2026-06-28 08:30:12.000000000,2026-06-27_S1_S2_be4e641a,2026.0,S1,biochar,S1_S2,B,1,6.0,VWC_1_raw_S1_B
irrigation,35.82,2026-06-28 07:45:12.000000000,2026-06-27_S1_S2_be4e641a,2026.0,S1,biochar,S1_S2,B,2,12.0,VWC_2_raw_S1_B
irrigation,23.03,2026-06-28 00:15:12.000000000,2026-06-27_S1_S2_be4e641a,2026.0,S1,biochar,S1_S2,B,3,18.0,VWC_3_raw_S1_B
irrigation,42.09,2026-07-24 20:29:48.000000000,2026-07-24_S1_S2_63eb5228,2026.0,S1,biochar,S1_S2,T,1,6.0,VWC_1_raw_S1_T
irrigation,37.74,2026-07-24 21:44:48.000000000,2026-07-24_S1_S2_63eb5228,2026.0,S1,biochar,S1_S2,T,2,12.0,VWC_2_raw_S1_T
irrigation,41.6,2026-07-24 22:44:48.000000000,2026-07-24_S1_S2_63eb5228,2026.0,S1,biochar,S1_S2,T,3,18.0,VWC_3_raw_S1_T
irrigation,35.27,2026-07-25 05:29:48.000000000,2026-07-24_S1_S2_63eb5228,2026.0,S1,biochar,S1_S2,M,1,6.0,VWC_1_raw_S1_M
irrigation,31.08,2026-07-24 18:44:48.000000000,2026-07-24_S1_S2_63eb5228,2026.0,S1,biochar,S1_S2,M,2,12.0,VWC_2_raw_S1_M
irrigation,39.71,2026-07-24 15:44:48.000000000,2026-07-24_S1_S2_63eb5228,2026.0,S1,biochar,S1_S2,M,3,18.0,VWC_3_raw_S1_M
irrigation,37.31,2026-07-25 08:29:48.000000000,2026-07-24_S1_S2_63eb5228,2026.0,S1,biochar,S1_S2,B,1,6.0,VWC_1_raw_S1_B
irrigation,36.41,2026-07-25 09:14:48.000000000,2026-07-24_S1_S2_63eb5228,2026.0,S1,biochar,S1_S2,B,2,12.0,VWC_2_raw_S1_B
irrigation,13.32,2026-07-24 22:59:47.999999999,2026-07-24_S1_S2_63eb5228,2026.0,S1,biochar,S1_S2,B,3,18.0,VWC_3_raw_S1_B
irrigation,41.03,2026-08-14 16:44:48.000000000,2026-08-14_S1_S2_72b4c1d7,2026.0,S1,biochar,S1_S2,T,1,6.0,VWC_1_raw_S1_T
irrigation,37.21,2026-08-14 20:44:48.000000000,2026-08-14_S1_S2_72b4c1d7,2026.0,S1,biochar,S1_S2,T,2,12.0,VWC_2_raw_S1_T
irrigation,39.96,2026-08-14 23:29:48.000000000,2026-08-14_S1_S2_72b4c1d7,2026.0,S1,biochar,S1_S2,T,3,18.0,VWC_3_raw_S1_T
irrigation,30.88,2026-08-14 20:59:47.999999999,2026-08-14_S1_S2_72b4c1d7,2026.0,S1,biochar,S1_S2,M,1,6.0,VWC_1_raw_S1_M
irrigation,24.4,2026-08-15 02:14:48.000000000,2026-08-14_S1_S2_72b4c1d7,2026.0,S1,biochar,S1_S2,M,2,12.0,VWC_2_raw_S1_M
irrigation,36.39,2026-08-14 20:59:47.999999999,2026-08-14_S1_S2_72b4c1d7,2026.0,S1,biochar,S1_S2,M,3,18.0,VWC_3_raw_S1_M
irrigation,32.6,2026-08-15 20:59:47.999999999,2026-08-14_S1_S2_72b4c1d7,2026.0,S1,biochar,S1_S2,B,1,6.0,VWC_1_raw_S1_B
irrigation,21.24,2026-08-15 09:29:48.000000000,2026-08-14_S1_S2_72b4c1d7,2026.0,S1,biochar,S1_S2,B,2,12.0,VWC_2_raw_S1_B
irrigation,9.19,2026-08-15 10:14:48.000000000,2026-08-14_S1_S2_72b4c1d7,2026.0,S1,biochar,S1_S2,B,3,18.0,VWC_3_raw_S1_B
irrigation,49.53,2026-04-22 10:00:00.000000000,2026-04-21_S1_S2_001c30f6,2026.0,S2,control,S1_S2,T,1,6.0,VWC_1_raw_S2_T
irrigation,45.83,2026-04-22 13:00:00.000000000,2026-04-21_S1_S2_001c30f6,2026.0,S2,control,S1_S2,T,2,12.0,VWC_2_raw_S2_T
irrigation,40.85,2026-04-22 13:15:00.000000000,2026-04-21_S1_S2_001c30f6,2026.0,S2,control,S1_S2,T,3,18.0,VWC_3_raw_S2_T
irrigation,37.15,2026-04-22 12:15:00.000000000,2026-04-21_S1_S2_001c30f6,2026.0,S2,control,S1_S2,M,1,6.0,VWC_1_raw_S2_M
irrigation,38.32,2026-04-22 16:15:00.000000000,2026-04-21_S1_S2_001c30f6,2026.0,S2,control,S1_S2,M,2,12.0,VWC_2_raw_S2_M
irrigation,36.49,2026-04-22 22:30:00.000000000,2026-04-21_S1_S2_001c30f6,2026.0,S2,control,S1_S2,M,3,18.0,VWC_3_raw_S2_M
irrigation,34.41,2026-04-22 15:15:00.000000000,2026-04-21_S1_S2_001c30f6,2026.0,S2,control,S1_S2,B,1,6.0,VWC_1_raw_S2_B
irrigation,34.57,2026-04-22 15:00:00.000000000,2026-04-21_S1_S2_001c30f6,2026.0,S2,control,S1_S2,B,2,12.0,VWC_2_raw_S2_B
irrigation,36.27,2026-04-22 15:00:00.000000000,2026-04-21_S1_S2_001c30f6,2026.0,S2,control,S1_S2,B,3,18.0,VWC_3_raw_S2_B
irrigation,27.83,2026-05-21 05:30:12.000000000,2026-05-20_S1_S2_49743b7c,2026.0,S2,control,S1_S2,T,1,6.0,VWC_1_raw_S2_T
irrigation,43.95,2026-05-20 17:45:12.000000000,2026-05-20_S1_S2_49743b7c,2026.0,S2,control,S1_S2,T,2,12.0,VWC_2_raw_S2_T
irrigation,40.59,2026-05-20 22:15:12.000000000,2026-05-20_S1_S2_49743b7c,2026.0,S2,control,S1_S2,T,3,18.0,VWC_3_raw_S2_T
irrigation,37.35,2026-05-20 18:30:12.000000000,2026-05-20_S1_S2_49743b7c,2026.0,S2,control,S1_S2,M,1,6.0,VWC_1_raw_S2_M
irrigation,36.91,2026-05-20 21:45:12.000000000,2026-05-20_S1_S2_49743b7c,2026.0,S2,control,S1_S2,M,2,12.0,VWC_2_raw_S2_M
irrigation,35.66,2026-05-21 09:45:12.000000000,2026-05-20_S1_S2_49743b7c,2026.0,S2,control,S1_S2,M,3,18.0,VWC_3_raw_S2_M
irrigation,34.14,2026-05-20 23:30:12.000000000,2026-05-20_S1_S2_49743b7c,2026.0,S2,control,S1_S2,B,1,6.0,VWC_1_raw_S2_B
irrigation,30.17,2026-05-21 09:00:12.000000000,2026-05-20_S1_S2_49743b7c,2026.0,S2,control,S1_S2,B,2,12.0,VWC_2_raw_S2_B
irrigation,35.12,2026-05-20 23:45:12.000000000,2026-05-20_S1_S2_49743b7c,2026.0,S2,control,S1_S2,B,3,18.0,VWC_3_raw_S2_B
irrigation,27.53,2026-06-21 07:00:00.000000000,2026-06-20_S1_S2_ba82572f,2026.0,S2,control,S1_S2,T,1,6.0,VWC_1_raw_S2_T
irrigation,38.46,2026-06-21 03:30:00.000000000,2026-06-20_S1_S2_ba82572f,2026.0,S2,control,S1_S2,T,2,12.0,VWC_2_raw_S2_T
irrigation,37.79,2026-06-20 20:15:00.000000000,2026-06-20_S1_S2_ba82572f,2026.0,S2,control,S1_S2,M,1,6.0,VWC_1_raw_S2_M
irrigation,37.72,2026-06-20 20:15:00.000000000,2026-06-20_S1_S2_ba82572f,2026.0,S2,control,S1_S2,M,2,12.0,VWC_2_raw_S2_M
irrigation,38.37,2026-06-21 03:15:00.000000000,2026-06-20_S1_S2_ba82572f,2026.0,S2,control,S1_S2,M,3,18.0,VWC_3_raw_S2_M
irrigation,35.97,2026-06-20 20:15:00.000000000,2026-06-20_S1_S2_ba82572f,2026.0,S2,control,S1_S2,B,1,6.0,VWC_1_raw_S2_B
irrigation,31.56,2026-06-21 08:00:00.000000000,2026-06-20_S1_S2_ba82572f,2026.0,S2,control,S1_S2,B,2,12.0,VWC_2_raw_S2_B
irrigation,38.55,2026-06-20 20:30:00.000000000,2026-06-20_S1_S2_ba82572f,2026.0,S2,control,S1_S2,B,3,18.0,VWC_3_raw_S2_B
irrigation,27.98,2026-06-28 05:45:12.000000000,2026-06-27_S1_S2_be4e641a,2026.0,S2,control,S1_S2,T,1,6.0,VWC_1_raw_S2_T
irrigation,46.15,2026-06-27 18:15:12.000000000,2026-06-27_S1_S2_be4e641a,2026.0,S2,control,S1_S2,T,2,12.0,VWC_2_raw_S2_T
irrigation,42.16,2026-06-27 18:45:12.000000000,2026-06-27_S1_S2_be4e641a,2026.0,S2,control,S1_S2,T,3,18.0,VWC_3_raw_S2_T
irrigation,34.83,2026-06-28 04:15:12.000000000,2026-06-27_S1_S2_be4e641a,2026.0,S2,control,S1_S2,M,1,6.0,VWC_1_raw_S2_M
irrigation,35.6,2026-06-28 03:30:12.000000000,2026-06-27_S1_S2_be4e641a,2026.0,S2,control,S1_S2,M,2,12.0,VWC_2_raw_S2_M
irrigation,40.94,2026-06-27 22:00:12.000000000,2026-06-27_S1_S2_be4e641a,2026.0,S2,control,S1_S2,M,3,18.0,VWC_3_raw_S2_M
irrigation,35.37,2026-06-27 19:45:12.000000000,2026-06-27_S1_S2_be4e641a,2026.0,S2,control,S1_S2,B,1,6.0,VWC_1_raw_S2_B
irrigation,36.47,2026-06-27 20:30:12.000000000,2026-06-27_S1_S2_be4e641a,2026.0,S2,control,S1_S2,B,2,12.0,VWC_2_raw_S2_B
irrigation,38.97,2026-06-27 20:30:12.000000000,2026-06-27_S1_S2_be4e641a,2026.0,S2,control,S1_S2,B,3,18.0,VWC_3_raw_S2_B
irrigation,29.67,2026-07-24 21:14:48.000000000,2026-07-24_S1_S2_63eb5228,2026.0,S2,control,S1_S2,T,1,6.0,VWC_1_raw_S2_T
irrigation,38.62,2026-07-25 00:44:48.000000000,2026-07-24_S1_S2_63eb5228,2026.0,S2,control,S1_S2,T,2,12.0,VWC_2_raw_S2_T
irrigation,41.41,2026-07-24 16:29:48.000000000,2026-07-24_S1_S2_63eb5228,2026.0,S2,control,S1_S2,T,3,18.0,VWC_3_raw_S2_T
irrigation,38.49,2026-07-24 18:44:48.000000000,2026-07-24_S1_S2_63eb5228,2026.0,S2,control,S1_S2,M,1,6.0,VWC_1_raw_S2_M
irrigation,34.57,2026-07-25 02:44:48.000000000,2026-07-24_S1_S2_63eb5228,2026.0,S2,control,S1_S2,M,2,12.0,VWC_2_raw_S2_M
irrigation,36.31,2026-07-25 04:59:47.999999999,2026-07-24_S1_S2_63eb5228,2026.0,S2,control,S1_S2,M,3,18.0,VWC_3_raw_S2_M
irrigation,28.27,2026-07-25 03:29:48.000000000,2026-07-24_S1_S2_63eb5228,2026.0,S2,control,S1_S2,B,1,6.0,VWC_1_raw_S2_B
irrigation,30.3,2026-07-25 03:29:48.000000000,2026-07-24_S1_S2_63eb5228,2026.0,S2,control,S1_S2,B,2,12.0,VWC_2_raw_S2_B
irrigation,31.98,2026-07-24 21:29:48.000000000,2026-07-24_S1_S2_63eb5228,2026.0,S2,control,S1_S2,B,3,18.0,VWC_3_raw_S2_B
irrigation,27.74,2026-08-15 02:29:48.000000000,2026-08-14_S1_S2_72b4c1d7,2026.0,S2,control,S1_S2,T,1,6.0,VWC_1_raw_S2_T
irrigation,43.0,2026-08-14 12:29:48.000000000,2026-08-14_S1_S2_72b4c1d7,2026.0,S2,control,S1_S2,T,2,12.0,VWC_2_raw_S2_T
irrigation,40.64,2026-08-14 13:44:48.000000000,2026-08-14_S1_S2_72b4c1d7,2026.0,S2,control,S1_S2,T,3,18.0,VWC_3_raw_S2_T
irrigation,37.54,2026-08-14 16:44:48.000000000,2026-08-14_S1_S2_72b4c1d7,2026.0,S2,control,S1_S2,M,1,6.0,VWC_1_raw_S2_M
irrigation,34.34,2026-08-15 02:44:48.000000000,2026-08-14_S1_S2_72b4c1d7,2026.0,S2,control,S1_S2,M,2,12.0,VWC_2_raw_S2_M
irrigation,34.98,2026-08-15 02:14:48.000000000,2026-08-14_S1_S2_72b4c1d7,2026.0,S2,control,S1_S2,M,3,18.0,VWC_3_raw_S2_M
irrigation,25.83,2026-08-15 00:44:48.000000000,2026-08-14_S1_S2_72b4c1d7,2026.0,S2,control,S1_S2,B,1,6.0,VWC_1_raw_S2_B
irrigation,26.01,2026-08-14 20:14:48.000000000,2026-08-14_S1_S2_72b4c1d7,2026.0,S2,control,S1_S2,B,2,12.0,VWC_2_raw_S2_B
irrigation,28.32,2026-08-14 19:29:48.000000000,2026-08-14_S1_S2_72b4c1d7,2026.0,S2,control,S1_S2,B,3,18.0,VWC_3_raw_S2_B
irrigation,39.13,2026-04-22 09:15:00.000000000,2026-04-21_S3_S4_ed1ed131,2026.0,S3,biochar,S3_S4,T,1,6.0,VWC_1_raw_S3_T
irrigation,35.43,2026-04-22 10:45:00.000000000,2026-04-21_S3_S4_ed1ed131,2026.0,S3,biochar,S3_S4,T,2,12.0,VWC_2_raw_S3_T
irrigation,48.13,2026-04-22 13:15:00.000000000,2026-04-21_S3_S4_ed1ed131,2026.0,S3,biochar,S3_S4,T,3,18.0,VWC_3_raw_S3_T
irrigation,37.63,2026-04-22 13:45:00.000000000,2026-04-21_S3_S4_ed1ed131,2026.0,S3,biochar,S3_S4,M,1,6.0,VWC_1_raw_S3_M
irrigation,37.41,2026-04-22 11:00:00.000000000,2026-04-21_S3_S4_ed1ed131,2026.0,S3,biochar,S3_S4,M,2,12.0,VWC_2_raw_S3_M
irrigation,35.19,2026-04-22 13:45:00.000000000,2026-04-21_S3_S4_ed1ed131,2026.0,S3,biochar,S3_S4,M,3,18.0,VWC_3_raw_S3_M
irrigation,34.59,2026-04-22 10:00:00.000000000,2026-04-21_S3_S4_ed1ed131,2026.0,S3,biochar,S3_S4,B,1,6.0,VWC_1_raw_S3_B
irrigation,29.7,2026-04-22 21:45:00.000000000,2026-04-21_S3_S4_ed1ed131,2026.0,S3,biochar,S3_S4,B,2,12.0,VWC_2_raw_S3_B
irrigation,29.25,2026-04-21 21:00:00.000000000,2026-04-21_S3_S4_ed1ed131,2026.0,S3,biochar,S3_S4,B,3,18.0,VWC_3_raw_S3_B
irrigation,39.13,2026-05-09 00:30:00.000000000,2026-05-08_S3_S4_989607cc,2026.0,S3,biochar,S3_S4,T,1,6.0,VWC_1_raw_S3_T
irrigation,34.44,2026-05-08 22:15:00.000000000,2026-05-08_S3_S4_989607cc,2026.0,S3,biochar,S3_S4,T,2,12.0,VWC_2_raw_S3_T
irrigation,44.93,2026-05-09 01:30:00.000000000,2026-05-08_S3_S4_989607cc,2026.0,S3,biochar,S3_S4,T,3,18.0,VWC_3_raw_S3_T
irrigation,37.14,2026-05-09 00:00:00.000000000,2026-05-08_S3_S4_989607cc,2026.0,S3,biochar,S3_S4,M,1,6.0,VWC_1_raw_S3_M
irrigation,36.79,2026-05-08 21:15:00.000000000,2026-05-08_S3_S4_989607cc,2026.0,S3,biochar,S3_S4,M,2,12.0,VWC_2_raw_S3_M
irrigation,39.01,2026-05-08 17:45:00.000000000,2026-05-08_S3_S4_989607cc,2026.0,S3,biochar,S3_S4,M,3,18.0,VWC_3_raw_S3_M
irrigation,35.11,2026-05-08 20:00:00.000000000,2026-05-08_S3_S4_989607cc,2026.0,S3,biochar,S3_S4,B,1,6.0,VWC_1_raw_S3_B
irrigation,30.48,2026-05-09 04:30:00.000000000,2026-05-08_S3_S4_989607cc,2026.0,S3,biochar,S3_S4,B,2,12.0,VWC_2_raw_S3_B
irrigation,31.26,2026-05-08 14:15:00.000000000,2026-05-08_S3_S4_989607cc,2026.0,S3,biochar,S3_S4,B,3,18.0,VWC_3_raw_S3_B
irrigation,38.75,2026-05-22 00:45:00.000000000,2026-05-21_S3_S4_272f948e,2026.0,S3,biochar,S3_S4,T,1,6.0,VWC_1_raw_S3_T
irrigation,30.48,2026-05-22 14:15:00.000000000,2026-05-21_S3_S4_272f948e,2026.0,S3,biochar,S3_S4,T,2,12.0,VWC_2_raw_S3_T
irrigation,42.9,2026-05-22 07:30:00.000000000,2026-05-21_S3_S4_272f948e,2026.0,S3,biochar,S3_S4,T,3,18.0,VWC_3_raw_S3_T
irrigation,37.09,2026-05-22 00:30:00.000000000,2026-05-21_S3_S4_272f948e,2026.0,S3,biochar,S3_S4,M,1,6.0,VWC_1_raw_S3_M
irrigation,34.8,2026-05-22 00:45:00.000000000,2026-05-21_S3_S4_272f948e,2026.0,S3,biochar,S3_S4,M,2,12.0,VWC_2_raw_S3_M
irrigation,34.74,2026-05-22 00:45:00.000000000,2026-05-21_S3_S4_272f948e,2026.0,S3,biochar,S3_S4,M,3,18.0,VWC_3_raw_S3_M
irrigation,34.12,2026-05-21 20:00:00.000000000,2026-05-21_S3_S4_272f948e,2026.0,S3,biochar,S3_S4,B,1,6.0,VWC_1_raw_S3_B
irrigation,32.43,2026-05-21 19:45:00.000000000,2026-05-21_S3_S4_272f948e,2026.0,S3,biochar,S3_S4,B,2,12.0,VWC_2_raw_S3_B
irrigation,28.36,2026-05-21 21:45:00.000000000,2026-05-21_S3_S4_272f948e,2026.0,S3,biochar,S3_S4,B,3,18.0,VWC_3_raw_S3_B
irrigation,39.52,2026-06-06 01:29:48.000000000,2026-06-05_S3_S4_f5beba0a,2026.0,S3,biochar,S3_S4,T,1,6.0,VWC_1_raw_S3_T
irrigation,47.72,2026-06-05 22:29:48.000000000,2026-06-05_S3_S4_f5beba0a,2026.0,S3,biochar,S3_S4,T,3,18.0,VWC_3_raw_S3_T
irrigation,37.88,2026-06-06 01:29:48.000000000,2026-06-05_S3_S4_f5beba0a,2026.0,S3,biochar,S3_S4,M,1,6.0,VWC_1_raw_S3_M
irrigation,33.49,2026-06-06 01:29:48.000000000,2026-06-05_S3_S4_f5beba0a,2026.0,S3,biochar,S3_S4,M,2,12.0,VWC_2_raw_S3_M
irrigation,32.75,2026-06-06 12:44:48.000000000,2026-06-05_S3_S4_f5beba0a,2026.0,S3,biochar,S3_S4,M,3,18.0,VWC_3_raw_S3_M
irrigation,33.97,2026-06-06 02:14:48.000000000,2026-06-05_S3_S4_f5beba0a,2026.0,S3,biochar,S3_S4,B,1,6.0,VWC_1_raw_S3_B
irrigation,30.1,2026-06-06 05:29:48.000000000,2026-06-05_S3_S4_f5beba0a,2026.0,S3,biochar,S3_S4,B,2,12.0,VWC_2_raw_S3_B
irrigation,25.46,2026-06-06 01:14:48.000000000,2026-06-05_S3_S4_f5beba0a,2026.0,S3,biochar,S3_S4,B,3,18.0,VWC_3_raw_S3_B
irrigation,39.8,2026-06-20 21:00:00.000000000,2026-06-20_S3_S4_47159afc,2026.0,S3,biochar,S3_S4,T,1,6.0,VWC_1_raw_S3_T
irrigation,37.37,2026-06-20 21:45:00.000000000,2026-06-20_S3_S4_47159afc,2026.0,S3,biochar,S3_S4,M,1,6.0,VWC_1_raw_S3_M
irrigation,35.73,2026-06-20 21:45:00.000000000,2026-06-20_S3_S4_47159afc,2026.0,S3,biochar,S3_S4,M,2,12.0,VWC_2_raw_S3_M
irrigation,40.65,2026-06-20 18:30:00.000000000,2026-06-20_S3_S4_47159afc,2026.0,S3,biochar,S3_S4,M,3,18.0,VWC_3_raw_S3_M
irrigation,35.09,2026-06-20 18:30:00.000000000,2026-06-20_S3_S4_47159afc,2026.0,S3,biochar,S3_S4,B,1,6.0,VWC_1_raw_S3_B
irrigation,35.76,2026-06-20 23:00:00.000000000,2026-06-20_S3_S4_47159afc,2026.0,S3,biochar,S3_S4,B,2,12.0,VWC_2_raw_S3_B
irrigation,37.22,2026-06-20 19:45:00.000000000,2026-06-20_S3_S4_47159afc,2026.0,S3,biochar,S3_S4,B,3,18.0,VWC_3_raw_S3_B
irrigation,39.37,2026-06-27 19:45:12.000000000,2026-06-27_S3_S4_dc68d0eb,2026.0,S3,biochar,S3_S4,T,1,6.0,VWC_1_raw_S3_T
irrigation,37.8,2026-06-28 12:45:12.000000000,2026-06-27_S3_S4_dc68d0eb,2026.0,S3,biochar,S3_S4,T,2,12.0,VWC_2_raw_S3_T
irrigation,39.37,2026-06-27 21:15:12.000000000,2026-06-27_S3_S4_dc68d0eb,2026.0,S3,biochar,S3_S4,M,1,6.0,VWC_1_raw_S3_M
irrigation,36.93,2026-06-27 18:45:12.000000000,2026-06-27_S3_S4_dc68d0eb,2026.0,S3,biochar,S3_S4,M,2,12.0,VWC_2_raw_S3_M
irrigation,41.68,2026-06-28 03:15:12.000000000,2026-06-27_S3_S4_dc68d0eb,2026.0,S3,biochar,S3_S4,M,3,18.0,VWC_3_raw_S3_M
irrigation,35.75,2026-06-27 19:00:12.000000000,2026-06-27_S3_S4_dc68d0eb,2026.0,S3,biochar,S3_S4,B,1,6.0,VWC_1_raw_S3_B
irrigation,36.69,2026-06-28 01:15:12.000000000,2026-06-27_S3_S4_dc68d0eb,2026.0,S3,biochar,S3_S4,B,2,12.0,VWC_2_raw_S3_B
irrigation,38.92,2026-07-06 02:00:00.000000000,2026-07-05_S3_S4_b3db7964,2026.0,S3,biochar,S3_S4,T,1,6.0,VWC_1_raw_S3_T
irrigation,37.08,2026-07-05 23:00:00.000000000,2026-07-05_S3_S4_b3db7964,2026.0,S3,biochar,S3_S4,M,1,6.0,VWC_1_raw_S3_M
irrigation,34.82,2026-07-05 23:00:00.000000000,2026-07-05_S3_S4_b3db7964,2026.0,S3,biochar,S3_S4,M,2,12.0,VWC_2_raw_S3_M
irrigation,37.64,2026-07-06 00:45:00.000000000,2026-07-05_S3_S4_b3db7964,2026.0,S3,biochar,S3_S4,M,3,18.0,VWC_3_raw_S3_M
irrigation,34.44,2026-07-05 14:30:00.000000000,2026-07-05_S3_S4_b3db7964,2026.0,S3,biochar,S3_S4,B,1,6.0,VWC_1_raw_S3_B
irrigation,34.38,2026-07-05 18:30:00.000000000,2026-07-05_S3_S4_b3db7964,2026.0,S3,biochar,S3_S4,B,2,12.0,VWC_2_raw_S3_B
irrigation,35.95,2026-07-05 22:15:00.000000000,2026-07-05_S3_S4_b3db7964,2026.0,S3,biochar,S3_S4,B,3,18.0,VWC_3_raw_S3_B
irrigation,40.75,2026-07-24 18:44:48.000000000,2026-07-24_S3_S4_d28f9731,2026.0,S3,biochar,S3_S4,T,1,6.0,VWC_1_raw_S3_T
irrigation,55.34,2026-07-25 00:14:48.000000000,2026-07-24_S3_S4_d28f9731,2026.0,S3,biochar,S3_S4,T,3,18.0,VWC_3_raw_S3_T
irrigation,36.21,2026-07-24 19:44:48.000000000,2026-07-24_S3_S4_d28f9731,2026.0,S3,biochar,S3_S4,M,1,6.0,VWC_1_raw_S3_M
irrigation,34.71,2026-07-24 13:44:48.000000000,2026-07-24_S3_S4_d28f9731,2026.0,S3,biochar,S3_S4,M,2,12.0,VWC_2_raw_S3_M
irrigation,34.58,2026-07-24 20:14:48.000000000,2026-07-24_S3_S4_d28f9731,2026.0,S3,biochar,S3_S4,M,3,18.0,VWC_3_raw_S3_M
irrigation,27.15,2026-08-15 19:29:48.000000000,2026-08-14_S3_S4_1912adab,2026.0,S3,biochar,S3_S4,T,1,6.0,VWC_1_raw_S3_T
irrigation,34.79,2026-08-14 18:14:48.000000000,2026-08-14_S3_S4_1912adab,2026.0,S3,biochar,S3_S4,M,1,6.0,VWC_1_raw_S3_M
irrigation,31.18,2026-08-14 17:59:47.999999999,2026-08-14_S3_S4_1912adab,2026.0,S3,biochar,S3_S4,M,2,12.0,VWC_2_raw_S3_M
irrigation,33.4,2026-08-14 18:14:48.000000000,2026-08-14_S3_S4_1912adab,2026.0,S3,biochar,S3_S4,M,3,18.0,VWC_3_raw_S3_M
irrigation,36.17,2026-04-21 18:00:00.000000000,2026-04-21_S3_S4_ed1ed131,2026.0,S4,control,S3_S4,T,1,6.0,VWC_1_raw_S4_T
irrigation,37.41,2026-04-22 08:30:00.000000000,2026-04-21_S3_S4_ed1ed131,2026.0,S4,control,S3_S4,T,2,12.0,VWC_2_raw_S4_T
irrigation,39.14,2026-04-22 09:15:00.000000000,2026-04-21_S3_S4_ed1ed131,2026.0,S4,control,S3_S4,T,3,18.0,VWC_3_raw_S4_T
irrigation,33.63,2026-04-23 02:45:00.000000000,2026-04-21_S3_S4_ed1ed131,2026.0,S4,control,S3_S4,M,1,6.0,VWC_1_raw_S4_M
irrigation,31.84,2026-04-22 13:30:00.000000000,2026-04-21_S3_S4_ed1ed131,2026.0,S4,control,S3_S4,M,2,12.0,VWC_2_raw_S4_M
irrigation,29.97,2026-04-22 20:15:00.000000000,2026-04-21_S3_S4_ed1ed131,2026.0,S4,control,S3_S4,M,3,18.0,VWC_3_raw_S4_M
irrigation,35.79,2026-04-22 20:45:00.000000000,2026-04-21_S3_S4_ed1ed131,2026.0,S4,control,S3_S4,B,2,12.0,VWC_2_raw_S4_B
irrigation,44.59,2026-04-22 11:30:00.000000000,2026-04-21_S3_S4_ed1ed131,2026.0,S4,control,S3_S4,B,3,18.0,VWC_3_raw_S4_B
irrigation,37.36,2026-05-08 20:30:00.000000000,2026-05-08_S3_S4_989607cc,2026.0,S4,control,S3_S4,T,1,6.0,VWC_1_raw_S4_T
irrigation,36.62,2026-05-09 06:30:00.000000000,2026-05-08_S3_S4_989607cc,2026.0,S4,control,S3_S4,T,2,12.0,VWC_2_raw_S4_T
irrigation,36.17,2026-05-09 01:30:00.000000000,2026-05-08_S3_S4_989607cc,2026.0,S4,control,S3_S4,T,3,18.0,VWC_3_raw_S4_T
irrigation,37.58,2026-05-09 01:00:00.000000000,2026-05-08_S3_S4_989607cc,2026.0,S4,control,S3_S4,M,1,6.0,VWC_1_raw_S4_M
irrigation,30.7,2026-05-09 00:45:00.000000000,2026-05-08_S3_S4_989607cc,2026.0,S4,control,S3_S4,M,2,12.0,VWC_2_raw_S4_M
irrigation,30.46,2026-05-09 03:30:00.000000000,2026-05-08_S3_S4_989607cc,2026.0,S4,control,S3_S4,M,3,18.0,VWC_3_raw_S4_M
irrigation,39.25,2026-05-09 07:45:00.000000000,2026-05-08_S3_S4_989607cc,2026.0,S4,control,S3_S4,B,1,6.0,VWC_1_raw_S4_B
irrigation,37.04,2026-05-09 11:00:00.000000000,2026-05-08_S3_S4_989607cc,2026.0,S4,control,S3_S4,B,2,12.0,VWC_2_raw_S4_B
irrigation,42.14,2026-05-09 01:30:00.000000000,2026-05-08_S3_S4_989607cc,2026.0,S4,control,S3_S4,B,3,18.0,VWC_3_raw_S4_B
irrigation,34.99,2026-05-22 02:30:00.000000000,2026-05-21_S3_S4_272f948e,2026.0,S4,control,S3_S4,T,1,6.0,VWC_1_raw_S4_T
irrigation,37.68,2026-05-22 00:45:00.000000000,2026-05-21_S3_S4_272f948e,2026.0,S4,control,S3_S4,T,2,12.0,VWC_2_raw_S4_T
irrigation,35.58,2026-05-22 06:30:00.000000000,2026-05-21_S3_S4_272f948e,2026.0,S4,control,S3_S4,T,3,18.0,VWC_3_raw_S4_T
irrigation,36.6,2026-05-22 02:45:00.000000000,2026-05-21_S3_S4_272f948e,2026.0,S4,control,S3_S4,M,1,6.0,VWC_1_raw_S4_M
irrigation,33.33,2026-05-21 18:15:00.000000000,2026-05-21_S3_S4_272f948e,2026.0,S4,control,S3_S4,M,2,12.0,VWC_2_raw_S4_M
irrigation,30.32,2026-05-22 04:30:00.000000000,2026-05-21_S3_S4_272f948e,2026.0,S4,control,S3_S4,M,3,18.0,VWC_3_raw_S4_M
irrigation,35.1,2026-05-22 05:15:00.000000000,2026-05-21_S3_S4_272f948e,2026.0,S4,control,S3_S4,B,2,12.0,VWC_2_raw_S4_B
irrigation,40.76,2026-05-22 04:00:00.000000000,2026-05-21_S3_S4_272f948e,2026.0,S4,control,S3_S4,B,3,18.0,VWC_3_raw_S4_B
irrigation,35.3,2026-06-06 02:44:48.000000000,2026-06-05_S3_S4_f5beba0a,2026.0,S4,control,S3_S4,T,1,6.0,VWC_1_raw_S4_T
irrigation,36.91,2026-06-06 00:59:48.000000000,2026-06-05_S3_S4_f5beba0a,2026.0,S4,control,S3_S4,T,2,12.0,VWC_2_raw_S4_T
irrigation,36.44,2026-06-06 03:44:48.000000000,2026-06-05_S3_S4_f5beba0a,2026.0,S4,control,S3_S4,T,3,18.0,VWC_3_raw_S4_T
irrigation,37.46,2026-06-06 02:44:48.000000000,2026-06-05_S3_S4_f5beba0a,2026.0,S4,control,S3_S4,M,1,6.0,VWC_1_raw_S4_M
irrigation,30.41,2026-06-06 02:14:48.000000000,2026-06-05_S3_S4_f5beba0a,2026.0,S4,control,S3_S4,M,2,12.0,VWC_2_raw_S4_M
irrigation,30.04,2026-06-06 04:29:48.000000000,2026-06-05_S3_S4_f5beba0a,2026.0,S4,control,S3_S4,M,3,18.0,VWC_3_raw_S4_M
irrigation,33.52,2026-06-06 06:44:48.000000000,2026-06-05_S3_S4_f5beba0a,2026.0,S4,control,S3_S4,B,2,12.0,VWC_2_raw_S4_B
irrigation,39.68,2026-06-06 13:59:48.000000000,2026-06-05_S3_S4_f5beba0a,2026.0,S4,control,S3_S4,B,3,18.0,VWC_3_raw_S4_B
irrigation,35.45,2026-06-20 22:15:00.000000000,2026-06-20_S3_S4_47159afc,2026.0,S4,control,S3_S4,T,1,6.0,VWC_1_raw_S4_T
irrigation,37.37,2026-06-20 12:30:00.000000000,2026-06-20_S3_S4_47159afc,2026.0,S4,control,S3_S4,T,2,12.0,VWC_2_raw_S4_T
irrigation,39.37,2026-06-20 22:30:00.000000000,2026-06-20_S3_S4_47159afc,2026.0,S4,control,S3_S4,T,3,18.0,VWC_3_raw_S4_T
irrigation,39.37,2026-06-20 20:30:00.000000000,2026-06-20_S3_S4_47159afc,2026.0,S4,control,S3_S4,M,2,12.0,VWC_2_raw_S4_M
irrigation,37.65,2026-06-20 22:15:00.000000000,2026-06-20_S3_S4_47159afc,2026.0,S4,control,S3_S4,M,3,18.0,VWC_3_raw_S4_M
irrigation,40.37,2026-06-21 06:45:00.000000000,2026-06-20_S3_S4_47159afc,2026.0,S4,control,S3_S4,B,1,6.0,VWC_1_raw_S4_B
irrigation,36.64,2026-06-21 12:45:00.000000000,2026-06-20_S3_S4_47159afc,2026.0,S4,control,S3_S4,B,2,12.0,VWC_2_raw_S4_B
irrigation,39.0,2026-06-21 12:15:00.000000000,2026-06-20_S3_S4_47159afc,2026.0,S4,control,S3_S4,B,3,18.0,VWC_3_raw_S4_B
irrigation,33.8,2026-06-28 07:45:12.000000000,2026-06-27_S3_S4_dc68d0eb,2026.0,S4,control,S3_S4,T,1,6.0,VWC_1_raw_S4_T
irrigation,36.4,2026-06-28 03:00:12.000000000,2026-06-27_S3_S4_dc68d0eb,2026.0,S4,control,S3_S4,T,2,12.0,VWC_2_raw_S4_T
irrigation,39.26,2026-06-27 22:45:12.000000000,2026-06-27_S3_S4_dc68d0eb,2026.0,S4,control,S3_S4,T,3,18.0,VWC_3_raw_S4_T
irrigation,37.51,2026-06-28 01:15:12.000000000,2026-06-27_S3_S4_dc68d0eb,2026.0,S4,control,S3_S4,M,1,6.0,VWC_1_raw_S4_M
irrigation,39.87,2026-06-27 17:45:12.000000000,2026-06-27_S3_S4_dc68d0eb,2026.0,S4,control,S3_S4,M,3,18.0,VWC_3_raw_S4_M
irrigation,41.52,2026-06-28 02:00:12.000000000,2026-06-27_S3_S4_dc68d0eb,2026.0,S4,control,S3_S4,B,1,6.0,VWC_1_raw_S4_B
irrigation,37.8,2026-06-28 11:45:12.000000000,2026-06-27_S3_S4_dc68d0eb,2026.0,S4,control,S3_S4,B,2,12.0,VWC_2_raw_S4_B
irrigation,35.51,2026-07-06 01:15:00.000000000,2026-07-05_S3_S4_b3db7964,2026.0,S4,control,S3_S4,T,1,6.0,VWC_1_raw_S4_T
irrigation,35.85,2026-07-06 02:00:00.000000000,2026-07-05_S3_S4_b3db7964,2026.0,S4,control,S3_S4,T,2,12.0,VWC_2_raw_S4_T
irrigation,37.0,2026-07-06 06:30:00.000000000,2026-07-05_S3_S4_b3db7964,2026.0,S4,control,S3_S4,T,3,18.0,VWC_3_raw_S4_T
irrigation,36.66,2026-07-06 00:15:00.000000000,2026-07-05_S3_S4_b3db7964,2026.0,S4,control,S3_S4,M,1,6.0,VWC_1_raw_S4_M
irrigation,31.59,2026-07-05 23:45:00.000000000,2026-07-05_S3_S4_b3db7964,2026.0,S4,control,S3_S4,M,2,12.0,VWC_2_raw_S4_M
irrigation,34.44,2026-07-06 00:30:00.000000000,2026-07-05_S3_S4_b3db7964,2026.0,S4,control,S3_S4,M,3,18.0,VWC_3_raw_S4_M
irrigation,40.7,2026-07-06 07:30:00.000000000,2026-07-05_S3_S4_b3db7964,2026.0,S4,control,S3_S4,B,1,6.0,VWC_1_raw_S4_B
irrigation,40.8,2026-07-05 20:15:00.000000000,2026-07-05_S3_S4_b3db7964,2026.0,S4,control,S3_S4,B,2,12.0,VWC_2_raw_S4_B
irrigation,40.39,2026-07-06 01:00:00.000000000,2026-07-05_S3_S4_b3db7964,2026.0,S4,control,S3_S4,B,3,18.0,VWC_3_raw_S4_B
irrigation,35.33,2026-07-24 20:59:47.999999999,2026-07-24_S3_S4_d28f9731,2026.0,S4,control,S3_S4,T,1,6.0,VWC_1_raw_S4_T
irrigation,35.9,2026-07-24 19:44:48.000000000,2026-07-24_S3_S4_d28f9731,2026.0,S4,control,S3_S4,T,2,12.0,VWC_2_raw_S4_T
irrigation,35.68,2026-07-25 03:59:47.999999999,2026-07-24_S3_S4_d28f9731,2026.0,S4,control,S3_S4,T,3,18.0,VWC_3_raw_S4_T
irrigation,36.52,2026-07-24 21:14:48.000000000,2026-07-24_S3_S4_d28f9731,2026.0,S4,control,S3_S4,M,1,6.0,VWC_1_raw_S4_M
irrigation,32.34,2026-07-24 18:29:48.000000000,2026-07-24_S3_S4_d28f9731,2026.0,S4,control,S3_S4,M,2,12.0,VWC_2_raw_S4_M
irrigation,30.59,2026-07-24 22:44:48.000000000,2026-07-24_S3_S4_d28f9731,2026.0,S4,control,S3_S4,M,3,18.0,VWC_3_raw_S4_M
irrigation,31.7,2026-07-25 20:14:48.000000000,2026-07-24_S3_S4_d28f9731,2026.0,S4,control,S3_S4,B,1,6.0,VWC_1_raw_S4_B
irrigation,32.47,2026-07-24 23:14:48.000000000,2026-07-24_S3_S4_d28f9731,2026.0,S4,control,S3_S4,B,2,12.0,VWC_2_raw_S4_B
irrigation,38.07,2026-07-24 18:14:48.000000000,2026-07-24_S3_S4_d28f9731,2026.0,S4,control,S3_S4,B,3,18.0,VWC_3_raw_S4_B
irrigation,36.08,2026-08-14 12:29:48.000000000,2026-08-14_S3_S4_1912adab,2026.0,S4,control,S3_S4,T,1,6.0,VWC_1_raw_S4_T
irrigation,33.05,2026-08-14 23:44:48.000000000,2026-08-14_S3_S4_1912adab,2026.0,S4,control,S3_S4,T,2,12.0,VWC_2_raw_S4_T
irrigation,33.56,2026-08-15 01:59:47.999999999,2026-08-14_S3_S4_1912adab,2026.0,S4,control,S3_S4,T,3,18.0,VWC_3_raw_S4_T
irrigation,33.21,2026-08-15 04:14:48.000000000,2026-08-14_S3_S4_1912adab,2026.0,S4,control,S3_S4,M,1,6.0,VWC_1_raw_S4_M
irrigation,26.97,2026-08-15 06:29:48.000000000,2026-08-14_S3_S4_1912adab,2026.0,S4,control,S3_S4,M,2,12.0,VWC_2_raw_S4_M
irrigation,27.84,2026-08-14 18:44:48.000000000,2026-08-14_S3_S4_1912adab,2026.0,S4,control,S3_S4,M,3,18.0,VWC_3_raw_S4_M
irrigation,24.02,2026-08-14 16:59:47.999999999,2026-08-14_S3_S4_1912adab,2026.0,S4,control,S3_S4,B,1,6.0,VWC_1_raw_S4_B
irrigation,27.46,2026-08-15 00:59:47.999999999,2026-08-14_S3_S4_1912adab,2026.0,S4,control,S3_S4,B,3,18.0,VWC_3_raw_S4_B
