year,strip_group,location,strip,event_id,irrigation_start,irrigation_end,logger_position,gallons_strip,event_duration_hours,avg_flow_gph_strip,zone,zone_label,zone_length_ft,zone_area_sqft,zone_area_method,zone_gallons_per_inch,n_depth_rows,observed_depth_indices,complete_sensor_0_18in_profile,n_valid_storage_depths,valid_storage_depth_indices,invalid_storage_depth_indices,invalid_storage_reasons,complete_valid_0_18in_storage_profile,zone_storage_estimate_available,partial_valid_storage_in,partial_valid_storage_gal,baseline_zone_storage_in_0_18in,plateau_zone_storage_in_0_18in,estimated_zone_storage_in_0_18in,baseline_zone_storage_gal_0_18in,plateau_zone_storage_gal_0_18in,estimated_zone_storage_gal_0_18in,sensor_scale_baseline_swc_gal,sensor_scale_peak_swc_gal,sensor_scale_delta_swc_gal,sensor_scale_baseline_swc_L,sensor_scale_peak_swc_L,sensor_scale_delta_swc_L
2023,S1_S2,west,S1,2023-05-23_S1_S2_176caf9a,2023-05-23 15:25:00,2023-05-23 19:19:00,B,72500.00,3.90,18589.74,B,bottom,122.00,5731.60,nominal_47ft_strip_by_centerline_zone_length,3570.82,3,"1,2,3",True,2,"1,3",2,no_peak,False,False,0.36,1269.7471548405003,,,,,,,,,,,,
2023,S1_S2,west,S1,2023-05-23_S1_S2_176caf9a,2023-05-23 15:25:00,2023-05-23 19:19:00,M,72500.00,3.90,18589.74,M,middle,115.30,5419.10,nominal_47ft_strip_by_centerline_zone_length,3376.10,3,"1,2,3",True,3,"1,2,3",,,True,True,3.76,12677.995613345998,3.11181,6.86703,3.7552199999999996,10505.779562733,23183.775176078998,12677.995613345998,,,,,,
2023,S1_S2,west,S1,2023-05-23_S1_S2_176caf9a,2023-05-23 15:25:00,2023-05-23 19:19:00,T,72500.00,3.90,18589.74,T,top,109.40,5139.40,nominal_47ft_strip_by_centerline_zone_length,3201.88,3,"1,2,3",True,3,"1,2,3",,,True,True,5.60,17940.054754503,2.2965299999999997,7.899509999999999,5.60298,7353.2073905954985,25293.262145098495,17940.054754503,,,,,,
2023,S1_S2,west,S1,2023-06-01_S1_S2_5b27ce31,2023-06-01 11:16:08,2023-06-01 18:45:00,B,33650.00,7.48,4497.99,B,bottom,122.00,5731.60,nominal_47ft_strip_by_centerline_zone_length,3570.82,3,"1,2,3",True,0,,"1,2,3",no_peak;plateau_below_baseline,False,False,,,,,,,,,,,,,,
2023,S1_S2,west,S1,2023-06-01_S1_S2_5b27ce31,2023-06-01 11:16:08,2023-06-01 18:45:00,M,33650.00,7.48,4497.99,M,middle,115.30,5419.10,nominal_47ft_strip_by_centerline_zone_length,3376.10,3,"1,2,3",True,3,"1,2,3",,,True,True,1.04,3510.873184055998,6.009690000000001,7.0496099999999995,1.0399199999999995,20289.310202217002,23800.183386272998,3510.873184055998,,,,,,
2023,S1_S2,west,S1,2023-06-01_S1_S2_5b27ce31,2023-06-01 11:16:08,2023-06-01 18:45:00,T,33650.00,7.48,4497.99,T,top,109.40,5139.40,nominal_47ft_strip_by_centerline_zone_length,3201.88,3,"1,2,3",True,3,"1,2,3",,,True,True,1.16,3716.3229838245015,5.914079999999999,7.07475,1.1606700000000005,18936.158798087996,22652.4817819125,3716.3229838245015,,,,,,
2023,S1_S2,west,S1,2023-06-26_S1_S2_69e5d9b6,2023-06-26 09:31:00,2023-06-26 16:02:00,B,44700.00,6.52,6859.34,B,bottom,122.00,5731.60,nominal_47ft_strip_by_centerline_zone_length,3570.82,3,"1,2,3",True,2,"1,2",3,no_peak,False,False,0.07,250.4571710130003,,,,,,,,,,,,
2023,S1_S2,west,S1,2023-06-26_S1_S2_69e5d9b6,2023-06-26 09:31:00,2023-06-26 16:02:00,M,44700.00,6.52,6859.34,M,middle,115.30,5419.10,nominal_47ft_strip_by_centerline_zone_length,3376.10,3,"1,2,3",True,3,"1,2,3",,,True,True,3.11,10506.184694649,3.64881,6.76074,3.1119300000000005,12318.744886833,22824.929581482,10506.184694649,,,,,,
2023,S1_S2,west,S1,2023-06-26_S1_S2_69e5d9b6,2023-06-26 09:31:00,2023-06-26 16:02:00,T,44700.00,6.52,6859.34,T,top,109.40,5139.40,nominal_47ft_strip_by_centerline_zone_length,3201.88,3,"1,2,3",True,3,"1,2,3",,,True,True,4.22,13499.947395711002,3.05061,7.266870000000001,4.216260000000001,9767.679062683499,23267.6264583945,13499.947395711002,,,,,,
2023,S1_S2,west,S1,2023-07-17_S1_S2_ae0a89b4,2023-07-17 08:04:00,2023-07-17 16:04:00,B,60450.00,8.00,7556.25,B,bottom,122.00,5731.60,nominal_47ft_strip_by_centerline_zone_length,3570.82,3,"1,2,3",True,2,"2,3",1,no_peak,False,False,1.96,6983.662913891998,,,,,,,,,,,,
2023,S1_S2,west,S1,2023-07-17_S1_S2_ae0a89b4,2023-07-17 08:04:00,2023-07-17 16:04:00,M,60450.00,8.00,7556.25,M,middle,115.30,5419.10,nominal_47ft_strip_by_centerline_zone_length,3376.10,3,"1,2,3",True,3,"1,2,3",,,True,True,3.85,13008.684539781001,2.97453,6.827700000000001,3.8531700000000004,10042.308650829,23050.993190610003,13008.684539781001,,,,,,
2023,S1_S2,west,S1,2023-07-17_S1_S2_ae0a89b4,2023-07-17 08:04:00,2023-07-17 16:04:00,T,60450.00,8.00,7556.25,T,top,109.40,5139.40,nominal_47ft_strip_by_centerline_zone_length,3201.88,3,"1,2,3",True,3,"1,2,3",,,True,True,5.13,16428.224326153497,2.7696300000000003,7.90044,5.130809999999999,8868.0155648805,25296.239891033998,16428.224326153497,,,,,,
2023,S1_S2,west,S1,2023-08-05_S1_S2_efaa9d14,2023-08-05 08:48:00,2023-08-05 14:56:00,B,49250.00,6.13,8029.89,B,bottom,122.00,5731.60,nominal_47ft_strip_by_centerline_zone_length,3570.82,3,"1,2,3",True,2,"2,3",1,plateau_below_baseline,False,False,1.74,6218.258086309498,,,,,,,,,,,,
2023,S1_S2,west,S1,2023-08-05_S1_S2_efaa9d14,2023-08-05 08:48:00,2023-08-05 14:56:00,M,49250.00,6.13,8029.89,M,middle,115.30,5419.10,nominal_47ft_strip_by_centerline_zone_length,3376.10,3,"1,2,3",True,3,"1,2,3",,,True,True,2.74,9243.996210350999,4.04466,6.782730000000001,2.7380699999999996,13655.173794738,22899.170005089003,9243.996210350999,,,,,,
2023,S1_S2,west,S1,2023-08-05_S1_S2_efaa9d14,2023-08-05 08:48:00,2023-08-05 14:56:00,T,49250.00,6.13,8029.89,T,top,109.40,5139.40,nominal_47ft_strip_by_centerline_zone_length,3201.88,3,"1,2,3",True,3,"1,2,3",,,True,True,4.69,15024.457258366498,3.07296,7.76535,4.69239,9839.241021456,24863.698279822496,15024.457258366498,,,,,,
2023,S1_S2,west,S1,2023-08-24_S1_S2_6cc99259,2023-08-24 13:47:00,2023-08-24 18:16:00,B,30125.00,4.48,6719.33,B,bottom,122.00,5731.60,nominal_47ft_strip_by_centerline_zone_length,3570.82,3,"1,2,3",True,0,,"1,2,3",no_peak;plateau_below_baseline,False,False,,,,,,,,,,,,,,
2023,S1_S2,west,S1,2023-08-24_S1_S2_6cc99259,2023-08-24 13:47:00,2023-08-24 18:16:00,M,30125.00,4.48,6719.33,M,middle,115.30,5419.10,nominal_47ft_strip_by_centerline_zone_length,3376.10,3,"1,2,3",True,3,"1,2,3",,,True,True,2.67,9002.335022456997,3.974310000000001,6.6408000000000005,2.666489999999999,13417.665208983002,22420.00023144,9002.335022456997,,,,,,
2023,S1_S2,west,S1,2023-08-24_S1_S2_6cc99259,2023-08-24 13:47:00,2023-08-24 18:16:00,T,30125.00,4.48,6719.33,T,top,109.40,5139.40,nominal_47ft_strip_by_centerline_zone_length,3201.88,3,"1,2,3",True,3,"1,2,3",,,True,True,4.67,14953.087412234998,2.98824,7.65834,4.6701,9567.977972363999,24521.065384599,14953.087412234998,,,,,,
2023,S1_S2,west,S1,2023-09-21_S1_S2_6dbb0789,2023-09-21 09:07:00,2023-09-21 16:09:00,B,37650.00,7.03,5353.08,B,bottom,122.00,5731.60,nominal_47ft_strip_by_centerline_zone_length,3570.82,3,"1,2,3",True,2,"2,3",1,no_peak,False,False,0.11,403.8595101449991,,,,,,,,,,,,
2023,S1_S2,west,S1,2023-09-21_S1_S2_6dbb0789,2023-09-21 09:07:00,2023-09-21 16:09:00,M,37650.00,7.03,5353.08,M,middle,115.30,5419.10,nominal_47ft_strip_by_centerline_zone_length,3376.10,3,"1,2,3",True,3,"1,2,3",,,True,True,3.15,10648.082148227997,3.26013,6.41409,3.153959999999999,11006.522610909,21654.604759136997,10648.082148227997,,,,,,
2023,S1_S2,west,S1,2023-09-21_S1_S2_6dbb0789,2023-09-21 09:07:00,2023-09-21 16:09:00,T,37650.00,7.03,5353.08,T,top,109.40,5139.40,nominal_47ft_strip_by_centerline_zone_length,3201.88,3,"1,2,3",True,3,"1,2,3",,,True,True,4.78,15303.4048130985,2.67003,7.449539999999999,4.77951,8549.108580820499,23852.513393918995,15303.4048130985,,,,,,
2023,S1_S2,west,S2,2023-05-23_S1_S2_176caf9a,2023-05-23 15:25:00,2023-05-23 19:19:00,B,72500.00,3.90,18589.74,B,bottom,115.80,5440.20,nominal_47ft_strip_by_centerline_zone_length,3389.28,3,"1,2,3",True,3,"1,2,3",,,True,True,4.74,16053.169018845,1.3593,6.095759999999999,4.73646,4607.042526974999,20660.211545819995,16053.169018845,,,,,,
2023,S1_S2,west,S2,2023-05-23_S1_S2_176caf9a,2023-05-23 15:25:00,2023-05-23 19:19:00,M,72500.00,3.90,18589.74,M,middle,117.30,5513.10,nominal_47ft_strip_by_centerline_zone_length,3434.66,3,"1,2,3",True,3,"1,2,3",,,True,True,4.69,16101.005242139996,1.3971299999999998,6.08493,4.687799999999999,4798.668342068999,20899.673584209,16101.005242139996,,,,,,
2023,S1_S2,west,S2,2023-05-23_S1_S2_176caf9a,2023-05-23 15:25:00,2023-05-23 19:19:00,T,72500.00,3.90,18589.74,T,top,111.00,5219.40,nominal_47ft_strip_by_centerline_zone_length,3251.66,3,"1,2,3",True,2,"1,2",3,missing_baseline,False,False,2.73,8871.555506016,,,,,,,,,,,,
2023,S1_S2,west,S2,2023-06-01_S1_S2_5b27ce31,2023-06-01 11:16:08,2023-06-01 18:45:00,B,33650.00,7.48,4497.99,B,bottom,115.80,5440.20,nominal_47ft_strip_by_centerline_zone_length,3389.28,3,"1,2,3",True,3,"1,2,3",,,True,True,1.41,4766.067345165,4.560510000000001,5.96673,1.40622,15456.825950632501,20222.893295797498,4766.067345165,,,,,,
2023,S1_S2,west,S2,2023-06-01_S1_S2_5b27ce31,2023-06-01 11:16:08,2023-06-01 18:45:00,M,33650.00,7.48,4497.99,M,middle,117.30,5513.10,nominal_47ft_strip_by_centerline_zone_length,3434.66,3,"1,2,3",True,3,"1,2,3",,,True,True,1.25,4278.420194958001,4.72062,5.966280000000001,1.2456600000000004,16213.730826006,20492.151020964004,4278.420194958001,,,,,,
2023,S1_S2,west,S2,2023-06-01_S1_S2_5b27ce31,2023-06-01 11:16:08,2023-06-01 18:45:00,T,33650.00,7.48,4497.99,T,top,111.00,5219.40,nominal_47ft_strip_by_centerline_zone_length,3251.66,3,"1,2,3",True,2,"1,2",3,missing_baseline,False,False,1.67,5425.906715733001,,,,,,,,,,,,
2023,S1_S2,west,S2,2023-06-26_S1_S2_69e5d9b6,2023-06-26 09:31:00,2023-06-26 16:02:00,B,44700.00,6.52,6859.34,B,bottom,115.80,5440.20,nominal_47ft_strip_by_centerline_zone_length,3389.28,3,"1,2,3",True,3,"1,2,3",,,True,True,4.29,14523.216052537498,1.52742,5.81247,4.28505,5176.847566064999,19700.0636186025,14523.216052537498,,,,,,
2023,S1_S2,west,S2,2023-06-26_S1_S2_69e5d9b6,2023-06-26 09:31:00,2023-06-26 16:02:00,M,44700.00,6.52,6859.34,M,middle,117.30,5513.10,nominal_47ft_strip_by_centerline_zone_length,3434.66,3,"1,2,3",True,3,"1,2,3",,,True,True,4.27,14658.962695334996,1.77228,6.040229999999999,4.267949999999999,6087.181528764,20746.144224098996,14658.962695334996,,,,,,
2023,S1_S2,west,S2,2023-06-26_S1_S2_69e5d9b6,2023-06-26 09:31:00,2023-06-26 16:02:00,T,44700.00,6.52,6859.34,T,top,111.00,5219.40,nominal_47ft_strip_by_centerline_zone_length,3251.66,3,"1,2,3",True,3,"1,2,3",,,True,True,3.94,12822.218842114502,3.0899099999999997,7.0332,3.9432900000000006,10047.321455545498,22869.540297659998,12822.218842114502,,,,,,
2023,S1_S2,west,S2,2023-07-17_S1_S2_ae0a89b4,2023-07-17 08:04:00,2023-07-17 16:04:00,B,60450.00,8.00,7556.25,B,bottom,115.80,5440.20,nominal_47ft_strip_by_centerline_zone_length,3389.28,3,"1,2,3",True,3,"1,2,3",,,True,True,5.01,16979.1530465025,1.35321,6.3628800000000005,5.00967,4586.4018376574995,21565.55488416,16979.1530465025,,,,,,
2023,S1_S2,west,S2,2023-07-17_S1_S2_ae0a89b4,2023-07-17 08:04:00,2023-07-17 16:04:00,M,60450.00,8.00,7556.25,M,middle,117.30,5513.10,nominal_47ft_strip_by_centerline_zone_length,3434.66,3,"1,2,3",True,3,"1,2,3",,,True,True,4.30,14768.597084031,1.70904,6.00891,4.29987,5869.973548151999,20638.570632183,14768.597084031,,,,,,
2023,S1_S2,west,S2,2023-07-17_S1_S2_ae0a89b4,2023-07-17 08:04:00,2023-07-17 16:04:00,T,60450.00,8.00,7556.25,T,top,111.00,5219.40,nominal_47ft_strip_by_centerline_zone_length,3251.66,3,"1,2,3",True,3,"1,2,3",,,True,True,4.28,13914.970038217496,2.9281499999999996,7.2075,4.279349999999999,9521.333734657499,23436.303772875,13914.970038217496,,,,,,
2023,S1_S2,west,S2,2023-08-05_S1_S2_efaa9d14,2023-08-05 08:48:00,2023-08-05 14:56:00,B,49250.00,6.13,8029.89,B,bottom,115.80,5440.20,nominal_47ft_strip_by_centerline_zone_length,3389.28,3,"1,2,3",True,3,"1,2,3",,,True,True,3.52,11913.236475734997,2.19681,5.71179,3.5149799999999995,7445.5948603575,19358.8313360925,11913.236475734997,,,,,,
2023,S1_S2,west,S2,2023-08-05_S1_S2_efaa9d14,2023-08-05 08:48:00,2023-08-05 14:56:00,M,49250.00,6.13,8029.89,M,middle,117.30,5513.10,nominal_47ft_strip_by_centerline_zone_length,3434.66,3,"1,2,3",True,3,"1,2,3",,,True,True,3.57,12245.975745632999,2.97159,6.537,3.56541,10206.405172466999,22452.3809181,12245.975745632999,,,,,,
2023,S1_S2,west,S2,2023-08-05_S1_S2_efaa9d14,2023-08-05 08:48:00,2023-08-05 14:56:00,T,49250.00,6.13,8029.89,T,top,111.00,5219.40,nominal_47ft_strip_by_centerline_zone_length,3251.66,3,"1,2,3",True,3,"1,2,3",,,True,True,3.52,11433.892201966499,3.3692399999999996,6.8855699999999995,3.5163299999999995,10955.606260661998,22389.498462628497,11433.892201966499,,,,,,
2023,S1_S2,west,S2,2023-08-24_S1_S2_6cc99259,2023-08-24 13:47:00,2023-08-24 18:16:00,B,30125.00,4.48,6719.33,B,bottom,115.80,5440.20,nominal_47ft_strip_by_centerline_zone_length,3389.28,3,"1,2,3",True,3,"1,2,3",,,True,True,3.40,11532.34966695,2.15304,5.55564,3.4026,7297.246260779999,18829.59592773,11532.34966695,,,,,,
2023,S1_S2,west,S2,2023-08-24_S1_S2_6cc99259,2023-08-24 13:47:00,2023-08-24 18:16:00,M,30125.00,4.48,6719.33,M,middle,117.30,5513.10,nominal_47ft_strip_by_centerline_zone_length,3434.66,3,"1,2,3",True,3,"1,2,3",,,True,True,2.71,9311.195051235001,3.2466600000000003,5.957610000000001,2.7109500000000004,11151.177456258,20462.372507493,9311.195051235001,,,,,,
2023,S1_S2,west,S2,2023-08-24_S1_S2_6cc99259,2023-08-24 13:47:00,2023-08-24 18:16:00,T,30125.00,4.48,6719.33,T,top,111.00,5219.40,nominal_47ft_strip_by_centerline_zone_length,3251.66,3,"1,2,3",True,3,"1,2,3",,,True,True,3.56,11581.679923989,3.31266,6.87444,3.5617800000000006,10771.627617933,22353.307541922,11581.679923989,,,,,,
2023,S1_S2,west,S2,2023-09-21_S1_S2_6dbb0789,2023-09-21 09:07:00,2023-09-21 16:09:00,B,37650.00,7.03,5353.08,B,bottom,115.80,5440.20,nominal_47ft_strip_by_centerline_zone_length,3389.28,3,"1,2,3",True,3,"1,2,3",,,True,True,4.01,13586.555806267497,1.38144,5.390129999999999,4.00869,4682.0810920799995,18268.636898347497,13586.555806267497,,,,,,
2023,S1_S2,west,S2,2023-09-21_S1_S2_6dbb0789,2023-09-21 09:07:00,2023-09-21 16:09:00,M,37650.00,7.03,5353.08,M,middle,117.30,5513.10,nominal_47ft_strip_by_centerline_zone_length,3434.66,3,"1,2,3",True,3,"1,2,3",,,True,True,3.43,11764.573617824999,2.67264,6.09789,3.42525,9179.613176832,20944.186794657,11764.573617824999,,,,,,
2023,S1_S2,west,S2,2023-09-21_S1_S2_6dbb0789,2023-09-21 09:07:00,2023-09-21 16:09:00,T,37650.00,7.03,5353.08,T,top,111.00,5219.40,nominal_47ft_strip_by_centerline_zone_length,3251.66,3,"1,2,3",True,3,"1,2,3",,,True,True,3.74,12153.223332127502,3.05541,6.79296,3.7375500000000006,9935.1393563205,22088.362688448,12153.223332127502,,,,,,
2023,S3_S4,east,S3,2023-05-24_S3_S4_31cada45,2023-05-24 09:25:00,2023-05-24 13:19:00,B,73300.00,3.90,18794.87,B,bottom,110.80,5205.20,nominal_47ft_strip_by_centerline_zone_length,3242.87,3,"1,2,3",True,3,"1,2,3",,,True,True,2.51,8130.1039712025,1.0794000000000001,3.5864700000000003,2.50707,3500.3546875500006,11630.458658752501,8130.1039712025,,,,,,
2023,S3_S4,east,S3,2023-05-24_S3_S4_31cada45,2023-05-24 09:25:00,2023-05-24 13:19:00,M,73300.00,3.90,18794.87,M,middle,118.80,5583.60,nominal_47ft_strip_by_centerline_zone_length,3478.58,3,"1,2,3",True,0,,"1,2,3",missing_baseline,False,False,,,,,,,,,,,,,,
2023,S3_S4,east,S3,2023-05-24_S3_S4_31cada45,2023-05-24 09:25:00,2023-05-24 13:19:00,T,73300.00,3.90,18794.87,T,top,111.40,5233.40,nominal_47ft_strip_by_centerline_zone_length,3260.44,3,"1,2,3",True,2,"2,3",1,missing_baseline,False,False,1.56,5097.925154479499,,,,,,,,,,,,
2023,S3_S4,east,S3,2023-06-02_S3_S4_e824e1bc,2023-06-02 15:43:00,2023-06-02 22:12:00,B,33750.00,6.48,5205.66,B,bottom,110.80,5205.20,nominal_47ft_strip_by_centerline_zone_length,3242.87,3,"1,2,3",True,3,"1,2,3",,,True,True,2.12,6879.782724832499,2.8398,4.96131,2.12151,9209.10435585,16088.8870806825,6879.782724832499,,,,,,
2023,S3_S4,east,S3,2023-06-02_S3_S4_e824e1bc,2023-06-02 15:43:00,2023-06-02 22:12:00,M,33750.00,6.48,5205.66,M,middle,118.80,5583.60,nominal_47ft_strip_by_centerline_zone_length,3478.58,3,"1,2,3",True,0,,"1,2,3",missing_baseline,False,False,,,,,,,,,,,,,,
2023,S3_S4,east,S3,2023-06-02_S3_S4_e824e1bc,2023-06-02 15:43:00,2023-06-02 22:12:00,T,33750.00,6.48,5205.66,T,top,111.40,5233.40,nominal_47ft_strip_by_centerline_zone_length,3260.44,3,"1,2,3",True,2,"2,3",1,missing_baseline,False,False,0.55,1792.5243458430014,,,,,,,,,,,,
2023,S3_S4,east,S3,2023-06-14_S3_S4_71ac748b,2023-06-14 08:25:00,2023-06-14 17:29:00,B,64100.00,9.07,7069.85,B,bottom,110.80,5205.20,nominal_47ft_strip_by_centerline_zone_length,3242.87,3,"1,2,3",True,3,"1,2,3",,,True,True,2.70,8756.723886225001,2.97105,5.67135,2.7003000000000004,9634.7311417875,18391.4550280125,8756.723886225001,,,,,,
2023,S3_S4,east,S3,2023-06-14_S3_S4_71ac748b,2023-06-14 08:25:00,2023-06-14 17:29:00,M,64100.00,9.07,7069.85,M,middle,118.80,5583.60,nominal_47ft_strip_by_centerline_zone_length,3478.58,3,"1,2,3",True,0,,"1,2,3",missing_baseline,False,False,,,,,,,,,,,,,,
2023,S3_S4,east,S3,2023-06-14_S3_S4_71ac748b,2023-06-14 08:25:00,2023-06-14 17:29:00,T,64100.00,9.07,7069.85,T,top,111.40,5233.40,nominal_47ft_strip_by_centerline_zone_length,3260.44,3,"1,2,3",True,3,"1,2,3",,,True,True,2.25,7351.7364595605,5.128410000000001,7.383240000000001,2.25483,16720.8697669335,24072.606226494005,7351.7364595605,,,,,,
2023,S3_S4,east,S3,2023-06-27_S3_S4_87f629e2,2023-06-27 07:53:00,2023-06-27 16:14:00,B,67850.00,8.35,8125.75,B,bottom,110.80,5205.20,nominal_47ft_strip_by_centerline_zone_length,3242.87,3,"1,2,3",True,3,"1,2,3",,,True,True,2.80,9071.055348022503,2.57382,5.37105,2.7972300000000008,8346.565593765,17417.6209417875,9071.055348022503,,,,,,
2023,S3_S4,east,S3,2023-06-27_S3_S4_87f629e2,2023-06-27 07:53:00,2023-06-27 16:14:00,M,67850.00,8.35,8125.75,M,middle,118.80,5583.60,nominal_47ft_strip_by_centerline_zone_length,3478.58,3,"1,2,3",True,0,,"1,2,3",missing_baseline,False,False,,,,,,,,,,,,,,
2023,S3_S4,east,S3,2023-06-27_S3_S4_87f629e2,2023-06-27 07:53:00,2023-06-27 16:14:00,T,67850.00,8.35,8125.75,T,top,111.40,5233.40,nominal_47ft_strip_by_centerline_zone_length,3260.44,3,"1,2,3",True,3,"1,2,3",,,True,True,2.91,9489.247893026997,4.383870000000001,7.29429,2.910419999999999,14293.342253284503,23782.5901463115,9489.247893026997,,,,,,
2023,S3_S4,east,S3,2023-07-07_S3_S4_bf19b251,2023-07-07 07:46:00,2023-07-07 15:46:00,B,64250.00,8.00,8031.25,B,bottom,110.80,5205.20,nominal_47ft_strip_by_centerline_zone_length,3242.87,3,"1,2,3",True,3,"1,2,3",,,True,True,3.02,9790.09707942,2.67339,5.692349999999999,3.01896,8669.458234342499,18459.5553137625,9790.09707942,,,,,,
2023,S3_S4,east,S3,2023-07-07_S3_S4_bf19b251,2023-07-07 07:46:00,2023-07-07 15:46:00,M,64250.00,8.00,8031.25,M,middle,118.80,5583.60,nominal_47ft_strip_by_centerline_zone_length,3478.58,3,"1,2,3",True,0,,"1,2,3",missing_baseline,False,False,,,,,,,,,,,,,,
2023,S3_S4,east,S3,2023-07-07_S3_S4_bf19b251,2023-07-07 07:46:00,2023-07-07 15:46:00,T,64250.00,8.00,8031.25,T,top,111.40,5233.40,nominal_47ft_strip_by_centerline_zone_length,3260.44,3,"1,2,3",True,3,"1,2,3",,,True,True,2.56,8352.267482895,4.50396,7.06566,2.5617,14684.888414826,23037.155897721,8352.267482895,,,,,,
2023,S3_S4,east,S3,2023-07-17_S3_S4_a04fe807,2023-07-17 19:19:00,2023-07-18 05:53:00,B,80450.00,10.57,7613.56,B,bottom,110.80,5205.20,nominal_47ft_strip_by_centerline_zone_length,3242.87,3,"1,2,3",True,3,"1,2,3",,,True,True,3.41,11055.011244165002,1.92825,5.33727,3.4090200000000004,6253.0655236875,17308.0767678525,11055.011244165002,,,,,,
2023,S3_S4,east,S3,2023-07-17_S3_S4_a04fe807,2023-07-17 19:19:00,2023-07-18 05:53:00,M,80450.00,10.57,7613.56,M,middle,118.80,5583.60,nominal_47ft_strip_by_centerline_zone_length,3478.58,3,"1,2,3",True,3,"1,2,3",,,True,True,2.68,9307.539640475998,3.4154100000000005,6.09108,2.6756699999999993,11880.786480948002,21188.326121423997,9307.539640475998,,,,,,
2023,S3_S4,east,S3,2023-07-17_S3_S4_a04fe807,2023-07-17 19:19:00,2023-07-18 05:53:00,T,80450.00,10.57,7613.56,T,top,111.40,5233.40,nominal_47ft_strip_by_centerline_zone_length,3260.44,3,"1,2,3",True,3,"1,2,3",,,True,True,3.22,10513.156266500999,4.04697,7.2714300000000005,3.2244599999999997,13194.900236269501,23708.0565027705,10513.156266500999,,,,,,
2023,S3_S4,east,S3,2023-07-27_S3_S4_89a0fecc,2023-07-27 10:00:00,2023-07-27 17:29:00,B,25200.00,7.48,3367.48,B,bottom,110.80,5205.20,nominal_47ft_strip_by_centerline_zone_length,3242.87,3,"1,2,3",True,3,"1,2,3",,,True,True,2.55,8255.4084969825,2.66514,5.21085,2.5457099999999997,8642.704550655,16898.1130476375,8255.4084969825,,,,,,
2023,S3_S4,east,S3,2023-07-27_S3_S4_89a0fecc,2023-07-27 10:00:00,2023-07-27 17:29:00,M,25200.00,7.48,3367.48,M,middle,118.80,5583.60,nominal_47ft_strip_by_centerline_zone_length,3478.58,3,"1,2,3",True,0,,"1,2,3",missing_baseline,False,False,,,,,,,,,,,,,,
2023,S3_S4,east,S3,2023-07-27_S3_S4_89a0fecc,2023-07-27 10:00:00,2023-07-27 17:29:00,T,25200.00,7.48,3367.48,T,top,111.40,5233.40,nominal_47ft_strip_by_centerline_zone_length,3260.44,3,"1,2,3",True,3,"1,2,3",,,True,True,2.74,8941.787521768501,4.43496,7.17747,2.7425100000000002,14459.918099676,23401.7056214445,8941.787521768501,,,,,,
2023,S3_S4,east,S3,2023-08-05_S3_S4_0f92146d,2023-08-05 08:51:00,2023-08-05 11:03:00,B,18300.00,2.20,8318.18,B,bottom,110.80,5205.20,nominal_47ft_strip_by_centerline_zone_length,3242.87,3,"1,2,3",True,3,"1,2,3",,,True,True,1.17,3808.4598375074997,3.6483299999999996,4.82274,1.17441,11831.062643347499,15639.522480855,3808.4598375074997,,,,,,
2023,S3_S4,east,S3,2023-08-05_S3_S4_0f92146d,2023-08-05 08:51:00,2023-08-05 11:03:00,M,18300.00,2.20,8318.18,M,middle,118.80,5583.60,nominal_47ft_strip_by_centerline_zone_length,3478.58,3,"1,2,3",True,0,,"1,2,3",missing_baseline,False,False,,,,,,,,,,,,,,
2023,S3_S4,east,S3,2023-08-05_S3_S4_0f92146d,2023-08-05 08:51:00,2023-08-05 11:03:00,T,18300.00,2.20,8318.18,T,top,111.40,5233.40,nominal_47ft_strip_by_centerline_zone_length,3260.44,3,"1,2,3",True,3,"1,2,3",,,True,True,1.85,6039.181390431,4.934339999999999,6.7866,1.85226,16088.116302278997,22127.29769271,6039.181390431,,,,,,
2023,S3_S4,east,S3,2023-08-10_S3_S4_7fce3d7b,2023-08-10 13:57:00,2023-08-10 19:37:00,B,52850.00,5.67,9326.47,B,bottom,110.80,5205.20,nominal_47ft_strip_by_centerline_zone_length,3242.87,3,"1,2,3",True,3,"1,2,3",,,True,True,1.51,4907.890307879999,3.68199,5.19543,1.5134399999999997,11940.2176727925,16848.1079806725,4907.890307879999,,,,,,
2023,S3_S4,east,S3,2023-08-10_S3_S4_7fce3d7b,2023-08-10 13:57:00,2023-08-10 19:37:00,M,52850.00,5.67,9326.47,M,middle,118.80,5583.60,nominal_47ft_strip_by_centerline_zone_length,3478.58,3,"1,2,3",True,0,,"1,2,3",missing_baseline,False,False,,,,,,,,,,,,,,
2023,S3_S4,east,S3,2023-08-10_S3_S4_7fce3d7b,2023-08-10 13:57:00,2023-08-10 19:37:00,T,52850.00,5.67,9326.47,T,top,111.40,5233.40,nominal_47ft_strip_by_centerline_zone_length,3260.44,3,"1,2,3",True,3,"1,2,3",,,True,True,2.31,7517.725426869,5.15214,7.457879999999999,2.30574,16798.239992709,24315.965419578,7517.725426869,,,,,,
2023,S3_S4,east,S3,2023-08-24_S3_S4_a4b6ae2a,2023-08-24 13:47:00,2023-08-24 18:16:00,B,30125.00,4.48,6719.33,B,bottom,110.80,5205.20,nominal_47ft_strip_by_centerline_zone_length,3242.87,3,"1,2,3",True,3,"1,2,3",,,True,True,2.59,8388.39862644,2.27796,4.86468,2.5867199999999997,7387.129853670001,15775.52848011,8388.39862644,,,,,,
2023,S3_S4,east,S3,2023-08-24_S3_S4_a4b6ae2a,2023-08-24 13:47:00,2023-08-24 18:16:00,M,30125.00,4.48,6719.33,M,middle,118.80,5583.60,nominal_47ft_strip_by_centerline_zone_length,3478.58,3,"1,2,3",True,0,,"1,2,3",missing_baseline,False,False,,,,,,,,,,,,,,
2023,S3_S4,east,S3,2023-08-24_S3_S4_a4b6ae2a,2023-08-24 13:47:00,2023-08-24 18:16:00,T,30125.00,4.48,6719.33,T,top,111.40,5233.40,nominal_47ft_strip_by_centerline_zone_length,3260.44,3,"1,2,3",True,3,"1,2,3",,,True,True,3.00,9781.4158631805,3.93258,6.93261,3.00003,12821.938579023,22603.3544422035,9781.4158631805,,,,,,
2023,S3_S4,east,S3,2023-09-07_S3_S4_ea877a99,2023-09-07 07:38:00,2023-09-07 18:19:00,B,78850.00,10.68,7380.66,B,bottom,110.80,5205.20,nominal_47ft_strip_by_centerline_zone_length,3242.87,3,"1,2,3",True,3,"1,2,3",,,True,True,2.90,9419.339666572498,2.34126,5.245889999999999,2.904629999999999,7592.403572145001,17011.7432387175,9419.339666572498,,,,,,
2023,S3_S4,east,S3,2023-09-07_S3_S4_ea877a99,2023-09-07 07:38:00,2023-09-07 18:19:00,M,78850.00,10.68,7380.66,M,middle,118.80,5583.60,nominal_47ft_strip_by_centerline_zone_length,3478.58,3,"1,2,3",True,0,,"1,2,3",missing_baseline,False,False,,,,,,,,,,,,,,
2023,S3_S4,east,S3,2023-09-07_S3_S4_ea877a99,2023-09-07 07:38:00,2023-09-07 18:19:00,T,78850.00,10.68,7380.66,T,top,111.40,5233.40,nominal_47ft_strip_by_centerline_zone_length,3260.44,3,"1,2,3",True,3,"1,2,3",,,True,True,3.44,11215.357089310499,3.74688,7.18671,3.4398299999999997,12216.474991728,23431.8320810385,11215.357089310499,,,,,,
2023,S3_S4,east,S3,2023-09-22_S3_S4_157133f5,2023-09-22 07:20:00,2023-09-22 16:18:00,B,72300.00,8.97,8063.20,B,bottom,110.80,5205.20,nominal_47ft_strip_by_centerline_zone_length,3242.87,3,"1,2,3",True,3,"1,2,3",,,True,True,1.99,6466.803134819998,2.93373,4.92789,1.9941599999999995,9513.7072053975,15980.5103402175,6466.803134819998,,,,,,
2023,S3_S4,east,S3,2023-09-22_S3_S4_157133f5,2023-09-22 07:20:00,2023-09-22 16:18:00,M,72300.00,8.97,8063.20,M,middle,118.80,5583.60,nominal_47ft_strip_by_centerline_zone_length,3478.58,3,"1,2,3",True,0,,"1,2,3",missing_baseline,False,False,,,,,,,,,,,,,,
2023,S3_S4,east,S3,2023-09-22_S3_S4_157133f5,2023-09-22 07:20:00,2023-09-22 16:18:00,T,72300.00,8.97,8063.20,T,top,111.40,5233.40,nominal_47ft_strip_by_centerline_zone_length,3260.44,3,"1,2,3",True,3,"1,2,3",,,True,True,2.92,9524.069385284998,3.9317100000000003,6.852809999999999,2.9210999999999996,12819.1019967885,22343.1713820735,9524.069385284998,,,,,,
2023,S3_S4,east,S4,2023-05-24_S3_S4_31cada45,2023-05-24 09:25:00,2023-05-24 13:19:00,B,73300.00,3.90,18794.87,B,bottom,107.40,5045.40,nominal_47ft_strip_by_centerline_zone_length,3143.32,3,"1,2,3",True,2,"1,3",2,no_peak,False,False,1.05,3306.4219835115005,,,,,,,,,,,,
2023,S3_S4,east,S4,2023-05-24_S3_S4_31cada45,2023-05-24 09:25:00,2023-05-24 13:19:00,M,73300.00,3.90,18794.87,M,middle,117.30,5513.10,nominal_47ft_strip_by_centerline_zone_length,3434.66,3,"1,2,3",True,3,"1,2,3",,,True,True,2.69,9226.805423094,1.36482,4.0512,2.68638,4687.694435465999,13914.499858559999,9226.805423094,,,,,,
2023,S3_S4,east,S4,2023-05-24_S3_S4_31cada45,2023-05-24 09:25:00,2023-05-24 13:19:00,T,73300.00,3.90,18794.87,T,top,113.20,5318.00,nominal_47ft_strip_by_centerline_zone_length,3313.15,3,"1,2,3",True,3,"1,2,3",,,True,True,2.78,9195.170523503999,2.5135499999999995,5.28891,2.7753599999999996,8327.755991782498,17522.9265152865,9195.170523503999,,,,,,
2023,S3_S4,east,S4,2023-06-02_S3_S4_e824e1bc,2023-06-02 15:43:00,2023-06-02 22:12:00,B,33750.00,6.48,5205.66,B,bottom,107.40,5045.40,nominal_47ft_strip_by_centerline_zone_length,3143.32,3,"1,2,3",True,0,,"1,2,3",no_peak,False,False,,,,,,,,,,,,,,
2023,S3_S4,east,S4,2023-06-02_S3_S4_e824e1bc,2023-06-02 15:43:00,2023-06-02 22:12:00,M,33750.00,6.48,5205.66,M,middle,117.30,5513.10,nominal_47ft_strip_by_centerline_zone_length,3434.66,3,"1,2,3",True,1,1,"2,3",no_peak,False,False,0.09,299.6398518119999,,,,,,,,,,,,
2023,S3_S4,east,S4,2023-06-02_S3_S4_e824e1bc,2023-06-02 15:43:00,2023-06-02 22:12:00,T,33750.00,6.48,5205.66,T,top,113.20,5318.00,nominal_47ft_strip_by_centerline_zone_length,3313.15,3,"1,2,3",True,2,"1,2",3,no_peak,False,False,0.42,1382.177893676999,,,,,,,,,,,,
2023,S3_S4,east,S4,2023-06-14_S3_S4_71ac748b,2023-06-14 08:25:00,2023-06-14 17:29:00,B,64100.00,9.07,7069.85,B,bottom,107.40,5045.40,nominal_47ft_strip_by_centerline_zone_length,3143.32,3,"1,2,3",True,3,"1,2,3",,,True,True,1.57,4943.8378156335,2.57391,4.14672,1.57281,8090.6108125185,13034.448628152,4943.8378156335,,,,,,
2023,S3_S4,east,S4,2023-06-14_S3_S4_71ac748b,2023-06-14 08:25:00,2023-06-14 17:29:00,M,64100.00,9.07,7069.85,M,middle,117.30,5513.10,nominal_47ft_strip_by_centerline_zone_length,3434.66,3,"1,2,3",True,3,"1,2,3",,,True,True,2.00,6874.6119784019975,2.26818,4.2697199999999995,2.0015399999999994,7790.430067433999,14665.042045835997,6874.6119784019975,,,,,,
2023,S3_S4,east,S4,2023-06-14_S3_S4_71ac748b,2023-06-14 08:25:00,2023-06-14 17:29:00,T,64100.00,9.07,7069.85,T,top,113.20,5318.00,nominal_47ft_strip_by_centerline_zone_length,3313.15,3,"1,2,3",True,3,"1,2,3",,,True,True,2.67,8829.598087653001,3.1481700000000004,5.8131900000000005,2.66502,10430.344166875502,19259.942254528505,8829.598087653001,,,,,,
2023,S3_S4,east,S4,2023-06-27_S3_S4_87f629e2,2023-06-27 07:53:00,2023-06-27 16:14:00,B,67850.00,8.35,8125.75,B,bottom,107.40,5045.40,nominal_47ft_strip_by_centerline_zone_length,3143.32,3,"1,2,3",True,0,,"1,2,3",missing_baseline,False,False,,,,,,,,,,,,,,
2023,S3_S4,east,S4,2023-06-27_S3_S4_87f629e2,2023-06-27 07:53:00,2023-06-27 16:14:00,M,67850.00,8.35,8125.75,M,middle,117.30,5513.10,nominal_47ft_strip_by_centerline_zone_length,3434.66,3,"1,2,3",True,3,"1,2,3",,,True,True,1.61,5540.143023513,2.5757700000000003,4.18878,1.61301,8846.897536701,14387.040560214,5540.143023513,,,,,,
2023,S3_S4,east,S4,2023-06-27_S3_S4_87f629e2,2023-06-27 07:53:00,2023-06-27 16:14:00,T,67850.00,8.35,8125.75,T,top,113.20,5318.00,nominal_47ft_strip_by_centerline_zone_length,3313.15,3,"1,2,3",True,3,"1,2,3",,,True,True,2.95,9762.4141046355,3.2311800000000006,6.1777500000000005,2.9465699999999995,10705.368345777002,20467.782450412502,9762.4141046355,,,,,,
2023,S3_S4,east,S4,2023-07-07_S3_S4_bf19b251,2023-07-07 07:46:00,2023-07-07 15:46:00,B,64250.00,8.00,8031.25,B,bottom,107.40,5045.40,nominal_47ft_strip_by_centerline_zone_length,3143.32,3,"1,2,3",True,0,,"1,2,3",missing_baseline,False,False,,,,,,,,,,,,,,
2023,S3_S4,east,S4,2023-07-07_S3_S4_bf19b251,2023-07-07 07:46:00,2023-07-07 15:46:00,M,64250.00,8.00,8031.25,M,middle,117.30,5513.10,nominal_47ft_strip_by_centerline_zone_length,3434.66,3,"1,2,3",True,3,"1,2,3",,,True,True,1.76,6052.869262376999,2.31459,4.07688,1.76229,7949.8326983669995,14002.701960744,6052.869262376999,,,,,,
2023,S3_S4,east,S4,2023-07-07_S3_S4_bf19b251,2023-07-07 07:46:00,2023-07-07 15:46:00,T,64250.00,8.00,8031.25,T,top,113.20,5318.00,nominal_47ft_strip_by_centerline_zone_length,3313.15,3,"1,2,3",True,3,"1,2,3",,,True,True,3.10,10265.846510178002,3.61419,6.7127099999999995,3.0985200000000006,11974.3360696785,22240.1825798565,10265.846510178002,,,,,,
2023,S3_S4,east,S4,2023-07-17_S3_S4_a04fe807,2023-07-17 19:19:00,2023-07-18 05:53:00,B,80450.00,10.57,7613.56,B,bottom,107.40,5045.40,nominal_47ft_strip_by_centerline_zone_length,3143.32,3,"1,2,3",True,3,"1,2,3",,,True,True,1.93,6064.398304755,2.9793,4.9086,1.9293000000000002,9364.879422254999,15429.27772701,6064.398304755,,,,,,
2023,S3_S4,east,S4,2023-07-17_S3_S4_a04fe807,2023-07-17 19:19:00,2023-07-18 05:53:00,M,80450.00,10.57,7613.56,M,middle,117.30,5513.10,nominal_47ft_strip_by_centerline_zone_length,3434.66,3,"1,2,3",True,3,"1,2,3",,,True,True,2.51,8636.79930498,1.78788,4.30248,2.5146,6140.762245043999,14777.561550024,8636.79930498,,,,,,
2023,S3_S4,east,S4,2023-07-17_S3_S4_a04fe807,2023-07-17 19:19:00,2023-07-18 05:53:00,T,80450.00,10.57,7613.56,T,top,113.20,5318.00,nominal_47ft_strip_by_centerline_zone_length,3313.15,3,"1,2,3",True,3,"1,2,3",,,True,True,3.49,11547.735500164501,3.2049,6.690329999999999,3.48543,10618.298891235001,22166.0343913995,11547.735500164501,,,,,,
2023,S3_S4,east,S4,2023-07-27_S3_S4_89a0fecc,2023-07-27 10:00:00,2023-07-27 17:29:00,B,25200.00,7.48,3367.48,B,bottom,107.40,5045.40,nominal_47ft_strip_by_centerline_zone_length,3143.32,3,"1,2,3",True,0,,"1,2,3",missing_baseline,False,False,,,,,,,,,,,,,,
2023,S3_S4,east,S4,2023-07-27_S3_S4_89a0fecc,2023-07-27 10:00:00,2023-07-27 17:29:00,M,25200.00,7.48,3367.48,M,middle,117.30,5513.10,nominal_47ft_strip_by_centerline_zone_length,3434.66,3,"1,2,3",True,0,,"1,2,3",no_peak,False,False,,,,,,,,,,,,,,
2023,S3_S4,east,S4,2023-07-27_S3_S4_89a0fecc,2023-07-27 10:00:00,2023-07-27 17:29:00,T,25200.00,7.48,3367.48,T,top,113.20,5318.00,nominal_47ft_strip_by_centerline_zone_length,3313.15,3,"1,2,3",True,0,,"1,2,3",no_peak,False,False,,,,,,,,,,,,,,
2023,S3_S4,east,S4,2023-08-05_S3_S4_0f92146d,2023-08-05 08:51:00,2023-08-05 11:03:00,B,18300.00,2.20,8318.18,B,bottom,107.40,5045.40,nominal_47ft_strip_by_centerline_zone_length,3143.32,3,"1,2,3",True,0,,"1,2,3",missing_baseline,False,False,,,,,,,,,,,,,,
2023,S3_S4,east,S4,2023-08-05_S3_S4_0f92146d,2023-08-05 08:51:00,2023-08-05 11:03:00,M,18300.00,2.20,8318.18,M,middle,117.30,5513.10,nominal_47ft_strip_by_centerline_zone_length,3434.66,3,"1,2,3",True,1,1,"2,3",no_peak,False,False,0.03,113.03470338300036,,,,,,,,,,,,
2023,S3_S4,east,S4,2023-08-05_S3_S4_0f92146d,2023-08-05 08:51:00,2023-08-05 11:03:00,T,18300.00,2.20,8318.18,T,top,113.20,5318.00,nominal_47ft_strip_by_centerline_zone_length,3313.15,3,"1,2,3",True,3,"1,2,3",,,True,True,1.46,4826.9874319380015,2.9788499999999996,4.43577,1.4569200000000004,9869.362430077499,14696.3498620155,4826.9874319380015,,,,,,
2023,S3_S4,east,S4,2023-08-10_S3_S4_7fce3d7b,2023-08-10 13:57:00,2023-08-10 19:37:00,B,52850.00,5.67,9326.47,B,bottom,107.40,5045.40,nominal_47ft_strip_by_centerline_zone_length,3143.32,3,"1,2,3",True,3,"1,2,3",,,True,True,2.19,6869.998595806501,2.8743,5.05989,2.1855900000000004,9034.831310504998,15904.8299063115,6869.998595806501,,,,,,
2023,S3_S4,east,S4,2023-08-10_S3_S4_7fce3d7b,2023-08-10 13:57:00,2023-08-10 19:37:00,M,52850.00,5.67,9326.47,M,middle,117.30,5513.10,nominal_47ft_strip_by_centerline_zone_length,3434.66,3,"1,2,3",True,3,"1,2,3",,,True,True,2.22,7633.500392636998,1.67625,3.89874,2.2224899999999996,5757.351004124999,13390.851396762,7633.500392636998,,,,,,
2023,S3_S4,east,S4,2023-08-10_S3_S4_7fce3d7b,2023-08-10 13:57:00,2023-08-10 19:37:00,T,52850.00,5.67,9326.47,T,top,113.20,5318.00,nominal_47ft_strip_by_centerline_zone_length,3313.15,3,"1,2,3",True,3,"1,2,3",,,True,True,2.71,8978.789013757503,3.4242299999999997,6.13428,2.7100500000000007,11344.9710169845,20323.760030742003,8978.789013757503,,,,,,
2023,S3_S4,east,S4,2023-08-24_S3_S4_a4b6ae2a,2023-08-24 13:47:00,2023-08-24 18:16:00,B,30125.00,4.48,6719.33,B,bottom,107.40,5045.40,nominal_47ft_strip_by_centerline_zone_length,3143.32,3,"1,2,3",True,0,,"1,2,3",no_peak,False,False,,,,,,,,,,,,,,
2023,S3_S4,east,S4,2023-08-24_S3_S4_a4b6ae2a,2023-08-24 13:47:00,2023-08-24 18:16:00,M,30125.00,4.48,6719.33,M,middle,117.30,5513.10,nominal_47ft_strip_by_centerline_zone_length,3434.66,3,"1,2,3",True,1,1,"2,3",no_peak,False,False,0.42,1451.625251832,,,,,,,,,,,,
2023,S3_S4,east,S4,2023-08-24_S3_S4_a4b6ae2a,2023-08-24 13:47:00,2023-08-24 18:16:00,T,30125.00,4.48,6719.33,T,top,113.20,5318.00,nominal_47ft_strip_by_centerline_zone_length,3313.15,3,"1,2,3",True,3,"1,2,3",,,True,True,2.71,8966.364719445002,3.05007,5.75637,2.7063000000000006,10105.3246276605,19071.689347105505,8966.364719445002,,,,,,
2023,S3_S4,east,S4,2023-09-07_S3_S4_ea877a99,2023-09-07 07:38:00,2023-09-07 18:19:00,B,78850.00,10.68,7380.66,B,bottom,107.40,5045.40,nominal_47ft_strip_by_centerline_zone_length,3143.32,3,"1,2,3",True,0,,"1,2,3",missing_baseline,False,False,,,,,,,,,,,,,,
2023,S3_S4,east,S4,2023-09-07_S3_S4_ea877a99,2023-09-07 07:38:00,2023-09-07 18:19:00,M,78850.00,10.68,7380.66,M,middle,117.30,5513.10,nominal_47ft_strip_by_centerline_zone_length,3434.66,3,"1,2,3",True,3,"1,2,3",,,True,True,3.05,10486.982654063997,1.61469,4.6679699999999995,3.0532799999999995,5545.913254497,16032.895908560997,10486.982654063997,,,,,,
2023,S3_S4,east,S4,2023-09-07_S3_S4_ea877a99,2023-09-07 07:38:00,2023-09-07 18:19:00,T,78850.00,10.68,7380.66,T,top,113.20,5318.00,nominal_47ft_strip_by_centerline_zone_length,3313.15,3,"1,2,3",True,3,"1,2,3",,,True,True,3.16,10457.379431299501,2.9694900000000004,6.12582,3.15633,9838.351391473503,20295.730822773003,10457.379431299501,,,,,,
2023,S3_S4,east,S4,2023-09-22_S3_S4_157133f5,2023-09-22 07:20:00,2023-09-22 16:18:00,B,72300.00,8.97,8063.20,B,bottom,107.40,5045.40,nominal_47ft_strip_by_centerline_zone_length,3143.32,3,"1,2,3",True,0,,"1,2,3",missing_baseline,False,False,,,,,,,,,,,,,,
2023,S3_S4,east,S4,2023-09-22_S3_S4_157133f5,2023-09-22 07:20:00,2023-09-22 16:18:00,M,72300.00,8.97,8063.20,M,middle,117.30,5513.10,nominal_47ft_strip_by_centerline_zone_length,3434.66,3,"1,2,3",True,3,"1,2,3",,,True,True,2.14,7333.2423017910005,2.66427,4.799340000000001,2.1350700000000002,9150.865061751,16484.107363542003,7333.2423017910005,,,,,,
2023,S3_S4,east,S4,2023-09-22_S3_S4_157133f5,2023-09-22 07:20:00,2023-09-22 16:18:00,T,72300.00,8.97,8063.20,T,top,113.20,5318.00,nominal_47ft_strip_by_centerline_zone_length,3313.15,3,"1,2,3",True,3,"1,2,3",,,True,True,3.16,10461.454599834002,3.26616,6.42372,3.15756,10821.262163124002,21282.716762958004,10461.454599834002,,,,,,
2024,S1_S2,west,S1,2024-04-20_S1_S2_5f2fb725,2024-04-20 10:11:00,2024-04-20 17:54:00,B,62950.00,7.72,8157.67,B,bottom,122.00,5731.60,nominal_47ft_strip_by_centerline_zone_length,3570.82,3,"1,2,3",True,3,"1,2,3",,,True,True,4.38,15626.363555533499,4.4036100000000005,8.77974,4.37613,15724.4896327995,31350.853188333,15626.363555533499,,,,,,
2024,S1_S2,west,S1,2024-04-20_S1_S2_5f2fb725,2024-04-20 10:11:00,2024-04-20 17:54:00,M,62950.00,7.72,8157.67,M,middle,115.30,5419.10,nominal_47ft_strip_by_centerline_zone_length,3376.10,3,"1,2,3",True,3,"1,2,3",,,True,True,3.47,11704.666185155998,2.96292,6.42984,3.4669199999999996,10003.112137955999,21707.778323112,11704.666185155998,,,,,,
2024,S1_S2,west,S1,2024-04-20_S1_S2_5f2fb725,2024-04-20 10:11:00,2024-04-20 17:54:00,T,62950.00,7.72,8157.67,T,top,109.40,5139.40,nominal_47ft_strip_by_centerline_zone_length,3201.88,3,"1,2,3",True,3,"1,2,3",,,True,True,4.92,15749.778534462,2.65239,7.57131,4.918920000000001,8492.6274643665,24242.4059988285,15749.778534462,,,,,,
2024,S1_S2,west,S1,2024-05-11_S1_S2_4c1cd284,2024-05-11 06:55:00,2024-05-11 16:18:00,B,66500.00,9.38,7087.03,B,bottom,122.00,5731.60,nominal_47ft_strip_by_centerline_zone_length,3570.82,3,"1,2,3",True,1,1,"2,3",no_peak,False,False,0.05,163.25779667400073,,,,,,,,,,,,
2024,S1_S2,west,S1,2024-05-11_S1_S2_4c1cd284,2024-05-11 06:55:00,2024-05-11 16:18:00,M,66500.00,9.38,7087.03,M,middle,115.30,5419.10,nominal_47ft_strip_by_centerline_zone_length,3376.10,3,"1,2,3",True,0,,"1,2,3",no_peak,False,False,,,,,,,,,,,,,,
2024,S1_S2,west,S1,2024-05-11_S1_S2_4c1cd284,2024-05-11 06:55:00,2024-05-11 16:18:00,T,66500.00,9.38,7087.03,T,top,109.40,5139.40,nominal_47ft_strip_by_centerline_zone_length,3201.88,3,"1,2,3",True,0,,"1,2,3",no_peak,False,False,,,,,,,,,,,,,,
2024,S1_S2,west,S1,2024-06-01_S1_S2_ef46e32f,2024-06-01 18:05:00,2024-06-02 07:46:00,B,81250.00,13.68,5937.88,B,bottom,122.00,5731.60,nominal_47ft_strip_by_centerline_zone_length,3570.82,3,"1,2,3",True,3,"1,2,3",,,True,True,2.06,7348.850465638498,5.64366,7.701689999999999,2.0580299999999996,20152.482431696997,27501.332897335495,7348.850465638498,,,,,,
2024,S1_S2,west,S1,2024-06-01_S1_S2_ef46e32f,2024-06-01 18:05:00,2024-06-02 07:46:00,M,81250.00,13.68,5937.88,M,middle,115.30,5419.10,nominal_47ft_strip_by_centerline_zone_length,3376.10,3,"1,2,3",True,3,"1,2,3",,,True,True,3.18,10750.175391059996,3.58704,6.77124,3.1841999999999993,12110.203233072,22860.378624131998,10750.175391059996,,,,,,
2024,S1_S2,west,S1,2024-06-01_S1_S2_ef46e32f,2024-06-01 18:05:00,2024-06-02 07:46:00,T,81250.00,13.68,5937.88,T,top,109.40,5139.40,nominal_47ft_strip_by_centerline_zone_length,3201.88,3,"1,2,3",True,3,"1,2,3",,,True,True,4.74,15161.625684040497,2.9603099999999998,7.695539999999999,4.73523,9478.549537978499,24640.175222018996,15161.625684040497,,,,,,
2024,S1_S2,west,S1,2024-06-22_S1_S2_e95bd875,2024-06-22 08:00:00,2024-06-22 15:49:00,B,47100.00,7.82,6025.59,B,bottom,122.00,5731.60,nominal_47ft_strip_by_centerline_zone_length,3570.82,3,"1,2,3",True,3,"1,2,3",,,True,True,2.86,10201.791174970498,5.0635200000000005,7.92051,2.8569899999999997,18080.908106184,28282.6992811545,10201.791174970498,,,,,,
2024,S1_S2,west,S1,2024-06-22_S1_S2_e95bd875,2024-06-22 08:00:00,2024-06-22 15:49:00,M,47100.00,7.82,6025.59,M,middle,115.30,5419.10,nominal_47ft_strip_by_centerline_zone_length,3376.10,3,"1,2,3",True,3,"1,2,3",,,True,True,3.03,10217.224355562,3.7507200000000003,6.77706,3.0263400000000003,12662.803166496,22880.027522057997,10217.224355562,,,,,,
2024,S1_S2,west,S1,2024-06-22_S1_S2_e95bd875,2024-06-22 08:00:00,2024-06-22 15:49:00,T,47100.00,7.82,6025.59,T,top,109.40,5139.40,nominal_47ft_strip_by_centerline_zone_length,3201.88,3,"1,2,3",True,3,"1,2,3",,,True,True,4.31,13784.754385993498,3.5431799999999996,7.84839,4.30521,11344.827788972998,25129.582174966497,13784.754385993498,,,,,,
2024,S1_S2,west,S1,2024-07-20_S1_S2_6d735351,2024-07-20 08:54:00,2024-07-20 17:43:00,B,55550.00,8.82,6300.57,B,bottom,122.00,5731.60,nominal_47ft_strip_by_centerline_zone_length,3570.82,3,"1,2,3",True,3,"1,2,3",,,True,True,4.18,14927.590190897998,3.8563199999999997,8.036760000000001,4.18044,13770.216676943997,28697.806867842002,14927.590190897998,,,,,,
2024,S1_S2,west,S1,2024-07-20_S1_S2_6d735351,2024-07-20 08:54:00,2024-07-20 17:43:00,M,55550.00,8.82,6300.57,M,middle,115.30,5419.10,nominal_47ft_strip_by_centerline_zone_length,3376.10,3,"1,2,3",True,3,"1,2,3",,,True,True,3.81,12871.749952173,2.7768000000000006,6.589410000000001,3.8126100000000003,9374.752536240001,22246.502488413003,12871.749952173,,,,,,
2024,S1_S2,west,S1,2024-07-20_S1_S2_6d735351,2024-07-20 08:54:00,2024-07-20 17:43:00,T,55550.00,8.82,6300.57,T,top,109.40,5139.40,nominal_47ft_strip_by_centerline_zone_length,3201.88,3,"1,2,3",True,3,"1,2,3",,,True,True,4.86,15567.847863434998,2.85564,7.717739999999999,4.8621,9143.409035753999,24711.256899188997,15567.847863434998,,,,,,
2024,S1_S2,west,S1,2024-08-10_S1_S2_de427086,2024-08-10 08:50:00,2024-08-10 20:38:00,B,84700.00,11.80,7177.97,B,bottom,122.00,5731.60,nominal_47ft_strip_by_centerline_zone_length,3570.82,3,"1,2,3",True,1,3,"1,2",plateau_below_baseline,False,False,0.15,551.0486260439976,,,,,,,,,,,,
2024,S1_S2,west,S1,2024-08-10_S1_S2_de427086,2024-08-10 08:50:00,2024-08-10 20:38:00,M,84700.00,11.80,7177.97,M,middle,115.30,5419.10,nominal_47ft_strip_by_centerline_zone_length,3376.10,3,"1,2,3",True,3,"1,2,3",,,True,True,3.30,11135.860975092,3.4605300000000003,6.75897,3.2984400000000003,11683.092910629,22818.953885721,11135.860975092,,,,,,
2024,S1_S2,west,S1,2024-08-10_S1_S2_de427086,2024-08-10 08:50:00,2024-08-10 20:38:00,T,84700.00,11.80,7177.97,T,top,109.40,5139.40,nominal_47ft_strip_by_centerline_zone_length,3201.88,3,"1,2,3",True,3,"1,2,3",,,True,True,4.01,12837.639065863501,3.48537,7.49478,4.009410000000001,11159.7272593695,23997.366325233,12837.639065863501,,,,,,
2024,S1_S2,west,S1,2024-09-07_S1_S2_b15b9a0a,2024-09-07 08:23:00,2024-09-07 16:16:00,B,53000.00,7.88,6723.04,B,bottom,122.00,5731.60,nominal_47ft_strip_by_centerline_zone_length,3570.82,3,"1,2,3",True,3,"1,2,3",,,True,True,2.94,10485.671201995503,5.15043,8.086920000000001,2.936490000000001,18391.247894218497,28876.919096214002,10485.671201995503,,,,,,
2024,S1_S2,west,S1,2024-09-07_S1_S2_b15b9a0a,2024-09-07 08:23:00,2024-09-07 16:16:00,M,53000.00,7.88,6723.04,M,middle,115.30,5419.10,nominal_47ft_strip_by_centerline_zone_length,3376.10,3,"1,2,3",True,3,"1,2,3",,,True,True,2.64,8915.332943496,3.89757,6.53829,2.64072,13158.583348700999,22073.916292197,8915.332943496,,,,,,
2024,S1_S2,west,S1,2024-09-07_S1_S2_b15b9a0a,2024-09-07 08:23:00,2024-09-07 16:16:00,T,53000.00,7.88,6723.04,T,top,109.40,5139.40,nominal_47ft_strip_by_centerline_zone_length,3201.88,3,"1,2,3",True,3,"1,2,3",,,True,True,3.40,10899.606743455497,3.97806,7.38219,3.4041299999999994,12737.260210941,23636.866954396497,10899.606743455497,,,,,,
2024,S1_S2,west,S2,2024-04-20_S1_S2_5f2fb725,2024-04-20 10:11:00,2024-04-20 17:54:00,B,62950.00,7.72,8157.67,B,bottom,115.80,5440.20,nominal_47ft_strip_by_centerline_zone_length,3389.28,3,"1,2,3",True,3,"1,2,3",,,True,True,4.05,13733.175875212499,1.5142200000000001,5.56617,4.05195,5132.109126165,18865.2850013775,13733.175875212499,,,,,,
2024,S1_S2,west,S2,2024-04-20_S1_S2_5f2fb725,2024-04-20 10:11:00,2024-04-20 17:54:00,M,62950.00,7.72,8157.67,M,middle,117.30,5513.10,nominal_47ft_strip_by_centerline_zone_length,3434.66,3,"1,2,3",True,3,"1,2,3",,,True,True,4.16,14303.372210946001,2.27652,6.440939999999999,4.164420000000001,7819.075142676,22122.447353621996,14303.372210946001,,,,,,
2024,S1_S2,west,S2,2024-04-20_S1_S2_5f2fb725,2024-04-20 10:11:00,2024-04-20 17:54:00,T,62950.00,7.72,8157.67,T,top,111.00,5219.40,nominal_47ft_strip_by_centerline_zone_length,3251.66,3,"1,2,3",True,3,"1,2,3",,,True,True,3.25,10552.531100663997,3.30699,6.552269999999999,3.2452799999999993,10753.1907337995,21305.721834463497,10552.531100663997,,,,,,
2024,S1_S2,west,S2,2024-05-11_S1_S2_4c1cd284,2024-05-11 06:55:00,2024-05-11 16:18:00,B,66500.00,9.38,7087.03,B,bottom,115.80,5440.20,nominal_47ft_strip_by_centerline_zone_length,3389.28,3,"1,2,3",True,0,,"1,2,3",no_peak,False,False,,,,,,,,,,,,,,
2024,S1_S2,west,S2,2024-05-11_S1_S2_4c1cd284,2024-05-11 06:55:00,2024-05-11 16:18:00,M,66500.00,9.38,7087.03,M,middle,117.30,5513.10,nominal_47ft_strip_by_centerline_zone_length,3434.66,3,"1,2,3",True,0,,"1,2,3",no_peak,False,False,,,,,,,,,,,,,,
2024,S1_S2,west,S2,2024-05-11_S1_S2_4c1cd284,2024-05-11 06:55:00,2024-05-11 16:18:00,T,66500.00,9.38,7087.03,T,top,111.00,5219.40,nominal_47ft_strip_by_centerline_zone_length,3251.66,3,"1,2,3",True,0,,"1,2,3",no_peak,False,False,,,,,,,,,,,,,,
2024,S1_S2,west,S2,2024-06-01_S1_S2_ef46e32f,2024-06-01 18:05:00,2024-06-02 07:46:00,B,81250.00,13.68,5937.88,B,bottom,115.80,5440.20,nominal_47ft_strip_by_centerline_zone_length,3389.28,3,"1,2,3",True,3,"1,2,3",,,True,True,4.85,16436.292749624998,1.43703,6.286529999999999,4.8495,4870.490931022499,21306.783680647495,16436.292749624998,,,,,,
2024,S1_S2,west,S2,2024-06-01_S1_S2_ef46e32f,2024-06-01 18:05:00,2024-06-02 07:46:00,M,81250.00,13.68,5937.88,M,middle,117.30,5513.10,nominal_47ft_strip_by_centerline_zone_length,3434.66,3,"1,2,3",True,3,"1,2,3",,,True,True,4.89,16792.299521991,1.94868,6.83775,4.88907,6693.0557820839995,23485.355304074998,16792.299521991,,,,,,
2024,S1_S2,west,S2,2024-06-01_S1_S2_ef46e32f,2024-06-01 18:05:00,2024-06-02 07:46:00,T,81250.00,13.68,5937.88,T,top,111.00,5219.40,nominal_47ft_strip_by_centerline_zone_length,3251.66,3,"1,2,3",True,3,"1,2,3",,,True,True,4.68,15204.673980699003,2.8172099999999998,7.49319,4.675980000000001,9160.5951234105,24365.2691041095,15204.673980699003,,,,,,
2024,S1_S2,west,S2,2024-06-22_S1_S2_e95bd875,2024-06-22 08:00:00,2024-06-22 15:49:00,B,47100.00,7.82,6025.59,B,bottom,115.80,5440.20,nominal_47ft_strip_by_centerline_zone_length,3389.28,3,"1,2,3",True,3,"1,2,3",,,True,True,4.11,13933.380393765,1.35018,5.4612,4.11102,4576.132332134999,18509.5127259,13933.380393765,,,,,,
2024,S1_S2,west,S2,2024-06-22_S1_S2_e95bd875,2024-06-22 08:00:00,2024-06-22 15:49:00,M,47100.00,7.82,6025.59,M,middle,117.30,5513.10,nominal_47ft_strip_by_centerline_zone_length,3434.66,3,"1,2,3",True,3,"1,2,3",,,True,True,3.66,12580.752182543998,2.97426,6.6371400000000005,3.6628799999999995,10215.575718138,22796.327900682,12580.752182543998,,,,,,
2024,S1_S2,west,S2,2024-06-22_S1_S2_e95bd875,2024-06-22 08:00:00,2024-06-22 15:49:00,T,47100.00,7.82,6025.59,T,top,111.00,5219.40,nominal_47ft_strip_by_centerline_zone_length,3251.66,3,"1,2,3",True,3,"1,2,3",,,True,True,4.17,13543.598514956999,2.70288,6.86802,4.16514,8788.833401544,22332.431916501,13543.598514956999,,,,,,
2024,S1_S2,west,S2,2024-07-20_S1_S2_6d735351,2024-07-20 08:54:00,2024-07-20 17:43:00,B,55550.00,8.82,6300.57,B,bottom,115.80,5440.20,nominal_47ft_strip_by_centerline_zone_length,3389.28,3,"1,2,3",True,3,"1,2,3",,,True,True,4.67,15829.985210707498,1.27338,5.94399,4.67061,4315.8359545349995,20145.8211652425,15829.985210707498,,,,,,
2024,S1_S2,west,S2,2024-07-20_S1_S2_6d735351,2024-07-20 08:54:00,2024-07-20 17:43:00,M,55550.00,8.82,6300.57,M,middle,117.30,5513.10,nominal_47ft_strip_by_centerline_zone_length,3434.66,3,"1,2,3",True,3,"1,2,3",,,True,True,4.35,14944.589129042999,1.8567299999999998,6.207839999999999,4.35111,6377.238675548999,21321.827804591994,14944.589129042999,,,,,,
2024,S1_S2,west,S2,2024-07-20_S1_S2_6d735351,2024-07-20 08:54:00,2024-07-20 17:43:00,T,55550.00,8.82,6300.57,T,top,111.00,5219.40,nominal_47ft_strip_by_centerline_zone_length,3251.66,3,"1,2,3",True,2,"1,2",3,missing_baseline,False,False,3.29,10700.9041205955,,,,,,,,,,,,
2024,S1_S2,west,S2,2024-08-10_S1_S2_de427086,2024-08-10 08:50:00,2024-08-10 20:38:00,B,84700.00,11.80,7177.97,B,bottom,115.80,5440.20,nominal_47ft_strip_by_centerline_zone_length,3389.28,3,"1,2,3",True,3,"1,2,3",,,True,True,5.02,17024.7049125825,1.6373700000000002,6.660480000000001,5.02311,5549.498434777501,22574.203347360002,17024.7049125825,,,,,,
2024,S1_S2,west,S2,2024-08-10_S1_S2_de427086,2024-08-10 08:50:00,2024-08-10 20:38:00,M,84700.00,11.80,7177.97,M,middle,117.30,5513.10,nominal_47ft_strip_by_centerline_zone_length,3434.66,3,"1,2,3",True,3,"1,2,3",,,True,True,4.00,13742.114207912995,3.03651,7.037519999999999,4.001009999999999,10429.383384063,24171.497591975993,13742.114207912995,,,,,,
2024,S1_S2,west,S2,2024-08-10_S1_S2_de427086,2024-08-10 08:50:00,2024-08-10 20:38:00,T,84700.00,11.80,7177.97,T,top,111.00,5219.40,nominal_47ft_strip_by_centerline_zone_length,3251.66,3,"1,2,3",True,3,"1,2,3",,,True,True,4.33,14092.803052902,2.8437300000000003,7.177770000000001,4.33404,9246.829015336501,23339.6320682385,14092.803052902,,,,,,
2024,S1_S2,west,S2,2024-09-07_S1_S2_b15b9a0a,2024-09-07 08:23:00,2024-09-07 16:16:00,B,53000.00,7.88,6723.04,B,bottom,115.80,5440.20,nominal_47ft_strip_by_centerline_zone_length,3389.28,3,"1,2,3",True,3,"1,2,3",,,True,True,3.96,13418.1765870075,2.0889,6.04791,3.95901,7079.858114175,20498.0347011825,13418.1765870075,,,,,,
2024,S1_S2,west,S2,2024-09-07_S1_S2_b15b9a0a,2024-09-07 08:23:00,2024-09-07 16:16:00,M,53000.00,7.88,6723.04,M,middle,117.30,5513.10,nominal_47ft_strip_by_centerline_zone_length,3434.66,3,"1,2,3",True,3,"1,2,3",,,True,True,2.80,9620.108488557,3.44196,6.242850000000001,2.8008900000000003,11821.966808148,21442.075296705,9620.108488557,,,,,,
2024,S1_S2,west,S2,2024-09-07_S1_S2_b15b9a0a,2024-09-07 08:23:00,2024-09-07 16:16:00,T,53000.00,7.88,6723.04,T,top,111.00,5219.40,nominal_47ft_strip_by_centerline_zone_length,3251.66,3,"1,2,3",True,3,"1,2,3",,,True,True,3.49,11350.389700282502,3.1735799999999994,6.66423,3.4906500000000005,10319.387433578997,21669.7771338615,11350.389700282502,,,,,,
2024,S3_S4,east,S3,2024-04-19_S3_S4_c5bf8374,2024-04-19 14:14:00,2024-04-19 21:33:00,B,54875.00,7.32,7500.00,B,bottom,110.80,5205.20,nominal_47ft_strip_by_centerline_zone_length,3242.87,3,"1,2,3",True,3,"1,2,3",,,True,True,3.02,9801.965986365001,1.93458,4.9572,3.0226200000000003,6273.592895535,16075.5588819,9801.965986365001,,,,,,
2024,S3_S4,east,S3,2024-04-19_S3_S4_c5bf8374,2024-04-19 14:14:00,2024-04-19 21:33:00,M,54875.00,7.32,7500.00,M,middle,118.80,5583.60,nominal_47ft_strip_by_centerline_zone_length,3478.58,3,"1,2,3",True,3,"1,2,3",,,True,True,3.23,11247.64962552,2.91921,6.15261,3.2334000000000005,10154.713695588,21402.363321107998,11247.64962552,,,,,,
2024,S3_S4,east,S3,2024-04-19_S3_S4_c5bf8374,2024-04-19 14:14:00,2024-04-19 21:33:00,T,54875.00,7.32,7500.00,T,top,111.40,5233.40,nominal_47ft_strip_by_centerline_zone_length,3260.44,3,"1,2,3",True,3,"1,2,3",,,True,True,3.49,11386.725781546502,3.23757,6.72996,3.4923900000000003,10555.9006263795,21942.626407926,11386.725781546502,,,,,,
2024,S3_S4,east,S3,2024-05-03_S3_S4_13e4749a,2024-05-03 08:37:00,2024-05-03 15:28:00,B,44600.00,6.85,6510.95,B,bottom,110.80,5205.20,nominal_47ft_strip_by_centerline_zone_length,3242.87,3,"1,2,3",True,3,"1,2,3",,,True,True,1.55,5039.713003867499,3.43446,4.98855,1.5540899999999995,11137.509876045,16177.2228799125,5039.713003867499,,,,,,
2024,S3_S4,east,S3,2024-05-03_S3_S4_13e4749a,2024-05-03 08:37:00,2024-05-03 15:28:00,M,44600.00,6.85,6510.95,M,middle,118.80,5583.60,nominal_47ft_strip_by_centerline_zone_length,3478.58,3,"1,2,3",True,3,"1,2,3",,,True,True,2.47,8603.857125864004,3.78282,6.256200000000001,2.4733800000000015,13158.852587496,21762.70971336,8603.857125864004,,,,,,
2024,S3_S4,east,S3,2024-05-03_S3_S4_13e4749a,2024-05-03 08:37:00,2024-05-03 15:28:00,T,44600.00,6.85,6510.95,T,top,111.40,5233.40,nominal_47ft_strip_by_centerline_zone_length,3260.44,3,"1,2,3",True,3,"1,2,3",,,True,True,2.62,8553.762634724999,4.415100000000001,7.038600000000001,2.6234999999999995,14395.165774185003,22948.928408910004,8553.762634724999,,,,,,
2024,S3_S4,east,S3,2024-05-17_S3_S4_09c73fc7,2024-05-17 13:31:00,2024-05-17 19:09:00,B,47550.00,5.63,8440.83,B,bottom,110.80,5205.20,nominal_47ft_strip_by_centerline_zone_length,3242.87,3,"1,2,3",True,3,"1,2,3",,,True,True,1.71,5532.3699282074995,3.34938,5.05539,1.7060099999999998,10861.606432635,16393.976360842502,5532.3699282074995,,,,,,
2024,S3_S4,east,S3,2024-05-17_S3_S4_09c73fc7,2024-05-17 13:31:00,2024-05-17 19:09:00,M,47550.00,5.63,8440.83,M,middle,118.80,5583.60,nominal_47ft_strip_by_centerline_zone_length,3478.58,3,"1,2,3",True,3,"1,2,3",,,True,True,2.21,7702.625894040001,3.7793099999999997,5.99361,2.2143000000000006,13146.642761867997,20849.268655908,7702.625894040001,,,,,,
2024,S3_S4,east,S3,2024-05-17_S3_S4_09c73fc7,2024-05-17 13:31:00,2024-05-17 19:09:00,T,47550.00,5.63,8440.83,T,top,111.40,5233.40,nominal_47ft_strip_by_centerline_zone_length,3260.44,3,"1,2,3",True,3,"1,2,3",,,True,True,2.44,7953.189706454999,4.52145,6.960749999999999,2.4393,14741.9134990575,22695.103205512496,7953.189706454999,,,,,,
2024,S3_S4,east,S3,2024-06-01_S3_S4_0880f850,2024-06-01 08:29:00,2024-06-01 17:57:00,B,61450.00,9.47,6491.20,B,bottom,110.80,5205.20,nominal_47ft_strip_by_centerline_zone_length,3242.87,3,"1,2,3",True,3,"1,2,3",,,True,True,2.04,6622.558216942501,3.102,5.14419,2.04219,10059.385066499999,16681.9432834425,6622.558216942501,,,,,,
2024,S3_S4,east,S3,2024-06-01_S3_S4_0880f850,2024-06-01 08:29:00,2024-06-01 17:57:00,M,61450.00,9.47,6491.20,M,middle,118.80,5583.60,nominal_47ft_strip_by_centerline_zone_length,3478.58,3,"1,2,3",True,3,"1,2,3",,,True,True,2.83,9854.268499152002,3.2436599999999998,6.076499999999999,2.832840000000001,11283.339885047999,21137.608384199997,9854.268499152002,,,,,,
2024,S3_S4,east,S3,2024-06-01_S3_S4_0880f850,2024-06-01 08:29:00,2024-06-01 17:57:00,T,61450.00,9.47,6491.20,T,top,111.40,5233.40,nominal_47ft_strip_by_centerline_zone_length,3260.44,3,"1,2,3",True,3,"1,2,3",,,True,True,2.96,9655.041233974502,4.38387,7.345140000000001,2.9612700000000003,14293.3422532845,23948.383487259,9655.041233974502,,,,,,
2024,S3_S4,east,S3,2024-06-15_S3_S4_b6aa9839,2024-06-15 07:29:00,2024-06-15 16:13:00,B,52500.00,8.73,6011.45,B,bottom,110.80,5205.20,nominal_47ft_strip_by_centerline_zone_length,3242.87,3,"1,2,3",True,3,"1,2,3",,,True,True,2.02,6552.02577813,3.3107400000000005,5.33118,2.02044,10736.301906855002,17288.327684985,6552.02577813,,,,,,
2024,S3_S4,east,S3,2024-06-15_S3_S4_b6aa9839,2024-06-15 07:29:00,2024-06-15 16:13:00,M,52500.00,8.73,6011.45,M,middle,118.80,5583.60,nominal_47ft_strip_by_centerline_zone_length,3478.58,3,"1,2,3",True,3,"1,2,3",,,True,True,2.50,8698.196291399998,3.6472800000000003,6.14778,2.5004999999999997,12687.365474784,21385.561766183997,8698.196291399998,,,,,,
2024,S3_S4,east,S3,2024-06-15_S3_S4_b6aa9839,2024-06-15 07:29:00,2024-06-15 16:13:00,T,52500.00,8.73,6011.45,T,top,111.40,5233.40,nominal_47ft_strip_by_centerline_zone_length,3260.44,3,"1,2,3",True,3,"1,2,3",,,True,True,2.84,9243.541183611002,4.28805,7.1231100000000005,2.8350600000000004,13980.926954767501,23224.468138378503,9243.541183611002,,,,,,
2024,S3_S4,east,S3,2024-06-28_S3_S4_14b9d993,2024-06-28 08:19:00,2024-06-28 14:44:00,B,39650.00,6.42,6179.22,B,bottom,110.80,5205.20,nominal_47ft_strip_by_centerline_zone_length,3242.87,3,"1,2,3",True,3,"1,2,3",,,True,True,1.86,6038.938768065,3.51051,5.37273,1.86222,11384.1301965825,17423.0689646475,6038.938768065,,,,,,
2024,S3_S4,east,S3,2024-06-28_S3_S4_14b9d993,2024-06-28 08:19:00,2024-06-28 14:44:00,M,39650.00,6.42,6179.22,M,middle,118.80,5583.60,nominal_47ft_strip_by_centerline_zone_length,3478.58,3,"1,2,3",True,3,"1,2,3",,,True,True,2.03,7077.420207395998,4.02534,6.0599099999999995,2.0345699999999995,14002.478488151999,21079.898695547996,7077.420207395998,,,,,,
2024,S3_S4,east,S3,2024-06-28_S3_S4_14b9d993,2024-06-28 08:19:00,2024-06-28 14:44:00,T,39650.00,6.42,6179.22,T,top,111.40,5233.40,nominal_47ft_strip_by_centerline_zone_length,3260.44,3,"1,2,3",True,3,"1,2,3",,,True,True,2.32,7575.435203364,4.6623,6.98574,2.3234399999999997,15201.146381505001,22776.581584869,7575.435203364,,,,,,
2024,S3_S4,east,S3,2024-07-11_S3_S4_d29231ea,2024-07-11 10:01:00,2024-07-11 17:39:00,B,46550.00,7.63,6098.25,B,bottom,110.80,5205.20,nominal_47ft_strip_by_centerline_zone_length,3242.87,3,"1,2,3",True,3,"1,2,3",,,True,True,2.63,8523.7236228375,2.70546,5.3339099999999995,2.62845,8773.457099295,17297.1807221325,8523.7236228375,,,,,,
2024,S3_S4,east,S3,2024-07-11_S3_S4_d29231ea,2024-07-11 10:01:00,2024-07-11 17:39:00,M,46550.00,7.63,6098.25,M,middle,118.80,5583.60,nominal_47ft_strip_by_centerline_zone_length,3478.58,3,"1,2,3",True,3,"1,2,3",,,True,True,2.40,8349.224864904001,3.4228799999999997,5.82306,2.4001800000000006,11906.771494463997,20255.996359367997,8349.224864904001,,,,,,
2024,S3_S4,east,S3,2024-07-11_S3_S4_d29231ea,2024-07-11 10:01:00,2024-07-11 17:39:00,T,46550.00,7.63,6098.25,T,top,111.40,5233.40,nominal_47ft_strip_by_centerline_zone_length,3260.44,3,"1,2,3",True,3,"1,2,3",,,True,True,2.80,9120.883455263998,4.41111,7.20855,2.7974399999999995,14382.1566211785,23503.0400764425,9120.883455263998,,,,,,
2024,S3_S4,east,S3,2024-07-26_S3_S4_fd133a4c,2024-07-26 19:02:00,2024-07-27 07:21:00,B,71850.00,12.32,5833.56,B,bottom,110.80,5205.20,nominal_47ft_strip_by_centerline_zone_length,3242.87,3,"1,2,3",True,3,"1,2,3",,,True,True,3.31,10718.790404805,1.9861499999999999,5.29149,3.30534,6440.8277401125,17159.6181449175,10718.790404805,,,,,,
2024,S3_S4,east,S3,2024-07-26_S3_S4_fd133a4c,2024-07-26 19:02:00,2024-07-27 07:21:00,M,71850.00,12.32,5833.56,M,middle,118.80,5583.60,nominal_47ft_strip_by_centerline_zone_length,3478.58,3,"1,2,3",True,3,"1,2,3",,,True,True,3.42,11890.909156896001,2.80863,6.22695,3.4183200000000005,9770.052009563999,21660.961166459998,11890.909156896001,,,,,,
2024,S3_S4,east,S3,2024-07-26_S3_S4_fd133a4c,2024-07-26 19:02:00,2024-07-27 07:21:00,T,71850.00,12.32,5833.56,T,top,111.40,5233.40,nominal_47ft_strip_by_centerline_zone_length,3260.44,3,"1,2,3",True,3,"1,2,3",,,True,True,3.45,11258.688328271997,3.83868,7.291799999999999,3.453119999999999,12515.783324058,23774.471652329998,11258.688328271997,,,,,,
2024,S3_S4,east,S3,2024-08-09_S3_S4_fd100e26,2024-08-09 08:45:00,2024-08-09 15:50:00,B,46900.00,7.08,6621.18,B,bottom,110.80,5205.20,nominal_47ft_strip_by_centerline_zone_length,3242.87,3,"1,2,3",True,3,"1,2,3",,,True,True,2.47,8012.971479712498,2.7561600000000004,5.22711,2.4709499999999993,8937.870646320001,16950.842126032498,8012.971479712498,,,,,,
2024,S3_S4,east,S3,2024-08-09_S3_S4_fd100e26,2024-08-09 08:45:00,2024-08-09 15:50:00,M,46900.00,7.08,6621.18,M,middle,118.80,5583.60,nominal_47ft_strip_by_centerline_zone_length,3478.58,3,"1,2,3",True,3,"1,2,3",,,True,True,2.48,8643.93039972,3.69918,6.184080000000001,2.4849,12867.903922103998,21511.834321824,8643.93039972,,,,,,
2024,S3_S4,east,S3,2024-08-09_S3_S4_fd100e26,2024-08-09 08:45:00,2024-08-09 15:50:00,T,46900.00,7.08,6621.18,T,top,111.40,5233.40,nominal_47ft_strip_by_centerline_zone_length,3260.44,3,"1,2,3",True,3,"1,2,3",,,True,True,2.70,8812.282870786497,4.5636600000000005,7.26645,2.702789999999999,14879.536644021002,23691.8195148075,8812.282870786497,,,,,,
2024,S3_S4,east,S3,2024-08-23_S3_S4_0b64e5f5,2024-08-23 09:32:00,2024-08-23 15:04:00,B,30150.00,5.53,5448.80,B,bottom,110.80,5205.20,nominal_47ft_strip_by_centerline_zone_length,3242.87,3,"1,2,3",True,3,"1,2,3",,,True,True,2.11,6853.320899512501,3.2067300000000003,5.32008,2.11335,10399.0109201475,17252.33181966,6853.320899512501,,,,,,
2024,S3_S4,east,S3,2024-08-23_S3_S4_0b64e5f5,2024-08-23 09:32:00,2024-08-23 15:04:00,M,30150.00,5.53,5448.80,M,middle,118.80,5583.60,nominal_47ft_strip_by_centerline_zone_length,3478.58,3,"1,2,3",True,3,"1,2,3",,,True,True,2.10,7318.7990678880005,3.9369000000000005,6.04086,2.1039600000000003,13694.832625320001,21013.631693208,7318.7990678880005,,,,,,
2024,S3_S4,east,S3,2024-08-23_S3_S4_0b64e5f5,2024-08-23 09:32:00,2024-08-23 15:04:00,T,30150.00,5.53,5448.80,T,top,111.40,5233.40,nominal_47ft_strip_by_centerline_zone_length,3260.44,3,"1,2,3",True,3,"1,2,3",,,True,True,2.33,7602.236014821001,4.9149899999999995,7.24665,2.3316600000000003,16025.026800856498,23627.2628156775,7602.236014821001,,,,,,
2024,S3_S4,east,S3,2024-09-06_S3_S4_9e0ce675,2024-09-06 09:33:00,2024-09-06 16:29:00,B,48950.00,6.93,7060.10,B,bottom,110.80,5205.20,nominal_47ft_strip_by_centerline_zone_length,3242.87,3,"1,2,3",True,3,"1,2,3",,,True,True,1.82,5904.294774525,3.17457,4.99527,1.8207,10294.7201968275,16199.014971352499,5904.294774525,,,,,,
2024,S3_S4,east,S3,2024-09-06_S3_S4_9e0ce675,2024-09-06 09:33:00,2024-09-06 16:29:00,M,48950.00,6.93,7060.10,M,middle,118.80,5583.60,nominal_47ft_strip_by_centerline_zone_length,3478.58,3,"1,2,3",True,3,"1,2,3",,,True,True,2.35,8176.721943852001,3.61464,5.96523,2.3505900000000004,12573.824532191999,20750.546476043997,8176.721943852001,,,,,,
2024,S3_S4,east,S3,2024-09-06_S3_S4_9e0ce675,2024-09-06 09:33:00,2024-09-06 16:29:00,T,48950.00,6.93,7060.10,T,top,111.40,5233.40,nominal_47ft_strip_by_centerline_zone_length,3260.44,3,"1,2,3",True,3,"1,2,3",,,True,True,2.25,7319.751549537001,4.88664,7.13166,2.2450200000000002,15932.593345284,23252.344894821003,7319.751549537001,,,,,,
2024,S3_S4,east,S3,2024-09-20_S3_S4_032d9e33,2024-09-20 14:27:00,2024-09-20 17:52:00,B,16450.00,3.42,4814.63,B,bottom,110.80,5205.20,nominal_47ft_strip_by_centerline_zone_length,3242.87,3,"1,2,3",True,3,"1,2,3",,,True,True,1.43,4629.749283652501,3.2463299999999995,4.6739999999999995,1.4276700000000002,10527.428601847498,15157.1778855,4629.749283652501,,,,,,
2024,S3_S4,east,S3,2024-09-20_S3_S4_032d9e33,2024-09-20 14:27:00,2024-09-20 17:52:00,M,16450.00,3.42,4814.63,M,middle,118.80,5583.60,nominal_47ft_strip_by_centerline_zone_length,3478.58,3,"1,2,3",True,3,"1,2,3",,,True,True,2.27,7906.540417775999,3.4218900000000003,5.69481,2.27292,11903.327697492,19809.868115268,7906.540417775999,,,,,,
2024,S3_S4,east,S3,2024-09-20_S3_S4_032d9e33,2024-09-20 14:27:00,2024-09-20 17:52:00,T,16450.00,3.42,4814.63,T,top,111.40,5233.40,nominal_47ft_strip_by_centerline_zone_length,3260.44,3,"1,2,3",True,3,"1,2,3",,,True,True,2.38,7743.869500185001,4.6233,6.9984,2.3751,15073.989246855002,22817.85874704,7743.869500185001,,,,,,
2024,S3_S4,east,S3,2024-10-04_S3_S4_bf53dc9a,2024-10-04 11:55:00,2024-10-04 18:02:00,B,47200.00,6.12,7716.62,B,bottom,110.80,5205.20,nominal_47ft_strip_by_centerline_zone_length,3242.87,3,"1,2,3",True,3,"1,2,3",,,True,True,1.88,6099.256164015,3.2893499999999998,5.170170000000001,1.88082,10666.9369015125,16766.193065527503,6099.256164015,,,,,,
2024,S3_S4,east,S3,2024-10-04_S3_S4_bf53dc9a,2024-10-04 11:55:00,2024-10-04 18:02:00,M,47200.00,6.12,7716.62,M,middle,118.80,5583.60,nominal_47ft_strip_by_centerline_zone_length,3478.58,3,"1,2,3",True,3,"1,2,3",,,True,True,2.78,9678.321781127996,3.3362700000000003,6.11853,2.782259999999999,11605.491438156,21283.813219284,9678.321781127996,,,,,,
2024,S3_S4,east,S3,2024-10-04_S3_S4_bf53dc9a,2024-10-04 11:55:00,2024-10-04 18:02:00,T,47200.00,6.12,7716.62,T,top,111.40,5233.40,nominal_47ft_strip_by_centerline_zone_length,3260.44,3,"1,2,3",True,3,"1,2,3",,,True,True,2.51,8174.932186648499,4.58703,7.094340000000001,2.5073099999999995,14955.733111630501,23130.665298279004,8174.932186648499,,,,,,
2024,S3_S4,east,S3,2024-10-18_S3_S4_e3314155,2024-10-18 09:34:00,2024-10-18 17:17:00,B,53550.00,7.72,6939.52,B,bottom,110.80,5205.20,nominal_47ft_strip_by_centerline_zone_length,3242.87,3,"1,2,3",True,3,"1,2,3",,,True,True,1.76,5692.016455229999,3.58824,5.34348,1.7552399999999997,11636.19853998,17328.214995209997,5692.016455229999,,,,,,
2024,S3_S4,east,S3,2024-10-18_S3_S4_e3314155,2024-10-18 09:34:00,2024-10-18 17:17:00,M,53550.00,7.72,6939.52,M,middle,118.80,5583.60,nominal_47ft_strip_by_centerline_zone_length,3478.58,3,"1,2,3",True,3,"1,2,3",,,True,True,2.45,8516.301196788001,3.68199,6.1302,2.4482100000000004,12808.107083771998,21324.408280559997,8516.301196788001,,,,,,
2024,S3_S4,east,S3,2024-10-18_S3_S4_e3314155,2024-10-18 09:34:00,2024-10-18 17:17:00,T,53550.00,7.72,6939.52,T,top,111.40,5233.40,nominal_47ft_strip_by_centerline_zone_length,3260.44,3,"1,2,3",True,3,"1,2,3",,,True,True,2.05,6686.900271701999,4.97226,7.02318,2.0509199999999996,16211.752162431001,22898.652434133,6686.900271701999,,,,,,
2024,S3_S4,east,S4,2024-04-19_S3_S4_c5bf8374,2024-04-19 14:14:00,2024-04-19 21:33:00,B,54875.00,7.32,7500.00,B,bottom,107.40,5045.40,nominal_47ft_strip_by_centerline_zone_length,3143.32,3,"1,2,3",True,3,"1,2,3",,,True,True,0.42,1306.5190252275,2.56926,2.98491,0.41565,8075.994396140999,9382.5134213685,1306.5190252275,,,,,,
2024,S3_S4,east,S4,2024-04-19_S3_S4_c5bf8374,2024-04-19 14:14:00,2024-04-19 21:33:00,M,54875.00,7.32,7500.00,M,middle,117.30,5513.10,nominal_47ft_strip_by_centerline_zone_length,3434.66,3,"1,2,3",True,3,"1,2,3",,,True,True,3.19,10966.117905414,1.4667599999999998,4.65954,3.19278,5037.823808387999,16003.941713801998,10966.117905414,,,,,,
2024,S3_S4,east,S4,2024-04-19_S3_S4_c5bf8374,2024-04-19 14:14:00,2024-04-19 21:33:00,T,54875.00,7.32,7500.00,T,top,113.20,5318.00,nominal_47ft_strip_by_centerline_zone_length,3313.15,3,"1,2,3",True,3,"1,2,3",,,True,True,3.75,12408.4906101345,2.4897299999999998,6.23496,3.74523,8248.8368743095,20657.327484444002,12408.4906101345,,,,,,
2024,S3_S4,east,S4,2024-05-03_S3_S4_13e4749a,2024-05-03 08:37:00,2024-05-03 15:28:00,B,44600.00,6.85,6510.95,B,bottom,107.40,5045.40,nominal_47ft_strip_by_centerline_zone_length,3143.32,3,"1,2,3",True,0,,"1,2,3",missing_baseline,False,False,,,,,,,,,,,,,,
2024,S3_S4,east,S4,2024-05-03_S3_S4_13e4749a,2024-05-03 08:37:00,2024-05-03 15:28:00,M,44600.00,6.85,6510.95,M,middle,117.30,5513.10,nominal_47ft_strip_by_centerline_zone_length,3434.66,3,"1,2,3",True,3,"1,2,3",,,True,True,1.87,6428.449475531999,3.17925,5.05089,1.87164,10919.646938025,17348.096413557,6428.449475531999,,,,,,
2024,S3_S4,east,S4,2024-05-03_S3_S4_13e4749a,2024-05-03 08:37:00,2024-05-03 15:28:00,T,44600.00,6.85,6510.95,T,top,113.20,5318.00,nominal_47ft_strip_by_centerline_zone_length,3313.15,3,"1,2,3",True,3,"1,2,3",,,True,True,2.20,7289.880142093501,3.7743600000000006,5.9746500000000005,2.20029,12505.002528354004,19794.882670447503,7289.880142093501,,,,,,
2024,S3_S4,east,S4,2024-05-17_S3_S4_09c73fc7,2024-05-17 13:31:00,2024-05-17 19:09:00,B,47550.00,5.63,8440.83,B,bottom,107.40,5045.40,nominal_47ft_strip_by_centerline_zone_length,3143.32,3,"1,2,3",True,3,"1,2,3",,,True,True,1.65,5176.9460819895,3.83484,5.481809999999999,1.64697,12054.111436793999,17231.0575187835,5176.9460819895,,,,,,
2024,S3_S4,east,S4,2024-05-17_S3_S4_09c73fc7,2024-05-17 13:31:00,2024-05-17 19:09:00,M,47550.00,5.63,8440.83,M,middle,117.30,5513.10,nominal_47ft_strip_by_centerline_zone_length,3434.66,3,"1,2,3",True,3,"1,2,3",,,True,True,1.82,6244.008163722002,3.27609,5.09403,1.8179400000000006,11252.259538317,17496.267702039,6244.008163722002,,,,,,
2024,S3_S4,east,S4,2024-05-17_S3_S4_09c73fc7,2024-05-17 13:31:00,2024-05-17 19:09:00,T,47550.00,5.63,8440.83,T,top,113.20,5318.00,nominal_47ft_strip_by_centerline_zone_length,3313.15,3,"1,2,3",True,3,"1,2,3",,,True,True,2.68,8876.711011686,3.33447,6.01371,2.6792399999999996,11047.583108320501,19924.2941200065,8876.711011686,,,,,,
2024,S3_S4,east,S4,2024-06-01_S3_S4_0880f850,2024-06-01 08:29:00,2024-06-01 17:57:00,B,61450.00,9.47,6491.20,B,bottom,107.40,5045.40,nominal_47ft_strip_by_centerline_zone_length,3143.32,3,"1,2,3",True,0,,"1,2,3",missing_baseline,False,False,,,,,,,,,,,,,,
2024,S3_S4,east,S4,2024-06-01_S3_S4_0880f850,2024-06-01 08:29:00,2024-06-01 17:57:00,M,61450.00,9.47,6491.20,M,middle,117.30,5513.10,nominal_47ft_strip_by_centerline_zone_length,3434.66,3,"1,2,3",True,3,"1,2,3",,,True,True,3.02,10381.469858927998,2.81325,5.8358099999999995,3.0225599999999995,9662.560902225,20044.030761152997,10381.469858927998,,,,,,
2024,S3_S4,east,S4,2024-06-01_S3_S4_0880f850,2024-06-01 08:29:00,2024-06-01 17:57:00,T,61450.00,9.47,6491.20,T,top,113.20,5318.00,nominal_47ft_strip_by_centerline_zone_length,3313.15,3,"1,2,3",True,3,"1,2,3",,,True,True,3.50,11587.592636319001,2.9192400000000003,6.4167000000000005,3.49746,9671.865847686002,21259.458484005005,11587.592636319001,,,,,,
2024,S3_S4,east,S4,2024-06-15_S3_S4_b6aa9839,2024-06-15 07:29:00,2024-06-15 16:13:00,B,52500.00,8.73,6011.45,B,bottom,107.40,5045.40,nominal_47ft_strip_by_centerline_zone_length,3143.32,3,"1,2,3",True,0,,"1,2,3",missing_baseline,False,False,,,,,,,,,,,,,,
2024,S3_S4,east,S4,2024-06-15_S3_S4_b6aa9839,2024-06-15 07:29:00,2024-06-15 16:13:00,M,52500.00,8.73,6011.45,M,middle,117.30,5513.10,nominal_47ft_strip_by_centerline_zone_length,3434.66,3,"1,2,3",True,3,"1,2,3",,,True,True,2.19,7527.369358466998,4.10214,6.29373,2.1915899999999997,14089.461505182,21616.830863649,7527.369358466998,,,,,,
2024,S3_S4,east,S4,2024-06-15_S3_S4_b6aa9839,2024-06-15 07:29:00,2024-06-15 16:13:00,T,52500.00,8.73,6011.45,T,top,113.20,5318.00,nominal_47ft_strip_by_centerline_zone_length,3313.15,3,"1,2,3",True,3,"1,2,3",,,True,True,3.69,12242.104460701503,2.98254,6.67755,3.6950100000000003,9881.587935681002,22123.692396382503,12242.104460701503,,,,,,
2024,S3_S4,east,S4,2024-06-28_S3_S4_14b9d993,2024-06-28 08:19:00,2024-06-28 14:44:00,B,39650.00,6.42,6179.22,B,bottom,107.40,5045.40,nominal_47ft_strip_by_centerline_zone_length,3143.32,3,"1,2,3",True,3,"1,2,3",,,True,True,0.83,2604.079601707502,4.88988,5.71833,0.8284500000000008,15370.434863657998,17974.5144653655,2604.079601707502,,,,,,
2024,S3_S4,east,S4,2024-06-28_S3_S4_14b9d993,2024-06-28 08:19:00,2024-06-28 14:44:00,M,39650.00,6.42,6179.22,M,middle,117.30,5513.10,nominal_47ft_strip_by_centerline_zone_length,3434.66,3,"1,2,3",True,3,"1,2,3",,,True,True,1.57,5385.7893446909975,3.7822500000000003,5.35032,1.5680699999999994,12990.747701925,18376.537046616,5385.7893446909975,,,,,,
2024,S3_S4,east,S4,2024-06-28_S3_S4_14b9d993,2024-06-28 08:19:00,2024-06-28 14:44:00,T,39650.00,6.42,6179.22,T,top,113.20,5318.00,nominal_47ft_strip_by_centerline_zone_length,3313.15,3,"1,2,3",True,3,"1,2,3",,,True,True,3.10,10283.041733506501,3.46884,6.57255,3.10371,11492.770422126001,21775.812155632502,10283.041733506501,,,,,,
2024,S3_S4,east,S4,2024-07-11_S3_S4_d29231ea,2024-07-11 10:01:00,2024-07-11 17:39:00,B,46550.00,7.63,6098.25,B,bottom,107.40,5045.40,nominal_47ft_strip_by_centerline_zone_length,3143.32,3,"1,2,3",True,0,,"1,2,3",missing_baseline,False,False,,,,,,,,,,,,,,
2024,S3_S4,east,S4,2024-07-11_S3_S4_d29231ea,2024-07-11 10:01:00,2024-07-11 17:39:00,M,46550.00,7.63,6098.25,M,middle,117.30,5513.10,nominal_47ft_strip_by_centerline_zone_length,3434.66,3,"1,2,3",True,3,"1,2,3",,,True,True,2.56,8809.700154822,2.91087,5.47581,2.56494,9997.852538330999,18807.552693153,8809.700154822,,,,,,
2024,S3_S4,east,S4,2024-07-11_S3_S4_d29231ea,2024-07-11 10:01:00,2024-07-11 17:39:00,T,46550.00,7.63,6098.25,T,top,113.20,5318.00,nominal_47ft_strip_by_centerline_zone_length,3313.15,3,"1,2,3",True,3,"1,2,3",,,True,True,2.88,9540.367116682499,3.25395,6.1335,2.8795499999999996,10780.808660842502,20321.175777525,9540.367116682499,,,,,,
2024,S3_S4,east,S4,2024-07-26_S3_S4_fd133a4c,2024-07-26 19:02:00,2024-07-27 07:21:00,B,71850.00,12.32,5833.56,B,bottom,107.40,5045.40,nominal_47ft_strip_by_centerline_zone_length,3143.32,3,"1,2,3",True,2,"1,2",3,missing_baseline,False,False,1.52,4773.250091589001,,,,,,,,,,,,
2024,S3_S4,east,S4,2024-07-26_S3_S4_fd133a4c,2024-07-26 19:02:00,2024-07-27 07:21:00,M,71850.00,12.32,5833.56,M,middle,117.30,5513.10,nominal_47ft_strip_by_centerline_zone_length,3434.66,3,"1,2,3",True,3,"1,2,3",,,True,True,3.49,11993.734219760998,1.9929299999999999,5.4849,3.49197,6845.039544608999,18838.77376437,11993.734219760998,,,,,,
2024,S3_S4,east,S4,2024-07-26_S3_S4_fd133a4c,2024-07-26 19:02:00,2024-07-27 07:21:00,T,71850.00,12.32,5833.56,T,top,113.20,5318.00,nominal_47ft_strip_by_centerline_zone_length,3313.15,3,"1,2,3",True,3,"1,2,3",,,True,True,3.38,11205.0237658485,2.8503,6.232290000000001,3.38199,9443.457621045,20648.481386893505,11205.0237658485,,,,,,
2024,S3_S4,east,S4,2024-08-09_S3_S4_fd100e26,2024-08-09 08:45:00,2024-08-09 15:50:00,B,46900.00,7.08,6621.18,B,bottom,107.40,5045.40,nominal_47ft_strip_by_centerline_zone_length,3143.32,3,"1,2,3",True,2,"1,2",3,missing_baseline,False,False,0.98,3074.445310681499,,,,,,,,,,,,
2024,S3_S4,east,S4,2024-08-09_S3_S4_fd100e26,2024-08-09 08:45:00,2024-08-09 15:50:00,M,46900.00,7.08,6621.18,M,middle,117.30,5513.10,nominal_47ft_strip_by_centerline_zone_length,3434.66,3,"1,2,3",True,3,"1,2,3",,,True,True,2.02,6927.883575165,3.1692,5.18625,2.0170500000000002,10885.12859196,17813.012167124998,6927.883575165,,,,,,
2024,S3_S4,east,S4,2024-08-09_S3_S4_fd100e26,2024-08-09 08:45:00,2024-08-09 15:50:00,T,46900.00,7.08,6621.18,T,top,113.20,5318.00,nominal_47ft_strip_by_centerline_zone_length,3313.15,3,"1,2,3",True,3,"1,2,3",,,True,True,2.90,9609.545587414501,3.49044,6.3908700000000005,2.90043,11564.334357366,21173.879944780503,9609.545587414501,,,,,,
2024,S3_S4,east,S4,2024-08-23_S3_S4_0b64e5f5,2024-08-23 09:32:00,2024-08-23 15:04:00,B,30150.00,5.53,5448.80,B,bottom,107.40,5045.40,nominal_47ft_strip_by_centerline_zone_length,3143.32,3,"1,2,3",True,2,"1,2",3,missing_baseline,False,False,1.13,3547.1685061679996,,,,,,,,,,,,
2024,S3_S4,east,S4,2024-08-23_S3_S4_0b64e5f5,2024-08-23 09:32:00,2024-08-23 15:04:00,M,30150.00,5.53,5448.80,M,middle,117.30,5513.10,nominal_47ft_strip_by_centerline_zone_length,3434.66,3,"1,2,3",True,3,"1,2,3",,,True,True,2.06,7060.083688601999,3.22377,5.27931,2.0555399999999997,11072.558059100998,18132.641747702997,7060.083688601999,,,,,,
2024,S3_S4,east,S4,2024-08-23_S3_S4_0b64e5f5,2024-08-23 09:32:00,2024-08-23 15:04:00,T,30150.00,5.53,5448.80,T,top,113.20,5318.00,nominal_47ft_strip_by_centerline_zone_length,3313.15,3,"1,2,3",True,3,"1,2,3",,,True,True,2.69,8902.951121274,3.88317,6.570329999999999,2.6871599999999995,12865.5058521255,21768.4569733995,8902.951121274,,,,,,
2024,S3_S4,east,S4,2024-09-06_S3_S4_9e0ce675,2024-09-06 09:33:00,2024-09-06 16:29:00,B,48950.00,6.93,7060.10,B,bottom,107.40,5045.40,nominal_47ft_strip_by_centerline_zone_length,3143.32,3,"1,2,3",True,2,"1,2",3,missing_baseline,False,False,0.79,2493.1834361594983,,,,,,,,,,,,
2024,S3_S4,east,S4,2024-09-06_S3_S4_9e0ce675,2024-09-06 09:33:00,2024-09-06 16:29:00,M,48950.00,6.93,7060.10,M,middle,117.30,5513.10,nominal_47ft_strip_by_centerline_zone_length,3434.66,3,"1,2,3",True,3,"1,2,3",,,True,True,2.74,9419.180802507,2.71899,5.46138,2.7423900000000003,9338.809728086999,18757.990530593997,9419.180802507,,,,,,
2024,S3_S4,east,S4,2024-09-06_S3_S4_9e0ce675,2024-09-06 09:33:00,2024-09-06 16:29:00,T,48950.00,6.93,7060.10,T,top,113.20,5318.00,nominal_47ft_strip_by_centerline_zone_length,3313.15,3,"1,2,3",True,3,"1,2,3",,,True,True,2.30,7626.528820785003,3.70692,6.00882,2.3019000000000007,12281.564019438001,19908.092840223002,7626.528820785003,,,,,,
2024,S3_S4,east,S4,2024-09-20_S3_S4_032d9e33,2024-09-20 14:27:00,2024-09-20 17:52:00,B,16450.00,3.42,4814.63,B,bottom,107.40,5045.40,nominal_47ft_strip_by_centerline_zone_length,3143.32,3,"1,2,3",True,1,2,"1,3",no_peak,False,False,0.03,91.47047668500039,,,,,,,,,,,,
2024,S3_S4,east,S4,2024-09-20_S3_S4_032d9e33,2024-09-20 14:27:00,2024-09-20 17:52:00,M,16450.00,3.42,4814.63,M,middle,117.30,5513.10,nominal_47ft_strip_by_centerline_zone_length,3434.66,3,"1,2,3",True,0,,"1,2,3",no_peak,False,False,,,,,,,,,,,,,,
2024,S3_S4,east,S4,2024-09-20_S3_S4_032d9e33,2024-09-20 14:27:00,2024-09-20 17:52:00,T,16450.00,3.42,4814.63,T,top,113.20,5318.00,nominal_47ft_strip_by_centerline_zone_length,3313.15,3,"1,2,3",True,3,"1,2,3",,,True,True,3.09,10229.468176431003,3.3785100000000003,6.466050000000001,3.0875400000000006,11193.494020726503,21422.962197157503,10229.468176431003,,,,,,
2024,S3_S4,east,S4,2024-10-04_S3_S4_bf53dc9a,2024-10-04 11:55:00,2024-10-04 18:02:00,B,47200.00,6.12,7716.62,B,bottom,107.40,5045.40,nominal_47ft_strip_by_centerline_zone_length,3143.32,3,"1,2,3",True,3,"1,2,3",,,True,True,0.96,3028.6157728784992,4.12902,5.09253,0.9635099999999998,12978.811946456999,16007.4277193355,3028.6157728784992,,,,,,
2024,S3_S4,east,S4,2024-10-04_S3_S4_bf53dc9a,2024-10-04 11:55:00,2024-10-04 18:02:00,M,47200.00,6.12,7716.62,M,middle,117.30,5513.10,nominal_47ft_strip_by_centerline_zone_length,3434.66,3,"1,2,3",True,3,"1,2,3",,,True,True,3.15,10810.115589167997,1.8361500000000002,4.983509999999999,3.1473599999999995,6306.553345995,17116.668935162994,10810.115589167997,,,,,,
2024,S3_S4,east,S4,2024-10-04_S3_S4_bf53dc9a,2024-10-04 11:55:00,2024-10-04 18:02:00,T,47200.00,6.12,7716.62,T,top,113.20,5318.00,nominal_47ft_strip_by_centerline_zone_length,3313.15,3,"1,2,3",True,3,"1,2,3",,,True,True,3.10,10284.830831887499,3.2610900000000003,6.36534,3.1042499999999995,10804.464517213502,21089.295349101,10284.830831887499,,,,,,
2024,S3_S4,east,S4,2024-10-18_S3_S4_e3314155,2024-10-18 09:34:00,2024-10-18 17:17:00,B,53550.00,7.72,6939.52,B,bottom,107.40,5045.40,nominal_47ft_strip_by_centerline_zone_length,3143.32,3,"1,2,3",True,0,,"1,2,3",missing_baseline,False,False,,,,,,,,,,,,,,
2024,S3_S4,east,S4,2024-10-18_S3_S4_e3314155,2024-10-18 09:34:00,2024-10-18 17:17:00,M,53550.00,7.72,6939.52,M,middle,117.30,5513.10,nominal_47ft_strip_by_centerline_zone_length,3434.66,3,"1,2,3",True,3,"1,2,3",,,True,True,2.51,8615.985257502,2.44491,4.95345,2.50854,8397.437758983,17013.423016484998,8615.985257502,,,,,,
2024,S3_S4,east,S4,2024-10-18_S3_S4_e3314155,2024-10-18 09:34:00,2024-10-18 17:17:00,T,53550.00,7.72,6939.52,T,top,113.20,5318.00,nominal_47ft_strip_by_centerline_zone_length,3313.15,3,"1,2,3",True,3,"1,2,3",,,True,True,2.32,7700.478220533,3.64572,5.96994,2.32422,12078.799536258,19779.277756791,7700.478220533,,,,,,
2025,S1_S2,west,S1,2025-04-20_S1_S2_f3457ada,2025-04-20 08:15:00,2025-04-21 06:28:00,B,132300.00,22.22,5954.99,B,bottom,122.00,5731.60,nominal_47ft_strip_by_centerline_zone_length,3570.82,3,"1,2,3",True,3,"1,2,3",,,True,True,2.00,7155.812047261498,3.62514,5.629110000000001,2.00397,12944.714983262998,20100.5270305245,7155.812047261498,,,,,,
2025,S1_S2,west,S1,2025-04-20_S1_S2_f3457ada,2025-04-20 08:15:00,2025-04-21 06:28:00,M,132300.00,22.22,5954.99,M,middle,115.30,5419.10,nominal_47ft_strip_by_centerline_zone_length,3376.10,3,"1,2,3",True,3,"1,2,3",,,True,True,3.47,11722.998404355,3.32946,6.80181,3.47235,11240.587575378,22963.585979732998,11722.998404355,,,,,,
2025,S1_S2,west,S1,2025-04-20_S1_S2_f3457ada,2025-04-20 08:15:00,2025-04-21 06:28:00,T,132300.00,22.22,5954.99,T,top,109.40,5139.40,nominal_47ft_strip_by_centerline_zone_length,3201.88,3,"1,2,3",True,3,"1,2,3",,,True,True,4.86,15565.830680704497,2.95362,7.81509,4.86147,9457.128978506998,25022.959659211498,15565.830680704497,,,,,,
2025,S1_S2,west,S1,2025-05-16_S1_S2_799859ac,2025-05-16 15:36:41,2025-05-17 07:37:42,B,92450.00,16.02,5772.01,B,bottom,122.00,5731.60,nominal_47ft_strip_by_centerline_zone_length,3570.82,3,"1,2,3",True,3,"1,2,3",,,True,True,2.84,10153.156634491499,2.79873,5.642099999999999,2.84337,9993.755321203498,20146.911955694995,10153.156634491499,,,,,,
2025,S1_S2,west,S1,2025-05-16_S1_S2_799859ac,2025-05-16 15:36:41,2025-05-17 07:37:42,M,92450.00,16.02,5772.01,M,middle,115.30,5419.10,nominal_47ft_strip_by_centerline_zone_length,3376.10,3,"1,2,3",True,3,"1,2,3",,,True,True,2.84,9592.51094109,3.72939,6.57069,2.8413000000000004,12590.790968427,22183.301909517,9592.51094109,,,,,,
2025,S1_S2,west,S1,2025-05-16_S1_S2_799859ac,2025-05-16 15:36:41,2025-05-17 07:37:42,T,92450.00,16.02,5772.01,T,top,109.40,5139.40,nominal_47ft_strip_by_centerline_zone_length,3201.88,3,"1,2,3",True,3,"1,2,3",,,True,True,3.92,12546.300245786997,3.49038,7.408799999999999,3.9184199999999993,11175.768664893,23722.068910679995,12546.300245786997,,,,,,
2025,S1_S2,west,S1,2025-05-28_S1_S2_ca363c43,2025-05-28 18:58:00,2025-05-29 07:30:00,B,64250.00,12.53,5126.33,B,bottom,122.00,5731.60,nominal_47ft_strip_by_centerline_zone_length,3570.82,3,"1,2,3",True,3,"1,2,3",,,True,True,1.66,5913.917272431,4.369199999999999,6.02538,1.6561800000000002,15601.617787139996,21515.535059570997,5913.917272431,,,,,,
2025,S1_S2,west,S1,2025-05-28_S1_S2_ca363c43,2025-05-28 18:58:00,2025-05-29 07:30:00,M,64250.00,12.53,5126.33,M,middle,115.30,5419.10,nominal_47ft_strip_by_centerline_zone_length,3376.10,3,"1,2,3",True,3,"1,2,3",,,True,True,1.58,5337.410427342,5.1807,6.76164,1.58094,17490.557643509997,22827.968070852,5337.410427342,,,,,,
2025,S1_S2,west,S1,2025-05-28_S1_S2_ca363c43,2025-05-28 18:58:00,2025-05-29 07:30:00,T,64250.00,12.53,5126.33,T,top,109.40,5139.40,nominal_47ft_strip_by_centerline_zone_length,3201.88,3,"1,2,3",True,3,"1,2,3",,,True,True,1.81,5795.654153687999,5.31357,7.12365,1.8100799999999997,17013.3994306395,22809.053584327496,5795.654153687999,,,,,,
2025,S1_S2,west,S1,2025-06-27_S1_S2_ff537961,2025-06-27 15:33:00,2025-06-28 07:49:00,B,95500.00,16.27,5870.90,B,bottom,122.00,5731.60,nominal_47ft_strip_by_centerline_zone_length,3570.82,3,"1,2,3",True,3,"1,2,3",,,True,True,3.60,12863.8359566955,2.3811,5.98359,3.6024900000000004,8502.474620744999,21366.310577440498,12863.8359566955,,,,,,
2025,S1_S2,west,S1,2025-06-27_S1_S2_ff537961,2025-06-27 15:33:00,2025-06-28 07:49:00,M,95500.00,16.27,5870.90,M,middle,115.30,5419.10,nominal_47ft_strip_by_centerline_zone_length,3376.10,3,"1,2,3",True,3,"1,2,3",,,True,True,3.57,12053.079632915998,3.8124000000000002,7.3825199999999995,3.5701199999999997,12871.04097132,24924.120604236,12053.079632915998,,,,,,
2025,S1_S2,west,S1,2025-06-27_S1_S2_ff537961,2025-06-27 15:33:00,2025-06-28 07:49:00,T,95500.00,16.27,5870.90,T,top,109.40,5139.40,nominal_47ft_strip_by_centerline_zone_length,3201.88,3,"1,2,3",True,3,"1,2,3",,,True,True,4.46,14278.099648081497,3.36786,7.82715,4.459289999999999,10783.474651970999,25061.574300052496,14278.099648081497,,,,,,
2025,S1_S2,west,S1,2025-07-26_S1_S2_98e2053f,2025-07-26 08:45:00,2025-07-26 17:50:00,B,53225.00,9.08,5859.63,B,bottom,122.00,5731.60,nominal_47ft_strip_by_centerline_zone_length,3570.82,3,"1,2,3",True,3,"1,2,3",,,True,True,3.26,11624.833544404499,2.41914,5.67465,3.25551,8638.308535563,20263.142079967496,11624.833544404499,,,,,,
2025,S1_S2,west,S1,2025-07-26_S1_S2_98e2053f,2025-07-26 08:45:00,2025-07-26 17:50:00,M,53225.00,9.08,5859.63,M,middle,115.30,5419.10,nominal_47ft_strip_by_centerline_zone_length,3376.10,3,"1,2,3",True,3,"1,2,3",,,True,True,2.61,8799.363932541,4.0401,6.64647,2.60637,13639.77878193,22439.142714471,8799.363932541,,,,,,
2025,S1_S2,west,S1,2025-07-26_S1_S2_98e2053f,2025-07-26 08:45:00,2025-07-26 17:50:00,T,53225.00,9.08,5859.63,T,top,109.40,5139.40,nominal_47ft_strip_by_centerline_zone_length,3201.88,3,"1,2,3",True,3,"1,2,3",,,True,True,4.19,13428.7696622205,3.4304999999999994,7.62453,4.194030000000001,10984.040249174997,24412.8099113955,13428.7696622205,,,,,,
2025,S1_S2,west,S1,2025-08-22_S1_S2_9f8675d7,2025-08-22 09:07:00,2025-08-22 19:04:00,B,30625.00,9.95,3077.89,B,bottom,122.00,5731.60,nominal_47ft_strip_by_centerline_zone_length,3570.82,3,"1,2,3",True,3,"1,2,3",,,True,True,2.62,9344.473493355,2.25063,4.86753,2.6169000000000002,8036.5900028085,17381.0634961635,9344.473493355,,,,,,
2025,S1_S2,west,S1,2025-08-22_S1_S2_9f8675d7,2025-08-22 09:07:00,2025-08-22 19:04:00,M,30625.00,9.95,3077.89,M,middle,115.30,5419.10,nominal_47ft_strip_by_centerline_zone_length,3376.10,3,"1,2,3",True,3,"1,2,3",,,True,True,2.51,8489.032884885,3.96147,6.47592,2.51445,13374.316093971,21863.348978856,8489.032884885,,,,,,
2025,S1_S2,west,S1,2025-08-22_S1_S2_9f8675d7,2025-08-22 09:07:00,2025-08-22 19:04:00,T,30625.00,9.95,3077.89,T,top,109.40,5139.40,nominal_47ft_strip_by_centerline_zone_length,3201.88,3,"1,2,3",True,3,"1,2,3",,,True,True,3.74,11973.420350325001,3.3591900000000003,7.0986899999999995,3.7395000000000005,10755.7143753465,22729.134725671498,11973.420350325001,,,,,,
2025,S1_S2,west,S1,2025-09-20_S1_S2_81d8ab0f,2025-09-20 10:42:00,2025-09-20 17:31:00,B,86100.00,6.82,12630.81,B,bottom,122.00,5731.60,nominal_47ft_strip_by_centerline_zone_length,3570.82,3,"1,2,3",True,3,"1,2,3",,,True,True,2.56,9145.971723514498,2.47278,5.03409,2.5613099999999998,8829.847210401,17975.8189339155,9145.971723514498,,,,,,
2025,S1_S2,west,S1,2025-09-20_S1_S2_81d8ab0f,2025-09-20 10:42:00,2025-09-20 17:31:00,M,86100.00,6.82,12630.81,M,middle,115.30,5419.10,nominal_47ft_strip_by_centerline_zone_length,3376.10,3,"1,2,3",True,3,"1,2,3",,,True,True,2.44,8229.444609708,4.06143,6.498989999999999,2.43756,13711.790979998997,21941.235589706997,8229.444609708,,,,,,
2025,S1_S2,west,S1,2025-09-20_S1_S2_81d8ab0f,2025-09-20 10:42:00,2025-09-20 17:31:00,T,86100.00,6.82,12630.81,T,top,109.40,5139.40,nominal_47ft_strip_by_centerline_zone_length,3201.88,3,"1,2,3",True,3,"1,2,3",,,True,True,2.81,8990.295260877001,4.18527,6.9930900000000005,2.8078200000000004,13400.7212166345,22391.0164775115,8990.295260877001,,,,,,
2025,S1_S2,west,S2,2025-04-20_S1_S2_f3457ada,2025-04-20 08:15:00,2025-04-21 06:28:00,B,132300.00,22.22,5954.99,B,bottom,115.80,5440.20,nominal_47ft_strip_by_centerline_zone_length,3389.28,3,"1,2,3",True,3,"1,2,3",,,True,True,5.54,18777.740008754998,1.28958,6.8299199999999995,5.54034,4370.742221685,23148.482230439997,18777.740008754998,,,,,,
2025,S1_S2,west,S2,2025-04-20_S1_S2_f3457ada,2025-04-20 08:15:00,2025-04-21 06:28:00,M,132300.00,22.22,5954.99,M,middle,117.30,5513.10,nominal_47ft_strip_by_centerline_zone_length,3434.66,3,"1,2,3",True,3,"1,2,3",,,True,True,4.54,15578.181099054,2.18382,6.7194,4.53558,7500.682040165999,23078.86313922,15578.181099054,,,,,,
2025,S1_S2,west,S2,2025-04-20_S1_S2_f3457ada,2025-04-20 08:15:00,2025-04-21 06:28:00,T,132300.00,22.22,5954.99,T,top,111.00,5219.40,nominal_47ft_strip_by_centerline_zone_length,3251.66,3,"1,2,3",True,3,"1,2,3",,,True,True,5.29,17206.978127388,2.86782,8.15958,5.29176,9325.161385491,26532.139512879,17206.978127388,,,,,,
2025,S1_S2,west,S2,2025-05-16_S1_S2_799859ac,2025-05-16 15:36:41,2025-05-17 07:37:42,B,92450.00,16.02,5772.01,B,bottom,115.80,5440.20,nominal_47ft_strip_by_centerline_zone_length,3389.28,3,"1,2,3",True,3,"1,2,3",,,True,True,4.59,15566.943519749999,2.09361,6.68661,4.593,7095.8216029575,22662.765122707497,15566.943519749999,,,,,,
2025,S1_S2,west,S2,2025-05-16_S1_S2_799859ac,2025-05-16 15:36:41,2025-05-17 07:37:42,M,92450.00,16.02,5772.01,M,middle,117.30,5513.10,nominal_47ft_strip_by_centerline_zone_length,3434.66,3,"1,2,3",True,3,"1,2,3",,,True,True,3.32,11391.981560000999,3.27267,6.58944,3.31677,11240.512996671,22632.494556671998,11391.981560000999,,,,,,
2025,S1_S2,west,S2,2025-05-16_S1_S2_799859ac,2025-05-16 15:36:41,2025-05-17 07:37:42,T,92450.00,16.02,5772.01,T,top,111.00,5219.40,nominal_47ft_strip_by_centerline_zone_length,3251.66,3,"1,2,3",True,3,"1,2,3",,,True,True,5.13,16690.550272346998,3.0010499999999998,8.13399,5.13294,9758.379387802499,26448.9296601495,16690.550272346998,,,,,,
2025,S1_S2,west,S2,2025-05-28_S1_S2_ca363c43,2025-05-28 18:58:00,2025-05-29 07:30:00,B,64250.00,12.53,5126.33,B,bottom,115.80,5440.20,nominal_47ft_strip_by_centerline_zone_length,3389.28,3,"1,2,3",True,3,"1,2,3",,,True,True,3.08,10438.698167940001,3.3528000000000002,6.432720000000001,3.0799200000000004,11363.5637346,21802.26190254,10438.698167940001,,,,,,
2025,S1_S2,west,S2,2025-05-28_S1_S2_ca363c43,2025-05-28 18:58:00,2025-05-29 07:30:00,M,64250.00,12.53,5126.33,M,middle,117.30,5513.10,nominal_47ft_strip_by_centerline_zone_length,3434.66,3,"1,2,3",True,3,"1,2,3",,,True,True,2.60,8934.687479528999,4.63785,7.23918,2.60133,15929.443910205,24864.131389734,8934.687479528999,,,,,,
2025,S1_S2,west,S2,2025-05-28_S1_S2_ca363c43,2025-05-28 18:58:00,2025-05-29 07:30:00,T,64250.00,12.53,5126.33,T,top,111.00,5219.40,nominal_47ft_strip_by_centerline_zone_length,3251.66,3,"1,2,3",True,3,"1,2,3",,,True,True,4.51,14650.787059481998,3.6763500000000002,8.181989999999999,4.50564,11954.2220430675,26605.009102549495,14650.787059481998,,,,,,
2025,S1_S2,west,S2,2025-06-27_S1_S2_ff537961,2025-06-27 15:33:00,2025-06-28 07:49:00,B,95500.00,16.27,5870.90,B,bottom,115.80,5440.20,nominal_47ft_strip_by_centerline_zone_length,3389.28,3,"1,2,3",True,3,"1,2,3",,,True,True,4.53,15336.947267355,2.51112,7.03626,4.52514,8510.87812134,23847.825388695,15336.947267355,,,,,,
2025,S1_S2,west,S2,2025-06-27_S1_S2_ff537961,2025-06-27 15:33:00,2025-06-28 07:49:00,M,95500.00,16.27,5870.90,M,middle,117.30,5513.10,nominal_47ft_strip_by_centerline_zone_length,3434.66,3,"1,2,3",True,3,"1,2,3",,,True,True,4.15,14259.683319209998,3.6781200000000003,7.82982,4.1517,12633.096420756001,26892.779739965998,14259.683319209998,,,,,,
2025,S1_S2,west,S2,2025-06-27_S1_S2_ff537961,2025-06-27 15:33:00,2025-06-28 07:49:00,T,95500.00,16.27,5870.90,T,top,111.00,5219.40,nominal_47ft_strip_by_centerline_zone_length,3251.66,3,"1,2,3",True,3,"1,2,3",,,True,True,5.13,16676.503122530998,3.16797,8.296589999999998,5.12862,10301.1456487485,26977.648771279495,16676.503122530998,,,,,,
2025,S1_S2,west,S2,2025-07-26_S1_S2_98e2053f,2025-07-26 08:45:00,2025-07-26 17:50:00,B,53225.00,9.08,5859.63,B,bottom,115.80,5440.20,nominal_47ft_strip_by_centerline_zone_length,3389.28,3,"1,2,3",True,3,"1,2,3",,,True,True,3.78,12817.664709622497,2.7655200000000004,6.54735,3.7818299999999994,9373.109872140001,22190.774581762496,12817.664709622497,,,,,,
2025,S1_S2,west,S2,2025-07-26_S1_S2_98e2053f,2025-07-26 08:45:00,2025-07-26 17:50:00,M,53225.00,9.08,5859.63,M,middle,117.30,5513.10,nominal_47ft_strip_by_centerline_zone_length,3434.66,3,"1,2,3",True,3,"1,2,3",,,True,True,3.14,10769.930051957997,3.80754,6.943199999999999,3.1356599999999997,13077.610286201998,23847.540338159997,10769.930051957997,,,,,,
2025,S1_S2,west,S2,2025-07-26_S1_S2_98e2053f,2025-07-26 08:45:00,2025-07-26 17:50:00,T,53225.00,9.08,5859.63,T,top,111.00,5219.40,nominal_47ft_strip_by_centerline_zone_length,3251.66,3,"1,2,3",True,3,"1,2,3",,,True,True,4.59,14926.267275318001,3.6591,8.24946,4.59036,11898.130993454999,26824.398268772995,14926.267275318001,,,,,,
2025,S1_S2,west,S2,2025-08-22_S1_S2_9f8675d7,2025-08-22 09:07:00,2025-08-22 19:04:00,B,30625.00,9.95,3077.89,B,bottom,115.80,5440.20,nominal_47ft_strip_by_centerline_zone_length,3389.28,3,"1,2,3",True,3,"1,2,3",,,True,True,3.23,10952.275122337498,2.5530600000000003,5.78451,3.2314499999999997,8653.024346295,19605.2994686325,10952.275122337498,,,,,,
2025,S1_S2,west,S2,2025-08-22_S1_S2_9f8675d7,2025-08-22 09:07:00,2025-08-22 19:04:00,M,30625.00,9.95,3077.89,M,middle,117.30,5513.10,nominal_47ft_strip_by_centerline_zone_length,3434.66,3,"1,2,3",True,3,"1,2,3",,,True,True,3.17,10904.190962174998,3.77337,6.948119999999999,3.17475,12960.247909581,23864.438871755996,10904.190962174998,,,,,,
2025,S1_S2,west,S2,2025-08-22_S1_S2_9f8675d7,2025-08-22 09:07:00,2025-08-22 19:04:00,T,30625.00,9.95,3077.89,T,top,111.00,5219.40,nominal_47ft_strip_by_centerline_zone_length,3251.66,3,"1,2,3",True,3,"1,2,3",,,True,True,3.52,11452.426635751499,3.5294999999999996,7.05153,3.52203,11476.716498974998,22929.1431347265,11452.426635751499,,,,,,
2025,S1_S2,west,S2,2025-09-20_S1_S2_81d8ab0f,2025-09-20 10:42:00,2025-09-20 17:31:00,B,86100.00,6.82,12630.81,B,bottom,115.80,5440.20,nominal_47ft_strip_by_centerline_zone_length,3389.28,3,"1,2,3",True,3,"1,2,3",,,True,True,2.79,9468.7891265625,2.90316,5.69691,2.79375,9839.60978637,19308.3989129325,9468.7891265625,,,,,,
2025,S1_S2,west,S2,2025-09-20_S1_S2_81d8ab0f,2025-09-20 10:42:00,2025-09-20 17:31:00,M,86100.00,6.82,12630.81,M,middle,117.30,5513.10,nominal_47ft_strip_by_centerline_zone_length,3434.66,3,"1,2,3",True,3,"1,2,3",,,True,True,2.52,8640.096579828,4.12971,6.645269999999999,2.51556,14184.155117223,22824.251697050997,8640.096579828,,,,,,
2025,S1_S2,west,S2,2025-09-20_S1_S2_81d8ab0f,2025-09-20 10:42:00,2025-09-20 17:31:00,T,86100.00,6.82,12630.81,T,top,111.00,5219.40,nominal_47ft_strip_by_centerline_zone_length,3251.66,3,"1,2,3",True,3,"1,2,3",,,True,True,4.43,14419.009087518,3.61881,8.053170000000001,4.43436,11767.121811490499,26186.130899008505,14419.009087518,,,,,,
2025,S3_S4,east,S3,2025-04-20_S3_S4_ead0e049,2025-04-20 08:15:00,2025-04-21 06:28:00,B,132300.00,22.22,5954.99,B,bottom,110.80,5205.20,nominal_47ft_strip_by_centerline_zone_length,3242.87,3,"1,2,3",True,3,"1,2,3",,,True,True,3.32,10763.055590542499,2.6586600000000002,5.977650000000001,3.3189899999999994,8621.690748195,19384.746338737503,10763.055590542499,,,,,,
2025,S3_S4,east,S3,2025-04-20_S3_S4_ead0e049,2025-04-20 08:15:00,2025-04-21 06:28:00,M,132300.00,22.22,5954.99,M,middle,118.80,5583.60,nominal_47ft_strip_by_centerline_zone_length,3478.58,3,"1,2,3",True,3,"1,2,3",,,True,True,3.90,13564.281412835999,3.01128,6.91065,3.8993700000000002,10474.986813984,24039.26822682,13564.281412835999,,,,,,
2025,S3_S4,east,S3,2025-04-20_S3_S4_ead0e049,2025-04-20 08:15:00,2025-04-21 06:28:00,T,132300.00,22.22,5954.99,T,top,111.40,5233.40,nominal_47ft_strip_by_centerline_zone_length,3260.44,3,"1,2,3",True,3,"1,2,3",,,True,True,2.90,9469.685256927,4.17192,7.07634,2.90442,13602.292133052,23071.977389979,9469.685256927,,,,,,
2025,S3_S4,east,S3,2025-05-02_S3_S4_3cb33cbf,2025-05-02 19:10:02,2025-05-03 08:21:02,B,76750.00,13.18,5821.74,B,bottom,110.80,5205.20,nominal_47ft_strip_by_centerline_zone_length,3242.87,3,"1,2,3",True,3,"1,2,3",,,True,True,2.17,7021.625891437501,3.66498,5.83023,2.1652500000000003,11885.056441335,18906.6823327725,7021.625891437501,,,,,,
2025,S3_S4,east,S3,2025-05-02_S3_S4_3cb33cbf,2025-05-02 19:10:02,2025-05-03 08:21:02,M,76750.00,13.18,5821.74,M,middle,118.80,5583.60,nominal_47ft_strip_by_centerline_zone_length,3478.58,3,"1,2,3",True,3,"1,2,3",,,True,True,2.43,8438.033083787996,3.94518,6.370889999999999,2.4257099999999987,13723.635290904,22161.668374691995,8438.033083787996,,,,,,
2025,S3_S4,east,S3,2025-05-02_S3_S4_3cb33cbf,2025-05-02 19:10:02,2025-05-03 08:21:02,T,76750.00,13.18,5821.74,T,top,111.40,5233.40,nominal_47ft_strip_by_centerline_zone_length,3260.44,3,"1,2,3",True,3,"1,2,3",,,True,True,1.57,5113.966516081499,5.472300000000001,7.04079,1.5684899999999997,17842.102255005004,22956.068771086502,5113.966516081499,,,,,,
2025,S3_S4,east,S3,2025-05-28_S3_S4_120d46ab,2025-05-28 18:58:00,2025-05-29 07:30:00,B,64250.00,12.53,5126.33,B,bottom,110.80,5205.20,nominal_47ft_strip_by_centerline_zone_length,3242.87,3,"1,2,3",True,3,"1,2,3",,,True,True,3.11,10099.661521215,3.4557299999999995,6.57015,3.1144200000000004,11206.485736897499,21306.1472581125,10099.661521215,,,,,,
2025,S3_S4,east,S3,2025-05-28_S3_S4_120d46ab,2025-05-28 18:58:00,2025-05-29 07:30:00,M,64250.00,12.53,5126.33,M,middle,118.80,5583.60,nominal_47ft_strip_by_centerline_zone_length,3478.58,3,"1,2,3",True,3,"1,2,3",,,True,True,2.84,9867.417542136,3.67698,6.513599999999999,2.83662,12790.679383943998,22658.096926079998,9867.417542136,,,,,,
2025,S3_S4,east,S3,2025-05-28_S3_S4_120d46ab,2025-05-28 18:58:00,2025-05-29 07:30:00,T,64250.00,12.53,5126.33,T,top,111.40,5233.40,nominal_47ft_strip_by_centerline_zone_length,3260.44,3,"1,2,3",True,3,"1,2,3",,,True,True,2.33,7599.595058947499,4.64817,6.97902,2.3308499999999994,15155.0763734895,22754.671432437,7599.595058947499,,,,,,
2025,S3_S4,east,S3,2025-06-13_S3_S4_29345c78,2025-06-13 10:49:00,2025-06-13 19:16:00,B,56900.00,8.45,6733.73,B,bottom,110.80,5205.20,nominal_47ft_strip_by_centerline_zone_length,3242.87,3,"1,2,3",True,3,"1,2,3",,,True,True,2.65,8592.894055935003,3.9341999999999997,6.58398,2.6497800000000007,12758.10210465,21350.996160585,8592.894055935003,,,,,,
2025,S3_S4,east,S3,2025-06-13_S3_S4_29345c78,2025-06-13 10:49:00,2025-06-13 19:16:00,M,56900.00,8.45,6733.73,M,middle,118.80,5583.60,nominal_47ft_strip_by_centerline_zone_length,3478.58,3,"1,2,3",True,3,"1,2,3",,,True,True,2.77,9643.67509644,4.43094,7.20324,2.7723000000000004,15413.391671831998,25057.066768271998,9643.67509644,,,,,,
2025,S3_S4,east,S3,2025-06-13_S3_S4_29345c78,2025-06-13 10:49:00,2025-06-13 19:16:00,T,56900.00,8.45,6733.73,T,top,111.40,5233.40,nominal_47ft_strip_by_centerline_zone_length,3260.44,3,"1,2,3",True,3,"1,2,3",,,True,True,1.88,6136.896757750503,5.26833,7.1505600000000005,1.8822300000000007,17177.0704407855,23313.967198536004,6136.896757750503,,,,,,
2025,S3_S4,east,S3,2025-06-28_S3_S4_d9252a87,2025-06-28 08:50:00,2025-06-28 16:15:00,B,43550.00,7.42,5871.91,B,bottom,110.80,5205.20,nominal_47ft_strip_by_centerline_zone_length,3242.87,3,"1,2,3",True,3,"1,2,3",,,True,True,2.40,7776.858060405,4.342169999999999,6.740309999999999,2.39814,14081.096084527499,21857.954144932497,7776.858060405,,,,,,
2025,S3_S4,east,S3,2025-06-28_S3_S4_d9252a87,2025-06-28 08:50:00,2025-06-28 16:15:00,M,43550.00,7.42,5871.91,M,middle,118.80,5583.60,nominal_47ft_strip_by_centerline_zone_length,3478.58,3,"1,2,3",True,3,"1,2,3",,,True,True,2.68,9316.931814035997,4.711740000000001,7.39011,2.6783699999999997,16390.177722072,25707.109536107997,9316.931814035997,,,,,,
2025,S3_S4,east,S3,2025-06-28_S3_S4_d9252a87,2025-06-28 08:50:00,2025-06-28 16:15:00,T,43550.00,7.42,5871.91,T,top,111.40,5233.40,nominal_47ft_strip_by_centerline_zone_length,3260.44,3,"1,2,3",True,3,"1,2,3",,,True,True,1.98,6445.7907817694995,5.01747,6.99444,1.9769699999999997,16359.156625444502,22804.947407214,6445.7907817694995,,,,,,
2025,S3_S4,east,S3,2025-07-11_S3_S4_e179d57e,2025-07-11 08:30:00,2025-07-11 18:12:00,B,46400.00,9.70,4783.51,B,bottom,110.80,5205.20,nominal_47ft_strip_by_centerline_zone_length,3242.87,3,"1,2,3",True,3,"1,2,3",,,True,True,2.06,6686.767057792499,4.552919999999999,6.61491,2.0619899999999998,14764.531095089998,21451.2981528825,6686.767057792499,,,,,,
2025,S3_S4,east,S3,2025-07-11_S3_S4_e179d57e,2025-07-11 08:30:00,2025-07-11 18:12:00,M,46400.00,9.70,4783.51,M,middle,118.80,5583.60,nominal_47ft_strip_by_centerline_zone_length,3478.58,3,"1,2,3",True,3,"1,2,3",,,True,True,2.12,7367.11658298,5.1975,7.3153500000000005,2.1178500000000002,18079.934102999996,25447.05068598,7367.11658298,,,,,,
2025,S3_S4,east,S3,2025-07-11_S3_S4_e179d57e,2025-07-11 08:30:00,2025-07-11 18:12:00,T,46400.00,9.70,4783.51,T,top,111.40,5233.40,nominal_47ft_strip_by_centerline_zone_length,3260.44,3,"1,2,3",True,3,"1,2,3",,,True,True,1.83,5966.212757778001,5.36496,7.194840000000001,1.8298800000000002,17492.126695176,23458.339452954006,5966.212757778001,,,,,,
2025,S3_S4,east,S3,2025-07-26_S3_S4_b4053dcf,2025-07-26 08:45:00,2025-07-26 17:50:00,B,53225.00,9.08,5859.63,B,bottom,110.80,5205.20,nominal_47ft_strip_by_centerline_zone_length,3242.87,3,"1,2,3",True,3,"1,2,3",,,True,True,3.41,11060.459267025,2.41488,5.82558,3.4107000000000003,7831.143716760001,18891.602983785,11060.459267025,,,,,,
2025,S3_S4,east,S3,2025-07-26_S3_S4_b4053dcf,2025-07-26 08:45:00,2025-07-26 17:50:00,M,53225.00,9.08,5859.63,M,middle,118.80,5583.60,nominal_47ft_strip_by_centerline_zone_length,3478.58,3,"1,2,3",True,3,"1,2,3",,,True,True,2.50,8708.318967348001,4.0173,6.52071,2.5034100000000006,13974.510682439997,22682.829649788,8708.318967348001,,,,,,
2025,S3_S4,east,S3,2025-07-26_S3_S4_b4053dcf,2025-07-26 08:45:00,2025-07-26 17:50:00,T,53225.00,9.08,5859.63,T,top,111.40,5233.40,nominal_47ft_strip_by_centerline_zone_length,3260.44,3,"1,2,3",True,3,"1,2,3",,,True,True,2.03,6617.844166269001,4.9596,6.98934,2.0297400000000003,16170.475000260001,22788.319166529003,6617.844166269001,,,,,,
2025,S3_S4,east,S3,2025-08-08_S3_S4_7c793582,2025-08-08 13:14:00,2025-08-08 19:28:00,B,38750.00,6.23,6216.58,B,bottom,110.80,5205.20,nominal_47ft_strip_by_centerline_zone_length,3242.87,3,"1,2,3",True,3,"1,2,3",,,True,True,1.73,5620.705727437502,3.9882299999999997,5.721480000000001,1.7332500000000006,12933.314411272499,18554.020138710002,5620.705727437502,,,,,,
2025,S3_S4,east,S3,2025-08-08_S3_S4_7c793582,2025-08-08 13:14:00,2025-08-08 19:28:00,M,38750.00,6.23,6216.58,M,middle,118.80,5583.60,nominal_47ft_strip_by_centerline_zone_length,3478.58,3,"1,2,3",True,3,"1,2,3",,,True,True,2.02,7011.361920024004,4.585859999999999,6.601440000000001,2.0155800000000013,15952.293719207997,22963.655639232,7011.361920024004,,,,,,
2025,S3_S4,east,S3,2025-08-08_S3_S4_7c793582,2025-08-08 13:14:00,2025-08-08 19:28:00,T,38750.00,6.23,6216.58,T,top,111.40,5233.40,nominal_47ft_strip_by_centerline_zone_length,3260.44,3,"1,2,3",True,2,"1,2",3,no_peak,False,False,1.23,4010.5360268609998,,,,,,,,,,,,
2025,S3_S4,east,S3,2025-08-22_S3_S4_1b405e4b,2025-08-22 09:07:00,2025-08-22 19:04:00,B,30625.00,9.95,3077.89,B,bottom,110.80,5205.20,nominal_47ft_strip_by_centerline_zone_length,3242.87,3,"1,2,3",True,3,"1,2,3",,,True,True,2.22,7197.4219147950025,2.5101,4.72956,2.2194600000000007,8139.929869575,15337.351784370001,7197.4219147950025,,,,,,
2025,S3_S4,east,S3,2025-08-22_S3_S4_1b405e4b,2025-08-22 09:07:00,2025-08-22 19:04:00,M,30625.00,9.95,3077.89,M,middle,118.80,5583.60,nominal_47ft_strip_by_centerline_zone_length,3478.58,3,"1,2,3",True,3,"1,2,3",,,True,True,2.32,8062.763571324001,3.97458,6.29241,2.3178300000000003,13825.905625223999,21888.669196548,8062.763571324001,,,,,,
2025,S3_S4,east,S3,2025-08-22_S3_S4_1b405e4b,2025-08-22 09:07:00,2025-08-22 19:04:00,T,30625.00,9.95,3077.89,T,top,111.40,5233.40,nominal_47ft_strip_by_centerline_zone_length,3260.44,3,"1,2,3",True,3,"1,2,3",,,True,True,1.29,4191.196971244499,5.20149,6.48696,1.2854699999999997,16959.1426746315,21150.339645876,4191.196971244499,,,,,,
2025,S3_S4,east,S3,2025-09-20_S3_S4_f86ee2c5,2025-09-20 10:42:00,2025-09-20 17:31:00,B,86100.00,6.82,12630.81,B,bottom,110.80,5205.20,nominal_47ft_strip_by_centerline_zone_length,3242.87,3,"1,2,3",True,3,"1,2,3",,,True,True,2.03,6581.211614880003,3.6475199999999997,5.676960000000001,2.029440000000001,11828.435918039999,18409.647532920004,6581.211614880003,,,,,,
2025,S3_S4,east,S3,2025-09-20_S3_S4_f86ee2c5,2025-09-20 10:42:00,2025-09-20 17:31:00,M,86100.00,6.82,12630.81,M,middle,118.80,5583.60,nominal_47ft_strip_by_centerline_zone_length,3478.58,3,"1,2,3",True,3,"1,2,3",,,True,True,1.76,6106.686891228001,4.47621,6.23172,1.7555100000000003,15570.867115187999,21677.554006415998,6106.686891228001,,,,,,
2025,S3_S4,east,S3,2025-09-20_S3_S4_f86ee2c5,2025-09-20 10:42:00,2025-09-20 17:31:00,T,86100.00,6.82,12630.81,T,top,111.40,5233.40,nominal_47ft_strip_by_centerline_zone_length,3260.44,3,"1,2,3",True,3,"1,2,3",,,True,True,1.85,6019.423127970001,5.43012,7.27632,1.8462000000000003,17704.576923222,23724.000051192,6019.423127970001,,,,,,
2025,S3_S4,east,S3,2025-10-04_S3_S4_4439230e,2025-10-04 10:12:00,2025-10-04 17:06:00,B,51800.00,6.90,7507.25,B,bottom,110.80,5205.20,nominal_47ft_strip_by_centerline_zone_length,3242.87,3,"1,2,3",True,3,"1,2,3",,,True,True,1.87,6066.2761684875,3.86841,5.73906,1.8706500000000001,12544.7536380075,18611.029806495,6066.2761684875,,,,,,
2025,S3_S4,east,S3,2025-10-04_S3_S4_4439230e,2025-10-04 10:12:00,2025-10-04 17:06:00,M,51800.00,6.90,7507.25,M,middle,118.80,5583.60,nominal_47ft_strip_by_centerline_zone_length,3478.58,3,"1,2,3",True,3,"1,2,3",,,True,True,1.58,5502.561416351999,4.69497,6.27681,1.5818399999999997,16331.841888515997,21834.403304868,5502.561416351999,,,,,,
2025,S3_S4,east,S3,2025-10-04_S3_S4_4439230e,2025-10-04 10:12:00,2025-10-04 17:06:00,T,51800.00,6.90,7507.25,T,top,111.40,5233.40,nominal_47ft_strip_by_centerline_zone_length,3260.44,3,"1,2,3",True,2,"1,3",2,no_peak,False,False,0.79,2560.3578127680016,,,,,,,,,,,,
2025,S3_S4,east,S4,2025-04-20_S3_S4_ead0e049,2025-04-20 08:15:00,2025-04-21 06:28:00,B,132300.00,22.22,5954.99,B,bottom,107.40,5045.40,nominal_47ft_strip_by_centerline_zone_length,3143.32,3,"1,2,3",True,3,"1,2,3",,,True,True,2.83,8882.443382337,3.74832,6.57414,2.82582,11782.151792712,20664.595175049,8882.443382337,,,,,,
2025,S3_S4,east,S4,2025-04-20_S3_S4_ead0e049,2025-04-20 08:15:00,2025-04-21 06:28:00,M,132300.00,22.22,5954.99,M,middle,117.30,5513.10,nominal_47ft_strip_by_centerline_zone_length,3434.66,3,"1,2,3",True,3,"1,2,3",,,True,True,3.67,12617.537405066998,2.4806999999999997,6.1542900000000005,3.67359,8520.364286909999,21137.901691977,12617.537405066998,,,,,,
2025,S3_S4,east,S4,2025-04-20_S3_S4_ead0e049,2025-04-20 08:15:00,2025-04-21 06:28:00,T,132300.00,22.22,5954.99,T,top,113.20,5318.00,nominal_47ft_strip_by_centerline_zone_length,3313.15,3,"1,2,3",True,3,"1,2,3",,,True,True,3.53,11695.733694014998,3.02904,6.559139999999999,3.530099999999999,10035.649185156002,21731.382879171,11695.733694014998,,,,,,
2025,S3_S4,east,S4,2025-05-02_S3_S4_3cb33cbf,2025-05-02 19:10:02,2025-05-03 08:21:02,B,76750.00,13.18,5821.74,B,bottom,107.40,5045.40,nominal_47ft_strip_by_centerline_zone_length,3143.32,3,"1,2,3",True,3,"1,2,3",,,True,True,1.26,3972.081875180998,5.189730000000001,6.45339,1.2636599999999993,16312.957971355501,20285.0398465365,3972.081875180998,,,,,,
2025,S3_S4,east,S4,2025-05-02_S3_S4_3cb33cbf,2025-05-02 19:10:02,2025-05-03 08:21:02,M,76750.00,13.18,5821.74,M,middle,117.30,5513.10,nominal_47ft_strip_by_centerline_zone_length,3434.66,3,"1,2,3",True,3,"1,2,3",,,True,True,1.77,6071.313393558,3.5975400000000004,5.3652,1.76766,12356.331413202,18427.64480676,6071.313393558,,,,,,
2025,S3_S4,east,S4,2025-05-02_S3_S4_3cb33cbf,2025-05-02 19:10:02,2025-05-03 08:21:02,T,76750.00,13.18,5821.74,T,top,113.20,5318.00,nominal_47ft_strip_by_centerline_zone_length,3313.15,3,"1,2,3",True,3,"1,2,3",,,True,True,2.08,6903.2361030884995,4.1787,6.262289999999999,2.0835899999999996,13844.639638305001,20747.875741393498,6903.2361030884995,,,,,,
2025,S3_S4,east,S4,2025-05-28_S3_S4_120d46ab,2025-05-28 18:58:00,2025-05-29 07:30:00,B,64250.00,12.53,5126.33,B,bottom,107.40,5045.40,nominal_47ft_strip_by_centerline_zone_length,3143.32,3,"1,2,3",True,2,"1,2",3,no_peak,False,False,0.14,453.5804050049996,,,,,,,,,,,,
2025,S3_S4,east,S4,2025-05-28_S3_S4_120d46ab,2025-05-28 18:58:00,2025-05-29 07:30:00,M,64250.00,12.53,5126.33,M,middle,117.30,5513.10,nominal_47ft_strip_by_centerline_zone_length,3434.66,3,"1,2,3",True,3,"1,2,3",,,True,True,2.19,7521.186968127001,4.40736,6.59715,2.1897900000000003,15137.788827167999,22658.975795295,7521.186968127001,,,,,,
2025,S3_S4,east,S4,2025-05-28_S3_S4_120d46ab,2025-05-28 18:58:00,2025-05-29 07:30:00,T,64250.00,12.53,5126.33,T,top,113.20,5318.00,nominal_47ft_strip_by_centerline_zone_length,3313.15,3,"1,2,3",True,3,"1,2,3",,,True,True,3.10,10269.623495648999,3.25416,6.35382,3.0996599999999996,10781.504421324002,21051.127916973,10269.623495648999,,,,,,
2025,S3_S4,east,S4,2025-06-13_S3_S4_29345c78,2025-06-13 10:49:00,2025-06-13 19:16:00,B,56900.00,8.45,6733.73,B,bottom,107.40,5045.40,nominal_47ft_strip_by_centerline_zone_length,3143.32,3,"1,2,3",True,3,"1,2,3",,,True,True,1.24,3892.0216332164996,6.0762,7.31439,1.23819,19099.41272967,22991.4343628865,3892.0216332164996,,,,,,
2025,S3_S4,east,S4,2025-06-13_S3_S4_29345c78,2025-06-13 10:49:00,2025-06-13 19:16:00,M,56900.00,8.45,6733.73,M,middle,117.30,5513.10,nominal_47ft_strip_by_centerline_zone_length,3434.66,3,"1,2,3",True,3,"1,2,3",,,True,True,2.27,7804.031326182,3.47172,5.74386,2.2721400000000003,11924.182328435998,19728.213654617997,7804.031326182,,,,,,
2025,S3_S4,east,S4,2025-06-13_S3_S4_29345c78,2025-06-13 10:49:00,2025-06-13 19:16:00,T,56900.00,8.45,6733.73,T,top,113.20,5318.00,nominal_47ft_strip_by_centerline_zone_length,3313.15,3,"1,2,3",True,3,"1,2,3",,,True,True,3.16,10473.580711083001,3.8609399999999994,7.0221599999999995,3.16122,12791.854635441,23265.435346524002,10473.580711083001,,,,,,
2025,S3_S4,east,S4,2025-06-28_S3_S4_d9252a87,2025-06-28 08:50:00,2025-06-28 16:15:00,B,43550.00,7.42,5871.91,B,bottom,107.40,5045.40,nominal_47ft_strip_by_centerline_zone_length,3143.32,3,"1,2,3",True,3,"1,2,3",,,True,True,0.85,2684.4227420535003,6.715109999999999,7.569120000000001,0.8540100000000002,21107.708339938497,23792.131081992,2684.4227420535003,,,,,,
2025,S3_S4,east,S4,2025-06-28_S3_S4_d9252a87,2025-06-28 08:50:00,2025-06-28 16:15:00,M,43550.00,7.42,5871.91,M,middle,117.30,5513.10,nominal_47ft_strip_by_centerline_zone_length,3434.66,3,"1,2,3",True,3,"1,2,3",,,True,True,1.31,4488.930586034999,5.154179999999999,6.46113,1.3069499999999998,17702.862579233995,22191.793165269,4488.930586034999,,,,,,
2025,S3_S4,east,S4,2025-06-28_S3_S4_d9252a87,2025-06-28 08:50:00,2025-06-28 16:15:00,T,43550.00,7.42,5871.91,T,top,113.20,5318.00,nominal_47ft_strip_by_centerline_zone_length,3313.15,3,"1,2,3",True,3,"1,2,3",,,True,True,3.13,10363.650555006,3.7845000000000004,6.912539999999999,3.1280399999999995,12538.597820175002,22902.248375181,10363.650555006,,,,,,
2025,S3_S4,east,S4,2025-07-11_S3_S4_e179d57e,2025-07-11 08:30:00,2025-07-11 18:12:00,B,46400.00,9.70,4783.51,B,bottom,107.40,5045.40,nominal_47ft_strip_by_centerline_zone_length,3143.32,3,"1,2,3",True,3,"1,2,3",,,True,True,0.99,3113.2023889470006,6.4094999999999995,7.399920000000001,0.9904200000000003,20147.079735825,23260.282124772002,3113.2023889470006,,,,,,
2025,S3_S4,east,S4,2025-07-11_S3_S4_e179d57e,2025-07-11 08:30:00,2025-07-11 18:12:00,M,46400.00,9.70,4783.51,M,middle,117.30,5513.10,nominal_47ft_strip_by_centerline_zone_length,3434.66,3,"1,2,3",True,3,"1,2,3",,,True,True,2.08,7160.135372270999,4.65246,6.73713,2.08467,15979.624311797998,23139.759684069,7160.135372270999,,,,,,
2025,S3_S4,east,S4,2025-07-11_S3_S4_e179d57e,2025-07-11 08:30:00,2025-07-11 18:12:00,T,46400.00,9.70,4783.51,T,top,113.20,5318.00,nominal_47ft_strip_by_centerline_zone_length,3313.15,3,"1,2,3",True,3,"1,2,3",,,True,True,2.29,7577.3286153075,4.24206,6.529110000000001,2.28705,14054.560515009003,21631.889130316504,7577.3286153075,,,,,,
2025,S3_S4,east,S4,2025-07-26_S3_S4_b4053dcf,2025-07-26 08:45:00,2025-07-26 17:50:00,B,53225.00,9.08,5859.63,B,bottom,107.40,5045.40,nominal_47ft_strip_by_centerline_zone_length,3143.32,3,"1,2,3",True,3,"1,2,3",,,True,True,1.74,5457.486976976996,5.6176200000000005,7.353839999999999,1.7362199999999988,17657.951176467002,23115.438153443996,5457.486976976996,,,,,,
2025,S3_S4,east,S4,2025-07-26_S3_S4_b4053dcf,2025-07-26 08:45:00,2025-07-26 17:50:00,M,53225.00,9.08,5859.63,M,middle,117.30,5513.10,nominal_47ft_strip_by_centerline_zone_length,3434.66,3,"1,2,3",True,3,"1,2,3",,,True,True,2.55,8744.682016412999,2.8813199999999997,5.4273299999999995,2.54601,9896.358296915998,18641.040313329,8744.682016412999,,,,,,
2025,S3_S4,east,S4,2025-07-26_S3_S4_b4053dcf,2025-07-26 08:45:00,2025-07-26 17:50:00,T,53225.00,9.08,5859.63,T,top,113.20,5318.00,nominal_47ft_strip_by_centerline_zone_length,3313.15,3,"1,2,3",True,3,"1,2,3",,,True,True,2.84,9393.561655086003,3.6088799999999996,6.44412,2.8352400000000006,11956.743268932,21350.304924018,9393.561655086003,,,,,,
2025,S3_S4,east,S4,2025-08-08_S3_S4_7c793582,2025-08-08 13:14:00,2025-08-08 19:28:00,B,38750.00,6.23,6216.58,B,bottom,107.40,5045.40,nominal_47ft_strip_by_centerline_zone_length,3143.32,3,"1,2,3",True,3,"1,2,3",,,True,True,0.65,2049.2215761255015,6.21768,6.86961,0.6519300000000006,19544.128985387997,21593.3505615135,2049.2215761255015,,,,,,
2025,S3_S4,east,S4,2025-08-08_S3_S4_7c793582,2025-08-08 13:14:00,2025-08-08 19:28:00,M,38750.00,6.23,6216.58,M,middle,117.30,5513.10,nominal_47ft_strip_by_centerline_zone_length,3434.66,3,"1,2,3",True,3,"1,2,3",,,True,True,1.90,6542.720656983001,3.8322,5.73711,1.9049100000000005,13162.309033859998,19705.029690843,6542.720656983001,,,,,,
2025,S3_S4,east,S4,2025-08-08_S3_S4_7c793582,2025-08-08 13:14:00,2025-08-08 19:28:00,T,38750.00,6.23,6216.58,T,top,113.20,5318.00,nominal_47ft_strip_by_centerline_zone_length,3313.15,3,"1,2,3",True,3,"1,2,3",,,True,True,2.53,8396.338096387499,3.83307,6.367319999999999,2.5342499999999992,12699.517280110502,21095.855376498,8396.338096387499,,,,,,
2025,S3_S4,east,S4,2025-08-22_S3_S4_1b405e4b,2025-08-22 09:07:00,2025-08-22 19:04:00,B,30625.00,9.95,3077.89,B,bottom,107.40,5045.40,nominal_47ft_strip_by_centerline_zone_length,3143.32,3,"1,2,3",True,0,,"1,2,3",no_peak,False,False,,,,,,,,,,,,,,
2025,S3_S4,east,S4,2025-08-22_S3_S4_1b405e4b,2025-08-22 09:07:00,2025-08-22 19:04:00,M,30625.00,9.95,3077.89,M,middle,117.30,5513.10,nominal_47ft_strip_by_centerline_zone_length,3434.66,3,"1,2,3",True,3,"1,2,3",,,True,True,2.70,9261.014649641998,2.4971400000000004,5.19348,2.6963399999999997,8576.830118682,17837.844768323997,9261.014649641998,,,,,,
2025,S3_S4,east,S4,2025-08-22_S3_S4_1b405e4b,2025-08-22 09:07:00,2025-08-22 19:04:00,T,30625.00,9.95,3077.89,T,top,113.20,5318.00,nominal_47ft_strip_by_centerline_zone_length,3313.15,3,"1,2,3",True,3,"1,2,3",,,True,True,2.79,9242.482236245998,3.50151,6.29115,2.7896399999999995,11601.010874176502,20843.493110422503,9242.482236245998,,,,,,
2025,S3_S4,east,S4,2025-09-20_S3_S4_f86ee2c5,2025-09-20 10:42:00,2025-09-20 17:31:00,B,86100.00,6.82,12630.81,B,bottom,107.40,5045.40,nominal_47ft_strip_by_centerline_zone_length,3143.32,3,"1,2,3",True,3,"1,2,3",,,True,True,1.01,3184.7756794665006,6.199319999999999,7.21251,1.0131900000000003,19486.417715562,22671.1933950285,3184.7756794665006,,,,,,
2025,S3_S4,east,S4,2025-09-20_S3_S4_f86ee2c5,2025-09-20 10:42:00,2025-09-20 17:31:00,M,86100.00,6.82,12630.81,M,middle,117.30,5513.10,nominal_47ft_strip_by_centerline_zone_length,3434.66,3,"1,2,3",True,3,"1,2,3",,,True,True,1.32,4537.565390043001,4.33329,5.654400000000001,1.3211100000000002,14883.383464677,19420.94885472,4537.565390043001,,,,,,
2025,S3_S4,east,S4,2025-09-20_S3_S4_f86ee2c5,2025-09-20 10:42:00,2025-09-20 17:31:00,T,86100.00,6.82,12630.81,T,top,113.20,5318.00,nominal_47ft_strip_by_centerline_zone_length,3313.15,3,"1,2,3",True,3,"1,2,3",,,True,True,2.13,7045.7676074414985,4.333679999999999,6.460289999999999,2.1266099999999994,14358.110873651998,21403.8784810935,7045.7676074414985,,,,,,
2025,S3_S4,east,S4,2025-10-04_S3_S4_4439230e,2025-10-04 10:12:00,2025-10-04 17:06:00,B,51800.00,6.90,7507.25,B,bottom,107.40,5045.40,nominal_47ft_strip_by_centerline_zone_length,3143.32,3,"1,2,3",True,3,"1,2,3",,,True,True,0.72,2262.9984530789993,5.9761500000000005,6.69609,0.7199399999999998,18784.9240289025,21047.9224819815,2262.9984530789993,,,,,,
2025,S3_S4,east,S4,2025-10-04_S3_S4_4439230e,2025-10-04 10:12:00,2025-10-04 17:06:00,M,51800.00,6.90,7507.25,M,middle,117.30,5513.10,nominal_47ft_strip_by_centerline_zone_length,3434.66,3,"1,2,3",True,3,"1,2,3",,,True,True,1.69,5788.0568761469995,3.70074,5.38593,1.68519,12710.788459362,18498.845335509,5788.0568761469995,,,,,,
2025,S3_S4,east,S4,2025-10-04_S3_S4_4439230e,2025-10-04 10:12:00,2025-10-04 17:06:00,T,51800.00,6.90,7507.25,T,top,113.20,5318.00,nominal_47ft_strip_by_centerline_zone_length,3313.15,3,"1,2,3",True,3,"1,2,3",,,True,True,2.45,8124.892114248,4.25778,6.7101,2.45232,14106.643156767002,22231.535271015,8124.892114248,,,,,,
2026,S1_S2,west,S1,2026-04-21_S1_S2_001c30f6,2026-04-21 14:54:00,2026-04-22 08:52:00,B,110850.00,17.97,6169.76,B,bottom,122.00,5731.60,nominal_47ft_strip_by_centerline_zone_length,3570.82,3,"1,2,3",True,3,"1,2,3",,,True,True,2.73,9734.835311649,2.38965,5.11587,2.72622,8533.0051142175,18267.8404258665,9734.835311649,,,,,,
2026,S1_S2,west,S1,2026-04-21_S1_S2_001c30f6,2026-04-21 14:54:00,2026-04-22 08:52:00,M,110850.00,17.97,6169.76,M,middle,115.30,5419.10,nominal_47ft_strip_by_centerline_zone_length,3376.10,3,"1,2,3",True,3,"1,2,3",,,True,True,2.67,9013.881282063001,4.02861,6.69852,2.6699100000000002,13600.987400972997,22614.868683036,9013.881282063001,,,,,,
2026,S1_S2,west,S1,2026-04-21_S1_S2_001c30f6,2026-04-21 14:54:00,2026-04-22 08:52:00,T,110850.00,17.97,6169.76,T,top,109.40,5139.40,nominal_47ft_strip_by_centerline_zone_length,3201.88,3,"1,2,3",True,3,"1,2,3",,,True,True,3.02,9678.058515657,4.45122,7.47384,3.02262,14252.260497866999,23930.319013523997,9678.058515657,,,,,,
2026,S1_S2,west,S1,2026-05-20_S1_S2_49743b7c,2026-05-20 11:23:00,2026-05-20 17:53:00,B,54400.00,6.50,8369.23,B,bottom,122.00,5731.60,nominal_47ft_strip_by_centerline_zone_length,3570.82,3,"1,2,3",True,3,"1,2,3",,,True,True,2.01,7168.666991881497,2.86776,4.87533,2.0075699999999994,10240.248884292,17408.915876173498,7168.666991881497,,,,,,
2026,S1_S2,west,S1,2026-05-20_S1_S2_49743b7c,2026-05-20 11:23:00,2026-05-20 17:53:00,M,54400.00,6.50,8369.23,M,middle,115.30,5419.10,nominal_47ft_strip_by_centerline_zone_length,3376.10,3,"1,2,3",True,3,"1,2,3",,,True,True,2.06,6945.581567904,4.335509999999999,6.39279,2.05728,14637.112276142998,21582.693844046997,6945.581567904,,,,,,
2026,S1_S2,west,S1,2026-05-20_S1_S2_49743b7c,2026-05-20 11:23:00,2026-05-20 17:53:00,T,54400.00,6.50,8369.23,T,top,109.40,5139.40,nominal_47ft_strip_by_centerline_zone_length,3201.88,3,"1,2,3",True,3,"1,2,3",,,True,True,1.86,5969.516093793,5.30799,7.17237,1.8643800000000001,16995.532955026498,22965.0490488195,5969.516093793,,,,,,
2026,S1_S2,west,S1,2026-06-20_S1_S2_ba82572f,2026-06-20 08:00:00,2026-06-20 17:03:00,B,65700.00,9.05,7259.67,B,bottom,122.00,5731.60,nominal_47ft_strip_by_centerline_zone_length,3570.82,3,"1,2,3",True,3,"1,2,3",,,True,True,3.03,10826.648608040998,2.12598,5.15796,3.03198,7591.487545341,18418.136153381998,10826.648608040998,,,,,,
2026,S1_S2,west,S1,2026-06-20_S1_S2_ba82572f,2026-06-20 08:00:00,2026-06-20 17:03:00,M,65700.00,9.05,7259.67,M,middle,115.30,5419.10,nominal_47ft_strip_by_centerline_zone_length,3376.10,3,"1,2,3",True,3,"1,2,3",,,True,True,2.92,9871.03913334,3.5753399999999997,6.499140000000001,2.9238,12070.702871262,21941.742004602,9871.03913334,,,,,,
2026,S1_S2,west,S1,2026-06-20_S1_S2_ba82572f,2026-06-20 08:00:00,2026-06-20 17:03:00,T,65700.00,9.05,7259.67,T,top,109.40,5139.40,nominal_47ft_strip_by_centerline_zone_length,3201.88,3,"1,2,3",True,3,"1,2,3",,,True,True,3.72,11904.5479685265,3.83412,7.552110000000001,3.7179900000000004,12276.381985181999,24180.9299537085,11904.5479685265,,,,,,
2026,S1_S2,west,S1,2026-06-27_S1_S2_be4e641a,2026-06-27 11:05:00,2026-06-27 16:34:00,B,33511.00,5.48,6111.43,B,bottom,122.00,5731.60,nominal_47ft_strip_by_centerline_zone_length,3570.82,3,"1,2,3",True,3,"1,2,3",,,True,True,1.03,3667.5157000860004,4.43862,5.4657,1.0270800000000002,15849.503969229,19517.019669315,3667.5157000860004,,,,,,
2026,S1_S2,west,S1,2026-06-27_S1_S2_be4e641a,2026-06-27 11:05:00,2026-06-27 16:34:00,M,33511.00,5.48,6111.43,M,middle,115.30,5419.10,nominal_47ft_strip_by_centerline_zone_length,3376.10,3,"1,2,3",True,3,"1,2,3",,,True,True,0.93,3156.484040534999,5.62461,6.559559999999999,0.9349499999999997,18989.241883772997,22145.725924307997,3156.484040534999,,,,,,
2026,S1_S2,west,S1,2026-06-27_S1_S2_be4e641a,2026-06-27 11:05:00,2026-06-27 16:34:00,T,33511.00,5.48,6111.43,T,top,109.40,5139.40,nominal_47ft_strip_by_centerline_zone_length,3201.88,3,"1,2,3",True,3,"1,2,3",,,True,True,1.13,3612.0058197615003,6.344669999999999,7.472760000000001,1.1280900000000003,20314.855166224494,23926.860985986,3612.0058197615003,,,,,,
2026,S1_S2,west,S1,2026-07-24_S1_S2_63eb5228,2026-07-24 08:25:00,2026-07-24 15:43:00,B,34125.00,7.30,4674.66,B,bottom,122.00,5731.60,nominal_47ft_strip_by_centerline_zone_length,3570.82,3,"1,2,3",True,3,"1,2,3",,,True,True,3.13,11165.4835233165,2.0906700000000003,5.21754,3.1268700000000003,7465.4019635265,18630.885486842995,11165.4835233165,,,,,,
2026,S1_S2,west,S1,2026-07-24_S1_S2_63eb5228,2026-07-24 08:25:00,2026-07-24 15:43:00,M,34125.00,7.30,4674.66,M,middle,115.30,5419.10,nominal_47ft_strip_by_centerline_zone_length,3376.10,3,"1,2,3",True,3,"1,2,3",,,True,True,2.37,8003.988698454003,3.99294,6.363720000000001,2.3707800000000008,13480.561938941999,21484.550637396,8003.988698454003,,,,,,
2026,S1_S2,west,S1,2026-07-24_S1_S2_63eb5228,2026-07-24 08:25:00,2026-07-24 15:43:00,T,34125.00,7.30,4674.66,T,top,109.40,5139.40,nominal_47ft_strip_by_centerline_zone_length,3201.88,3,"1,2,3",True,3,"1,2,3",,,True,True,3.65,11671.707447634499,3.6400200000000003,7.28529,3.64527,11654.897591547,23326.605039181497,11671.707447634499,,,,,,
2026,S1_S2,west,S1,2026-08-14_S1_S2_72b4c1d7,2026-08-14 10:25:00,2026-08-14 13:47:00,B,21350.00,3.37,6341.58,B,bottom,122.00,5731.60,nominal_47ft_strip_by_centerline_zone_length,3570.82,3,"1,2,3",True,3,"1,2,3",,,True,True,1.42,5060.348949662997,2.3697600000000003,3.7869,1.4171399999999994,8461.981545192,13522.330494855,5060.348949662997,,,,,,
2026,S1_S2,west,S1,2026-08-14_S1_S2_72b4c1d7,2026-08-14 10:25:00,2026-08-14 13:47:00,M,21350.00,3.37,6341.58,M,middle,115.30,5419.10,nominal_47ft_strip_by_centerline_zone_length,3376.10,3,"1,2,3",True,3,"1,2,3",,,True,True,1.29,4362.5617544669985,4.208310000000001,5.500500000000001,1.2921899999999997,14207.672445183003,18570.23419965,4362.5617544669985,,,,,,
2026,S1_S2,west,S1,2026-08-14_S1_S2_72b4c1d7,2026-08-14 10:25:00,2026-08-14 13:47:00,T,21350.00,3.37,6341.58,T,top,109.40,5139.40,nominal_47ft_strip_by_centerline_zone_length,3201.88,3,"1,2,3",True,3,"1,2,3",,,True,True,2.83,9046.680321010495,4.26603,7.09146,2.825429999999999,13659.304831420499,22705.985152430996,9046.680321010495,,,,,,
2026,S1_S2,west,S2,2026-04-21_S1_S2_001c30f6,2026-04-21 14:54:00,2026-04-22 08:52:00,B,110850.00,17.97,6169.76,B,bottom,115.80,5440.20,nominal_47ft_strip_by_centerline_zone_length,3389.28,3,"1,2,3",True,3,"1,2,3",,,True,True,4.66,15804.565642582498,1.6521,6.315209999999999,4.66311,5599.422466574999,21403.988109157493,15804.565642582498,,,,,,
2026,S1_S2,west,S2,2026-04-21_S1_S2_001c30f6,2026-04-21 14:54:00,2026-04-22 08:52:00,M,110850.00,17.97,6169.76,M,middle,117.30,5513.10,nominal_47ft_strip_by_centerline_zone_length,3434.66,3,"1,2,3",True,3,"1,2,3",,,True,True,3.69,12661.947575675998,3.03123,6.7177500000000006,3.68652,10411.248372398999,23073.195948075,12661.947575675998,,,,,,
2026,S1_S2,west,S2,2026-04-21_S1_S2_001c30f6,2026-04-21 14:54:00,2026-04-22 08:52:00,T,110850.00,17.97,6169.76,T,top,111.00,5219.40,nominal_47ft_strip_by_centerline_zone_length,3251.66,3,"1,2,3",True,3,"1,2,3",,,True,True,4.46,14497.7316562785,3.7143300000000004,8.1729,4.45857,12077.719901866501,26575.451558145,14497.7316562785,,,,,,
2026,S1_S2,west,S2,2026-05-20_S1_S2_49743b7c,2026-05-20 11:23:00,2026-05-20 17:53:00,B,54400.00,6.50,8369.23,B,bottom,115.80,5440.20,nominal_47ft_strip_by_centerline_zone_length,3389.28,3,"1,2,3",True,3,"1,2,3",,,True,True,3.56,12077.751920640001,2.4021600000000003,5.965680000000001,3.5635200000000005,8141.5826356200005,20219.33455626,12077.751920640001,,,,,,
2026,S1_S2,west,S2,2026-05-20_S1_S2_49743b7c,2026-05-20 11:23:00,2026-05-20 17:53:00,M,54400.00,6.50,8369.23,M,middle,117.30,5513.10,nominal_47ft_strip_by_centerline_zone_length,3434.66,3,"1,2,3",True,3,"1,2,3",,,True,True,3.10,10634.020504316999,3.49941,6.595500000000001,3.09609,12019.288099833,22653.308604150003,10634.020504316999,,,,,,
2026,S1_S2,west,S2,2026-05-20_S1_S2_49743b7c,2026-05-20 11:23:00,2026-05-20 17:53:00,T,54400.00,6.50,8369.23,T,top,111.00,5219.40,nominal_47ft_strip_by_centerline_zone_length,3251.66,3,"1,2,3",True,3,"1,2,3",,,True,True,3.15,10244.1766522725,3.5913000000000004,6.741750000000001,3.15045,11677.668781065,21921.8454333375,10244.1766522725,,,,,,
2026,S1_S2,west,S2,2026-06-20_S1_S2_ba82572f,2026-06-20 08:00:00,2026-06-20 17:03:00,B,65700.00,9.05,7259.67,B,bottom,115.80,5440.20,nominal_47ft_strip_by_centerline_zone_length,3389.28,3,"1,2,3",True,3,"1,2,3",,,True,True,4.04,13680.201495239999,2.32836,6.36468,4.03632,7891.454085269999,21571.65558051,13680.201495239999,,,,,,
2026,S1_S2,west,S2,2026-06-20_S1_S2_ba82572f,2026-06-20 08:00:00,2026-06-20 17:03:00,M,65700.00,9.05,7259.67,M,middle,117.30,5513.10,nominal_47ft_strip_by_centerline_zone_length,3434.66,3,"1,2,3",True,3,"1,2,3",,,True,True,3.14,10796.205210903,3.6888,6.83211,3.14331,12669.77860344,23465.983814343,10796.205210903,,,,,,
2026,S1_S2,west,S2,2026-06-20_S1_S2_ba82572f,2026-06-20 08:00:00,2026-06-20 17:03:00,T,65700.00,9.05,7259.67,T,top,111.00,5219.40,nominal_47ft_strip_by_centerline_zone_length,3251.66,3,"1,2,3",True,3,"1,2,3",,,True,True,3.04,9878.1703598445,3.42162,6.45951,3.03789,11125.927952180999,21004.098312025497,9878.1703598445,,,,,,
2026,S1_S2,west,S2,2026-06-27_S1_S2_be4e641a,2026-06-27 11:05:00,2026-06-27 16:34:00,B,33511.00,5.48,6111.43,B,bottom,115.80,5440.20,nominal_47ft_strip_by_centerline_zone_length,3389.28,3,"1,2,3",True,3,"1,2,3",,,True,True,2.05,6955.3022303625,4.59651,6.6486600000000005,2.05215,15578.8398776325,22534.142107995,6955.3022303625,,,,,,
2026,S1_S2,west,S2,2026-06-27_S1_S2_be4e641a,2026-06-27 11:05:00,2026-06-27 16:34:00,M,33511.00,5.48,6111.43,M,middle,117.30,5513.10,nominal_47ft_strip_by_centerline_zone_length,3434.66,3,"1,2,3",True,3,"1,2,3",,,True,True,1.14,3907.682854236003,5.54508,6.6828,1.137720000000001,19045.471681403997,22953.15453564,3907.682854236003,,,,,,
2026,S1_S2,west,S2,2026-06-27_S1_S2_be4e641a,2026-06-27 11:05:00,2026-06-27 16:34:00,T,33511.00,5.48,6111.43,T,top,111.00,5219.40,nominal_47ft_strip_by_centerline_zone_length,3251.66,3,"1,2,3",True,3,"1,2,3",,,True,True,2.12,6901.832942927999,4.8549,6.977460000000001,2.12256,15786.460102244999,22688.293045173003,6901.832942927999,,,,,,
2026,S1_S2,west,S2,2026-07-24_S1_S2_63eb5228,2026-07-24 08:25:00,2026-07-24 15:43:00,B,34125.00,7.30,4674.66,B,bottom,115.80,5440.20,nominal_47ft_strip_by_centerline_zone_length,3389.28,3,"1,2,3",True,3,"1,2,3",,,True,True,3.10,10500.315201074998,2.3350500000000003,5.4331499999999995,3.0980999999999996,7914.1283400375005,18414.443541112498,10500.315201074998,,,,,,
2026,S1_S2,west,S2,2026-07-24_S1_S2_63eb5228,2026-07-24 08:25:00,2026-07-24 15:43:00,M,34125.00,7.30,4674.66,M,middle,117.30,5513.10,nominal_47ft_strip_by_centerline_zone_length,3434.66,3,"1,2,3",True,3,"1,2,3",,,True,True,2.82,9694.709331993,3.7395300000000002,6.562140000000001,2.8226100000000005,12844.018971189,22538.728303182004,9694.709331993,,,,,,
2026,S1_S2,west,S2,2026-07-24_S1_S2_63eb5228,2026-07-24 08:25:00,2026-07-24 15:43:00,T,34125.00,7.30,4674.66,T,top,111.00,5219.40,nominal_47ft_strip_by_centerline_zone_length,3251.66,3,"1,2,3",True,3,"1,2,3",,,True,True,2.90,9416.272759992,3.6866399999999997,6.58248,2.89584,11987.681573531998,21403.954333524,9416.272759992,,,,,,
2026,S1_S2,west,S2,2026-08-14_S1_S2_72b4c1d7,2026-08-14 10:25:00,2026-08-14 13:47:00,B,21350.00,3.37,6341.58,B,bottom,115.80,5440.20,nominal_47ft_strip_by_centerline_zone_length,3389.28,3,"1,2,3",True,3,"1,2,3",,,True,True,2.46,8337.313310182502,2.3492699999999997,4.8091800000000005,2.4599100000000007,7962.323841202498,16299.637151385,8337.313310182502,,,,,,
2026,S1_S2,west,S2,2026-08-14_S1_S2_72b4c1d7,2026-08-14 10:25:00,2026-08-14 13:47:00,M,21350.00,3.37,6341.58,M,middle,117.30,5513.10,nominal_47ft_strip_by_centerline_zone_length,3434.66,3,"1,2,3",True,3,"1,2,3",,,True,True,2.51,8618.870372994,3.90192,6.411300000000001,2.50938,13401.773619696,22020.643992690002,8618.870372994,,,,,,
2026,S1_S2,west,S2,2026-08-14_S1_S2_72b4c1d7,2026-08-14 10:25:00,2026-08-14 13:47:00,T,21350.00,3.37,6341.58,T,top,111.00,5219.40,nominal_47ft_strip_by_centerline_zone_length,3251.66,3,"1,2,3",True,3,"1,2,3",,,True,True,2.80,9119.2340711745,3.8781300000000005,6.68262,2.8044900000000004,12610.340999056501,21729.575070231,9119.2340711745,,,,,,
2026,S3_S4,east,S3,2026-04-21_S3_S4_ed1ed131,2026-04-21 14:54:00,2026-04-22 08:52:00,B,110850.00,17.97,6169.76,B,bottom,110.80,5205.20,nominal_47ft_strip_by_centerline_zone_length,3242.87,3,"1,2,3",True,3,"1,2,3",,,True,True,3.70,12001.8970744575,1.91178,5.61279,3.70101,6199.655442435001,18201.5525168925,12001.8970744575,,,,,,
2026,S3_S4,east,S3,2026-04-21_S3_S4_ed1ed131,2026-04-21 14:54:00,2026-04-22 08:52:00,M,110850.00,17.97,6169.76,M,middle,118.80,5583.60,nominal_47ft_strip_by_centerline_zone_length,3478.58,3,"1,2,3",True,3,"1,2,3",,,True,True,3.39,11779.351006499995,3.2273400000000003,6.61359,3.386249999999999,11226.569413752,23005.920420251998,11779.351006499995,,,,,,
2026,S3_S4,east,S3,2026-04-21_S3_S4_ed1ed131,2026-04-21 14:54:00,2026-04-22 08:52:00,T,110850.00,17.97,6169.76,T,top,111.40,5233.40,nominal_47ft_strip_by_centerline_zone_length,3260.44,3,"1,2,3",True,3,"1,2,3",,,True,True,2.19,7130.2874189085005,5.17434,7.36125,2.18691,16870.621746279,24000.909165187502,7130.2874189085005,,,,,,
2026,S3_S4,east,S3,2026-05-08_S3_S4_989607cc,2026-05-08 09:00:00,2026-05-08 19:14:00,B,90350.00,10.23,8828.99,B,bottom,110.80,5205.20,nominal_47ft_strip_by_centerline_zone_length,3242.87,3,"1,2,3",True,3,"1,2,3",,,True,True,2.52,8167.948272855001,3.29232,5.81106,2.51874,10676.56822764,18844.516500495003,8167.948272855001,,,,,,
2026,S3_S4,east,S3,2026-05-08_S3_S4_989607cc,2026-05-08 09:00:00,2026-05-08 19:14:00,M,90350.00,10.23,8828.99,M,middle,118.80,5583.60,nominal_47ft_strip_by_centerline_zone_length,3478.58,3,"1,2,3",True,3,"1,2,3",,,True,True,2.78,9673.312621895997,3.99636,6.777179999999999,2.7808199999999994,13901.669158608,23574.981780503993,9673.312621895997,,,,,,
2026,S3_S4,east,S3,2026-05-08_S3_S4_989607cc,2026-05-08 09:00:00,2026-05-08 19:14:00,T,90350.00,10.23,8828.99,T,top,111.40,5233.40,nominal_47ft_strip_by_centerline_zone_length,3260.44,3,"1,2,3",True,3,"1,2,3",,,True,True,1.45,4736.3098261709965,5.657220000000001,7.109879999999999,1.452659999999999,18445.022699607,23181.332525777998,4736.3098261709965,,,,,,
2026,S3_S4,east,S3,2026-05-21_S3_S4_272f948e,2026-05-21 13:27:00,2026-05-21 19:54:00,B,59850.00,6.45,9279.07,B,bottom,110.80,5205.20,nominal_47ft_strip_by_centerline_zone_length,3242.87,3,"1,2,3",True,3,"1,2,3",,,True,True,2.74,8896.329472012501,2.9518500000000003,5.6952,2.7433500000000004,9572.4680233875,18468.7974954,8896.329472012501,,,,,,
2026,S3_S4,east,S3,2026-05-21_S3_S4_272f948e,2026-05-21 13:27:00,2026-05-21 19:54:00,M,59850.00,6.45,9279.07,M,middle,118.80,5583.60,nominal_47ft_strip_by_centerline_zone_length,3478.58,3,"1,2,3",True,3,"1,2,3",,,True,True,2.39,8325.118286100002,4.00512,6.398370000000001,2.3932500000000005,13932.141543935997,22257.259830036,8325.118286100002,,,,,,
2026,S3_S4,east,S3,2026-05-21_S3_S4_272f948e,2026-05-21 13:27:00,2026-05-21 19:54:00,T,59850.00,6.45,9279.07,T,top,111.40,5233.40,nominal_47ft_strip_by_centerline_zone_length,3260.44,3,"1,2,3",True,3,"1,2,3",,,True,True,1.13,3684.622509435002,5.597189999999999,6.72729,1.1301000000000005,18249.2985254265,21933.9210348615,3684.622509435002,,,,,,
2026,S3_S4,east,S3,2026-06-05_S3_S4_f5beba0a,2026-06-05 14:19:00,2026-06-05 20:47:00,B,53900.00,6.47,8335.05,B,bottom,110.80,5205.20,nominal_47ft_strip_by_centerline_zone_length,3242.87,3,"1,2,3",True,3,"1,2,3",,,True,True,3.12,10122.5237600025,2.25009,5.371560000000001,3.12147,7296.751045867501,17419.27480587,10122.5237600025,,,,,,
2026,S3_S4,east,S3,2026-06-05_S3_S4_f5beba0a,2026-06-05 14:19:00,2026-06-05 20:47:00,M,53900.00,6.47,8335.05,M,middle,118.80,5583.60,nominal_47ft_strip_by_centerline_zone_length,3478.58,3,"1,2,3",True,3,"1,2,3",,,True,True,2.47,8584.029203904,3.77988,6.24756,2.46768,13148.625554063998,21732.654757967997,8584.029203904,,,,,,
2026,S3_S4,east,S3,2026-06-05_S3_S4_f5beba0a,2026-06-05 14:19:00,2026-06-05 20:47:00,T,53900.00,6.47,8335.05,T,top,111.40,5233.40,nominal_47ft_strip_by_centerline_zone_length,3260.44,3,"1,2,3",True,2,"1,3",2,no_peak,False,False,1.14,3713.770837223999,,,,,,,,,,,,
2026,S3_S4,east,S3,2026-06-20_S3_S4_47159afc,2026-06-20 08:00:00,2026-06-20 17:03:00,B,65700.00,9.05,7259.67,B,bottom,110.80,5205.20,nominal_47ft_strip_by_centerline_zone_length,3242.87,3,"1,2,3",True,3,"1,2,3",,,True,True,2.25,7309.884672405003,4.23024,6.484380000000001,2.254140000000001,13718.12156148,21028.006233885004,7309.884672405003,,,,,,
2026,S3_S4,east,S3,2026-06-20_S3_S4_47159afc,2026-06-20 08:00:00,2026-06-20 17:03:00,M,65700.00,9.05,7259.67,M,middle,118.80,5583.60,nominal_47ft_strip_by_centerline_zone_length,3478.58,3,"1,2,3",True,3,"1,2,3",,,True,True,2.59,9008.138018880001,4.23534,6.82494,2.589600000000001,14732.980876151998,23741.118895031996,9008.138018880001,,,,,,
2026,S3_S4,east,S3,2026-06-20_S3_S4_47159afc,2026-06-20 08:00:00,2026-06-20 17:03:00,T,65700.00,9.05,7259.67,T,top,111.40,5233.40,nominal_47ft_strip_by_centerline_zone_length,3260.44,3,"1,2,3",True,1,1,"2,3",no_peak,False,False,1.22,3968.9654251485,,,,,,,,,,,,
2026,S3_S4,east,S3,2026-06-27_S3_S4_dc68d0eb,2026-06-27 11:05:00,2026-06-27 16:34:00,B,33511.00,5.48,6111.43,B,bottom,110.80,5205.20,nominal_47ft_strip_by_centerline_zone_length,3242.87,3,"1,2,3",True,3,"1,2,3",,,True,True,2.25,7289.843731169997,4.3380600000000005,6.5860199999999995,2.247959999999999,14067.767885745001,21357.611616914997,7289.843731169997,,,,,,
2026,S3_S4,east,S3,2026-06-27_S3_S4_dc68d0eb,2026-06-27 11:05:00,2026-06-27 16:34:00,M,33511.00,5.48,6111.43,M,middle,118.80,5583.60,nominal_47ft_strip_by_centerline_zone_length,3478.58,3,"1,2,3",True,3,"1,2,3",,,True,True,2.08,7249.714413479997,4.99428,7.078379999999999,2.0840999999999994,17373.016506384,24622.730919863996,7249.714413479997,,,,,,
2026,S3_S4,east,S3,2026-06-27_S3_S4_dc68d0eb,2026-06-27 11:05:00,2026-06-27 16:34:00,T,33511.00,5.48,6111.43,T,top,111.40,5233.40,nominal_47ft_strip_by_centerline_zone_length,3260.44,3,"1,2,3",True,2,"1,2",3,no_peak,False,False,0.96,3134.5211823029977,,,,,,,,,,,,
2026,S3_S4,east,S3,2026-07-05_S3_S4_b3db7964,2026-07-05 11:24:00,2026-07-05 18:13:00,B,56650.00,6.82,8310.51,B,bottom,110.80,5205.20,nominal_47ft_strip_by_centerline_zone_length,3242.87,3,"1,2,3",True,3,"1,2,3",,,True,True,2.91,9444.147627810002,3.3734999999999995,6.28578,2.9122800000000004,10939.824475124999,20383.972102935,9444.147627810002,,,,,,
2026,S3_S4,east,S3,2026-07-05_S3_S4_b3db7964,2026-07-05 11:24:00,2026-07-05 18:13:00,M,56650.00,6.82,8310.51,M,middle,118.80,5583.60,nominal_47ft_strip_by_centerline_zone_length,3478.58,3,"1,2,3",True,3,"1,2,3",,,True,True,1.75,6075.170931059996,4.8258600000000005,6.57231,1.7464499999999992,16787.153591208,22862.324522267998,6075.170931059996,,,,,,
2026,S3_S4,east,S3,2026-07-05_S3_S4_b3db7964,2026-07-05 11:24:00,2026-07-05 18:13:00,T,56650.00,6.82,8310.51,T,top,111.40,5233.40,nominal_47ft_strip_by_centerline_zone_length,3260.44,3,"1,2,3",True,1,1,"2,3",no_peak,False,False,0.80,2595.1793050260017,,,,,,,,,,,,
2026,S3_S4,east,S3,2026-07-24_S3_S4_d28f9731,2026-07-24 08:25:00,2026-07-24 15:43:00,B,34125.00,7.30,4674.66,B,bottom,110.80,5205.20,nominal_47ft_strip_by_centerline_zone_length,3242.87,3,"1,2,3",True,3,"1,2,3",,,True,True,2.68,8685.607730677499,2.17833,4.856699999999999,2.6783699999999997,7064.0426408475,15749.650371524998,8685.607730677499,,,,,,
2026,S3_S4,east,S3,2026-07-24_S3_S4_d28f9731,2026-07-24 08:25:00,2026-07-24 15:43:00,M,34125.00,7.30,4674.66,M,middle,118.80,5583.60,nominal_47ft_strip_by_centerline_zone_length,3478.58,3,"1,2,3",True,3,"1,2,3",,,True,True,2.74,9526.168569455998,3.59097,6.32949,2.73852,12491.486477315999,22017.655046771997,9526.168569455998,,,,,,
2026,S3_S4,east,S3,2026-07-24_S3_S4_d28f9731,2026-07-24 08:25:00,2026-07-24 15:43:00,T,34125.00,7.30,4674.66,T,top,111.40,5233.40,nominal_47ft_strip_by_centerline_zone_length,3260.44,3,"1,2,3",True,3,"1,2,3",,,True,True,1.27,4153.538896751999,6.67764,7.951560000000001,1.2739199999999997,21772.040221134,25925.579117886,4153.538896751999,,,,,,
2026,S3_S4,east,S3,2026-08-14_S3_S4_1912adab,2026-08-14 10:25:00,2026-08-14 13:47:00,B,21350.00,3.37,6341.58,B,bottom,110.80,5205.20,nominal_47ft_strip_by_centerline_zone_length,3242.87,3,"1,2,3",True,0,,"1,2,3",missing_plateau_or_no_peak,False,False,,,,,,,,,,,,,,
2026,S3_S4,east,S3,2026-08-14_S3_S4_1912adab,2026-08-14 10:25:00,2026-08-14 13:47:00,M,21350.00,3.37,6341.58,M,middle,118.80,5583.60,nominal_47ft_strip_by_centerline_zone_length,3478.58,3,"1,2,3",True,3,"1,2,3",,,True,True,2.51,8745.261516684,3.4484399999999997,5.96247,2.5140300000000004,11995.684070831998,20740.945587516,8745.261516684,,,,,,
2026,S3_S4,east,S3,2026-08-14_S3_S4_1912adab,2026-08-14 10:25:00,2026-08-14 13:47:00,T,21350.00,3.37,6341.58,T,top,111.40,5233.40,nominal_47ft_strip_by_centerline_zone_length,3260.44,3,"1,2,3",True,1,1,"2,3",no_peak,False,False,0.38,1237.7279860470003,,,,,,,,,,,,
2026,S3_S4,east,S4,2026-04-21_S3_S4_ed1ed131,2026-04-21 14:54:00,2026-04-22 08:52:00,B,110850.00,17.97,6169.76,B,bottom,107.40,5045.40,nominal_47ft_strip_by_centerline_zone_length,3143.32,3,"1,2,3",True,3,"1,2,3",,,True,True,3.78,11879.657434868997,3.8516100000000004,7.63095,3.7793399999999995,12106.824835213502,23986.4822700825,11879.657434868997,,,,,,
2026,S3_S4,east,S4,2026-04-21_S3_S4_ed1ed131,2026-04-21 14:54:00,2026-04-22 08:52:00,M,110850.00,17.97,6169.76,M,middle,117.30,5513.10,nominal_47ft_strip_by_centerline_zone_length,3434.66,3,"1,2,3",True,3,"1,2,3",,,True,True,3.70,12707.388144674998,2.02698,5.72673,3.69975,6961.989761874,19669.377906548998,12707.388144674998,,,,,,
2026,S3_S4,east,S4,2026-04-21_S3_S4_ed1ed131,2026-04-21 14:54:00,2026-04-22 08:52:00,T,110850.00,17.97,6169.76,T,top,113.20,5318.00,nominal_47ft_strip_by_centerline_zone_length,3313.15,3,"1,2,3",True,3,"1,2,3",,,True,True,3.79,12551.220903196501,2.97498,6.7632900000000005,3.78831,9856.540558347,22407.761461543505,12551.220903196501,,,,,,
2026,S3_S4,east,S4,2026-05-08_S3_S4_989607cc,2026-05-08 09:00:00,2026-05-08 19:14:00,B,90350.00,10.23,8828.99,B,bottom,107.40,5045.40,nominal_47ft_strip_by_centerline_zone_length,3143.32,3,"1,2,3",True,3,"1,2,3",,,True,True,1.62,5081.232129582002,5.4891000000000005,7.10562,1.6165200000000006,17253.972287685,22335.204417267,5081.232129582002,,,,,,
2026,S3_S4,east,S4,2026-05-08_S3_S4_989607cc,2026-05-08 09:00:00,2026-05-08 19:14:00,M,90350.00,10.23,8828.99,M,middle,117.30,5513.10,nominal_47ft_strip_by_centerline_zone_length,3434.66,3,"1,2,3",True,3,"1,2,3",,,True,True,2.78,9564.466975496998,3.1391999999999998,5.923889999999999,2.7846899999999994,10782.088752959999,20346.555728456995,9564.466975496998,,,,,,
2026,S3_S4,east,S4,2026-05-08_S3_S4_989607cc,2026-05-08 09:00:00,2026-05-08 19:14:00,T,90350.00,10.23,8828.99,T,top,113.20,5318.00,nominal_47ft_strip_by_centerline_zone_length,3313.15,3,"1,2,3",True,3,"1,2,3",,,True,True,2.43,8036.9281105155005,4.18266,6.608429999999999,2.42577,13857.759693099002,21894.6878036145,8036.9281105155005,,,,,,
2026,S3_S4,east,S4,2026-05-21_S3_S4_272f948e,2026-05-21 13:27:00,2026-05-21 19:54:00,B,59850.00,6.45,9279.07,B,bottom,107.40,5045.40,nominal_47ft_strip_by_centerline_zone_length,3143.32,3,"1,2,3",True,3,"1,2,3",,,True,True,1.22,3832.518673641002,5.59308,6.812340000000001,1.2192600000000007,17580.814217778,21413.332891419002,3832.518673641002,,,,,,
2026,S3_S4,east,S4,2026-05-21_S3_S4_272f948e,2026-05-21 13:27:00,2026-05-21 19:54:00,M,59850.00,6.45,9279.07,M,middle,117.30,5513.10,nominal_47ft_strip_by_centerline_zone_length,3434.66,3,"1,2,3",True,3,"1,2,3",,,True,True,3.11,10697.390005302002,2.90076,6.0153,3.1145400000000008,9963.128112588,20660.51811789,10697.390005302002,,,,,,
2026,S3_S4,east,S4,2026-05-21_S3_S4_272f948e,2026-05-21 13:27:00,2026-05-21 19:54:00,T,59850.00,6.45,9279.07,T,top,113.20,5318.00,nominal_47ft_strip_by_centerline_zone_length,3313.15,3,"1,2,3",True,3,"1,2,3",,,True,True,2.19,7264.2363986325,4.3021199999999995,6.494669999999999,2.1925499999999998,14253.548012718,21517.784411350498,7264.2363986325,,,,,,
2026,S3_S4,east,S4,2026-06-05_S3_S4_f5beba0a,2026-06-05 14:19:00,2026-06-05 20:47:00,B,53900.00,6.47,8335.05,B,bottom,107.40,5045.40,nominal_47ft_strip_by_centerline_zone_length,3143.32,3,"1,2,3",True,3,"1,2,3",,,True,True,1.27,4002.0691036199987,5.540789999999999,6.81399,1.2731999999999997,17416.450258126497,21418.5193617465,4002.0691036199987,,,,,,
2026,S3_S4,east,S4,2026-06-05_S3_S4_f5beba0a,2026-06-05 14:19:00,2026-06-05 20:47:00,M,53900.00,6.47,8335.05,M,middle,117.30,5513.10,nominal_47ft_strip_by_centerline_zone_length,3434.66,3,"1,2,3",True,3,"1,2,3",,,True,True,3.43,11766.325295088,2.44872,5.87448,3.42576,8410.523818536,20176.849113623997,11766.325295088,,,,,,
2026,S3_S4,east,S4,2026-06-05_S3_S4_f5beba0a,2026-06-05 14:19:00,2026-06-05 20:47:00,T,53900.00,6.47,8335.05,T,top,113.20,5318.00,nominal_47ft_strip_by_centerline_zone_length,3313.15,3,"1,2,3",True,3,"1,2,3",,,True,True,2.69,8920.1463446025,3.8262300000000002,6.51858,2.69235,12676.855367284503,21597.001711887002,8920.1463446025,,,,,,
2026,S3_S4,east,S4,2026-06-20_S3_S4_47159afc,2026-06-20 08:00:00,2026-06-20 17:03:00,B,65700.00,9.05,7259.67,B,bottom,107.40,5045.40,nominal_47ft_strip_by_centerline_zone_length,3143.32,3,"1,2,3",True,3,"1,2,3",,,True,True,0.50,1560.8446701960004,6.4641,6.960659999999999,0.4965600000000001,20318.704753935,21879.549424130997,1560.8446701960004,,,,,,
2026,S3_S4,east,S4,2026-06-20_S3_S4_47159afc,2026-06-20 08:00:00,2026-06-20 17:03:00,M,65700.00,9.05,7259.67,M,middle,117.30,5513.10,nominal_47ft_strip_by_centerline_zone_length,3434.66,3,"1,2,3",True,3,"1,2,3",,,True,True,1.72,5898.412543715998,5.48706,7.20438,1.7173199999999995,18846.192632778,24744.605176494,5898.412543715998,,,,,,
2026,S3_S4,east,S4,2026-06-20_S3_S4_47159afc,2026-06-20 08:00:00,2026-06-20 17:03:00,T,65700.00,9.05,7259.67,T,top,113.20,5318.00,nominal_47ft_strip_by_centerline_zone_length,3313.15,3,"1,2,3",True,3,"1,2,3",,,True,True,2.82,9352.809969740998,3.9084600000000003,6.731399999999999,2.822939999999999,12949.295292969002,22302.10526271,9352.809969740998,,,,,,
2026,S3_S4,east,S4,2026-06-27_S3_S4_dc68d0eb,2026-06-27 11:05:00,2026-06-27 16:34:00,B,33511.00,5.48,6111.43,B,bottom,107.40,5045.40,nominal_47ft_strip_by_centerline_zone_length,3143.32,3,"1,2,3",True,2,"1,2",3,no_peak,False,False,0.39,1215.3314469240008,,,,,,,,,,,,
2026,S3_S4,east,S4,2026-06-27_S3_S4_dc68d0eb,2026-06-27 11:05:00,2026-06-27 16:34:00,M,33511.00,5.48,6111.43,M,middle,117.30,5513.10,nominal_47ft_strip_by_centerline_zone_length,3434.66,3,"1,2,3",True,3,"1,2,3",,,True,True,2.27,7793.830382120999,4.79466,7.063829999999999,2.26917,16468.033148658,24261.863530778995,7793.830382120999,,,,,,
2026,S3_S4,east,S4,2026-06-27_S3_S4_dc68d0eb,2026-06-27 11:05:00,2026-06-27 16:34:00,T,33511.00,5.48,6111.43,T,top,113.20,5318.00,nominal_47ft_strip_by_centerline_zone_length,3313.15,3,"1,2,3",True,3,"1,2,3",,,True,True,1.42,4702.247517040499,5.14875,6.568019999999999,1.4192699999999996,17058.5560910625,21760.803608102997,4702.247517040499,,,,,,
2026,S3_S4,east,S4,2026-07-05_S3_S4_b3db7964,2026-07-05 11:24:00,2026-07-05 18:13:00,B,56650.00,6.82,8310.51,B,bottom,107.40,5045.40,nominal_47ft_strip_by_centerline_zone_length,3143.32,3,"1,2,3",True,3,"1,2,3",,,True,True,1.11,3495.4924018139995,6.2012100000000006,7.31325,1.11204,19492.358581573502,22987.8509833875,3495.4924018139995,,,,,,
2026,S3_S4,east,S4,2026-07-05_S3_S4_b3db7964,2026-07-05 11:24:00,2026-07-05 18:13:00,M,56650.00,6.82,8310.51,M,middle,117.30,5513.10,nominal_47ft_strip_by_centerline_zone_length,3434.66,3,"1,2,3",True,3,"1,2,3",,,True,True,2.46,8455.243108661998,3.6999000000000004,6.161639999999999,2.4617399999999994,12707.90334387,21163.146452531997,8455.243108661998,,,,,,
2026,S3_S4,east,S4,2026-07-05_S3_S4_b3db7964,2026-07-05 11:24:00,2026-07-05 18:13:00,T,56650.00,6.82,8310.51,T,top,113.20,5318.00,nominal_47ft_strip_by_centerline_zone_length,3313.15,3,"1,2,3",True,3,"1,2,3",,,True,True,1.59,5270.186858653502,4.91109,6.50178,1.5906900000000004,16271.1540147135,21541.340873367004,5270.186858653502,,,,,,
2026,S3_S4,east,S4,2026-07-24_S3_S4_d28f9731,2026-07-24 08:25:00,2026-07-24 15:43:00,B,34125.00,7.30,4674.66,B,bottom,107.40,5045.40,nominal_47ft_strip_by_centerline_zone_length,3143.32,3,"1,2,3",True,3,"1,2,3",,,True,True,1.08,3381.6729529904965,5.058960000000001,6.13479,1.075829999999999,15901.906623036002,19283.5795760265,3381.6729529904965,,,,,,
2026,S3_S4,east,S4,2026-07-24_S3_S4_d28f9731,2026-07-24 08:25:00,2026-07-24 15:43:00,M,34125.00,7.30,4674.66,M,middle,117.30,5513.10,nominal_47ft_strip_by_centerline_zone_length,3434.66,3,"1,2,3",True,3,"1,2,3",,,True,True,3.49,11995.898056379998,2.47458,5.967179999999999,3.4925999999999995,8499.344159753999,20495.242216133996,11995.898056379998,,,,,,
2026,S3_S4,east,S4,2026-07-24_S3_S4_d28f9731,2026-07-24 08:25:00,2026-07-24 15:43:00,T,34125.00,7.30,4674.66,T,top,113.20,5318.00,nominal_47ft_strip_by_centerline_zone_length,3313.15,3,"1,2,3",True,3,"1,2,3",,,True,True,2.98,9879.103076818505,3.4325099999999997,6.414300000000001,2.981790000000001,11372.4038588265,21251.506935645004,9879.103076818505,,,,,,
2026,S3_S4,east,S4,2026-08-14_S3_S4_1912adab,2026-08-14 10:25:00,2026-08-14 13:47:00,B,21350.00,3.37,6341.58,B,bottom,107.40,5045.40,nominal_47ft_strip_by_centerline_zone_length,3143.32,3,"1,2,3",True,2,"1,3",2,no_peak,False,False,0.19,607.7600229225004,,,,,,,,,,,,
2026,S3_S4,east,S4,2026-08-14_S3_S4_1912adab,2026-08-14 10:25:00,2026-08-14 13:47:00,M,21350.00,3.37,6341.58,M,middle,117.30,5513.10,nominal_47ft_strip_by_centerline_zone_length,3434.66,3,"1,2,3",True,3,"1,2,3",,,True,True,2.83,9711.401785910999,2.45397,5.28144,2.82747,8428.555790360999,18139.957576271998,9711.401785910999,,,,,,
2026,S3_S4,east,S4,2026-08-14_S3_S4_1912adab,2026-08-14 10:25:00,2026-08-14 13:47:00,T,21350.00,3.37,6341.58,T,top,113.20,5318.00,nominal_47ft_strip_by_centerline_zone_length,3313.15,3,"1,2,3",True,3,"1,2,3",,,True,True,2.96,9802.370635144502,3.20319,6.1618200000000005,2.9586300000000003,10612.633413028501,20415.004048173003,9802.370635144502,,,,,,
