year,event_id,strip,pair,treatment,irrigation_start,irrigation_end,applied_irrigation_gal_strip,comparison_eligible,ineligibility_reason,baseline_profile_water_gal_strip,upper_retained_water_gal_strip,available_storage_gal_strip,baseline_above_upper_retained_gal_strip,applied_minus_available_storage_gal_strip,estimated_water_not_retained_gal_strip,applied_fraction_of_available_storage,irrigation_exceeds_available_storage,zone_area_method,represented_profile,interpretation,event_duration_hours,avg_flow_gph_strip,avg_flow_gpm_strip,avg_flow_gpm_group,start_flow_gpm,end_flow_gpm,flow_allocation_fraction,notes,top_earliest_arrival_time,top_earliest_arrival_delay_hr,top_6in_arrival_time,top_6in_arrival_delay_hr,top_all_depths_arrived,top_all_depths_arrival_time,top_all_depths_arrival_delay_hr,middle_earliest_arrival_time,middle_earliest_arrival_delay_hr,middle_6in_arrival_time,middle_6in_arrival_delay_hr,middle_all_depths_arrived,middle_all_depths_arrival_time,middle_all_depths_arrival_delay_hr,bottom_earliest_arrival_time,bottom_earliest_arrival_delay_hr,bottom_6in_arrival_time,bottom_6in_arrival_delay_hr,bottom_all_depths_arrived,bottom_all_depths_arrival_time,bottom_all_depths_arrival_delay_hr,modeled_hours_to_50pct_available_storage,modeled_time_50pct_available_storage,50pct_threshold_before_irrigation_end,modeled_hours_to_80pct_available_storage,modeled_time_80pct_available_storage,80pct_threshold_before_irrigation_end,modeled_hours_to_90pct_available_storage,modeled_time_90pct_available_storage,90pct_threshold_before_irrigation_end,modeled_hours_to_100pct_available_storage,modeled_time_100pct_available_storage,100pct_threshold_before_irrigation_end,applied_gal_at_top_earliest_arrival,applied_fraction_at_top_earliest_arrival,applied_gal_at_middle_earliest_arrival,applied_fraction_at_middle_earliest_arrival,applied_gal_at_bottom_earliest_arrival,applied_fraction_at_bottom_earliest_arrival,candidate_inspection_alert_time,candidate_alert_available,candidate_alert_before_irrigation_end,runtime_after_candidate_alert_hr,applied_after_candidate_alert_gal,runtime_after_modeled_full_storage_hr,applied_after_modeled_full_storage_gal,max_avg_flow_gph_to_fit_available_storage_at_actual_duration,modeled_avg_flow_reduction_gph_needed_at_actual_duration,modeled_avg_flow_reduction_fraction_needed_at_actual_duration,alert_basis,flow_model_caveat
2023,2023-05-23_S1_S2_176caf9a,S1,S1_S2,biochar,2023-05-23 15:25:00,2023-05-23 19:19:00,72500.0,False,one_or_more_sensor_events_not_trustworthy,,,,,,,,,nominal_47ft_strip_by_centerline_zone_length,three 6-inch layers spanning approximately 3-21 inches,modeled water not retained; not measured runoff,3.9,18589.7,309.8,619.7,550.0,550.0,1.0,STRIP 1 NEVER REALLY RAN OFF END OF FIELD AND YOU COULD WALK ON HILLS. STRIP 2 RAN OFF END OF FIELD IN ABOUT 1.5 HOURS INTO WATERING AND FURROWS AND HILLS WERE COMPLETELY FLOODED. SOME WATER FROM STRIP 1 RAN OFF ONTO SRI'S FIELD.,2023-05-23 15:30:00,0.08,2023-05-23 15:30:00,0.08,True,2023-05-23 16:00:00,0.58,2023-05-23 17:45:00,2.33,2023-05-23 17:45:00,2.33,True,2023-05-23 21:30:00,6.08,2023-05-23 15:30:00,0.08,,,False,,,,,,,,,,,,,,,,,,,,,,False,,,,,,,,,later of earliest sustained bottom response and modeled 80% available storage,threshold times use event-average strip flow; start/end readings are contextual
2023,2023-05-23_S1_S2_176caf9a,S2,S1_S2,control,2023-05-23 15:25:00,2023-05-23 19:19:00,72500.0,False,one_or_more_baselines_missing;one_or_more_sensor_events_not_trustworthy,,,,,,,,,nominal_47ft_strip_by_centerline_zone_length,three 6-inch layers spanning approximately 3-21 inches,modeled water not retained; not measured runoff,3.9,18589.7,309.8,619.7,550.0,550.0,1.0,STRIP 1 NEVER REALLY RAN OFF END OF FIELD AND YOU COULD WALK ON HILLS. STRIP 2 RAN OFF END OF FIELD IN ABOUT 1.5 HOURS INTO WATERING AND FURROWS AND HILLS WERE COMPLETELY FLOODED. SOME WATER FROM STRIP 1 RAN OFF ONTO SRI'S FIELD.,2023-05-23 17:45:00,2.33,2023-05-23 17:45:00,2.33,False,,,2023-05-23 15:30:00,0.08,2023-05-23 15:30:00,0.08,True,2023-05-23 17:15:00,1.83,2023-05-23 16:15:00,0.83,2023-05-23 16:15:00,0.83,True,2023-05-23 17:15:00,1.83,,,,,,,,,,,,,,,,,,,,False,,,,,,,,,later of earliest sustained bottom response and modeled 80% available storage,threshold times use event-average strip flow; start/end readings are contextual
2023,2023-05-24_S3_S4_31cada45,S3,S3_S4,biochar,2023-05-24 09:25:00,2023-05-24 13:19:00,73300.0,False,one_or_more_baselines_missing;one_or_more_sensor_events_not_trustworthy,,,,,,,,,nominal_47ft_strip_by_centerline_zone_length,three 6-inch layers spanning approximately 3-21 inches,modeled water not retained; not measured runoff,3.9,18794.9,313.2,626.5,575.0,700.0,1.0,STRIP 4 WAS LOSING WATER TO NE CORNER OF FIELD AND DIDN’T WATER ABOUT 2-3 FURROWS WEST FROM EAST SIDE. STRIPS 3 & 4 WERE RUNNING ONTO STRIP 2 AS WELL. WATER MOVEMENT WAS S-SW.,2023-05-24 10:00:00,0.58,,,False,,,2023-05-24 19:30:00,10.08,2023-05-24 19:30:00,10.08,True,2023-05-24 21:45:00,12.33,2023-05-24 13:15:00,3.83,2023-05-24 13:15:00,3.83,True,2023-05-24 15:30:00,6.08,,,,,,,,,,,,,,,,,,,,False,,,,,,,,,later of earliest sustained bottom response and modeled 80% available storage,threshold times use event-average strip flow; start/end readings are contextual
2023,2023-05-24_S3_S4_31cada45,S4,S3_S4,control,2023-05-24 09:25:00,2023-05-24 13:19:00,73300.0,False,one_or_more_sensor_events_not_trustworthy,,,,,,,,,nominal_47ft_strip_by_centerline_zone_length,three 6-inch layers spanning approximately 3-21 inches,modeled water not retained; not measured runoff,3.9,18794.9,313.2,626.5,575.0,700.0,1.0,STRIP 4 WAS LOSING WATER TO NE CORNER OF FIELD AND DIDN’T WATER ABOUT 2-3 FURROWS WEST FROM EAST SIDE. STRIPS 3 & 4 WERE RUNNING ONTO STRIP 2 AS WELL. WATER MOVEMENT WAS S-SW.,2023-05-24 09:45:00,0.33,2023-05-24 09:45:00,0.33,True,2023-05-24 11:00:00,1.58,2023-05-24 11:30:00,2.08,2023-05-24 11:30:00,2.08,True,2023-05-24 13:15:00,3.83,2023-05-24 15:30:00,6.08,2023-05-24 15:30:00,6.08,False,,,,,,,,,,,,,,,,,,,,,,False,,,,,,,,,later of earliest sustained bottom response and modeled 80% available storage,threshold times use event-average strip flow; start/end readings are contextual
2023,2023-06-01_S1_S2_5b27ce31,S1,S1_S2,biochar,2023-06-01 11:16:08,2023-06-01 18:45:00,33650.0,True,,49458.09,76557.57,27099.49,0.0,6550.51,6550.51,1.24,True,nominal_47ft_strip_by_centerline_zone_length,three 6-inch layers spanning approximately 3-21 inches,modeled water not retained; not measured runoff,7.48,4498.0,86.5,173.0,200.0,290.0,1.0,"STARTED WATER AT 11:16AM NOTICED WATER STOPPED AT 2:07PM FOR UNKNOWN AMOUNT OF TIME. THE CANAL VALVE WAS OFF SO WATER WAS NOT FLOWING IN SYSTEM. TURNED ON AGAIN AT 3:07 PM AND FINALLY OFF AT 6:45 PM. ONLY A TINY BIT OF WATER AT THE VERY END RAN ONTO SRI'S FIELD, SHOULD NOT BE AN ISSUE. ALL BERMS WORKED GOOD. AT 2:10PM, WATER IS BARLEY PAST S1B WHEREAS S2B IS FLOODED WELL PAST IN ALL FURROWS.",2023-06-01 14:45:00,3.48,2023-06-01 14:45:00,3.48,True,2023-06-01 15:45:00,4.48,2023-06-01 15:00:00,3.73,2023-06-01 15:00:00,3.73,True,2023-06-01 17:15:00,5.98,,,,,False,,,3.01,2023-06-01 14:16:52.627884200,True,4.82,2023-06-01 16:05:19.404614723,True,5.42,2023-06-01 16:41:28.330191563,True,6.02,2023-06-01 17:17:37.255768403,True,15658.02,0.58,16782.52,0.62,,,,False,,,,1.46,6550.51,3622.39,875.6,0.19,later of earliest sustained bottom response and modeled 80% available storage,threshold times use event-average strip flow; start/end readings are contextual
2023,2023-06-01_S1_S2_5b27ce31,S2,S1_S2,control,2023-06-01 11:16:08,2023-06-01 18:45:00,33650.0,False,one_or_more_baselines_missing;one_or_more_sensor_events_not_trustworthy,,,,,,,,,nominal_47ft_strip_by_centerline_zone_length,three 6-inch layers spanning approximately 3-21 inches,modeled water not retained; not measured runoff,7.48,4498.0,86.5,173.0,200.0,290.0,1.0,"STARTED WATER AT 11:16AM NOTICED WATER STOPPED AT 2:07PM FOR UNKNOWN AMOUNT OF TIME. THE CANAL VALVE WAS OFF SO WATER WAS NOT FLOWING IN SYSTEM. TURNED ON AGAIN AT 3:07 PM AND FINALLY OFF AT 6:45 PM. ONLY A TINY BIT OF WATER AT THE VERY END RAN ONTO SRI'S FIELD, SHOULD NOT BE AN ISSUE. ALL BERMS WORKED GOOD. AT 2:10PM, WATER IS BARLEY PAST S1B WHEREAS S2B IS FLOODED WELL PAST IN ALL FURROWS.",2023-06-01 13:45:00,2.48,2023-06-01 13:45:00,2.48,False,,,2023-06-01 17:15:00,5.98,2023-06-01 17:15:00,5.98,True,2023-06-01 17:45:00,6.48,2023-06-01 15:45:00,4.48,2023-06-01 16:30:00,5.23,True,2023-06-01 16:30:00,5.23,,,,,,,,,,,,,,,,,,,,False,,,,,,,,,later of earliest sustained bottom response and modeled 80% available storage,threshold times use event-average strip flow; start/end readings are contextual
2023,2023-06-02_S3_S4_e824e1bc,S3,S3_S4,biochar,2023-06-02 15:43:00,2023-06-02 22:12:00,33750.0,False,one_or_more_baselines_missing;one_or_more_sensor_events_not_trustworthy,,,,,,,,,nominal_47ft_strip_by_centerline_zone_length,three 6-inch layers spanning approximately 3-21 inches,modeled water not retained; not measured runoff,6.48,5205.7,86.8,173.5,260.0,250.0,1.0,"WATER WAS CLEAN COMING OUT OF PIPE. FIELD IS GOOD AND SATURATED. THERE WAS NO SIDE MOVEMENT OF WATER, WATER RAN DOWN RESPECTIVE FURROWS SO 1&2 WERE NOT INFLUENCED FROM THIS WATERING UNLIKE THE FIRST WATERING.",2023-06-02 17:00:00,1.28,,,False,,,2023-06-03 02:45:00,11.03,2023-06-03 02:45:00,11.03,False,,,2023-06-02 18:30:00,2.78,2023-06-02 18:30:00,2.78,True,2023-06-02 20:00:00,4.28,,,,,,,,,,,,,,,,,,,,False,,,,,,,,,later of earliest sustained bottom response and modeled 80% available storage,threshold times use event-average strip flow; start/end readings are contextual
2023,2023-06-02_S3_S4_e824e1bc,S4,S3_S4,control,2023-06-02 15:43:00,2023-06-02 22:12:00,33750.0,True,,33975.93,68363.11,34387.19,0.0,-637.19,0.0,0.98,False,nominal_47ft_strip_by_centerline_zone_length,three 6-inch layers spanning approximately 3-21 inches,modeled water not retained; not measured runoff,6.48,5205.7,86.8,173.5,260.0,250.0,1.0,"WATER WAS CLEAN COMING OUT OF PIPE. FIELD IS GOOD AND SATURATED. THERE WAS NO SIDE MOVEMENT OF WATER, WATER RAN DOWN RESPECTIVE FURROWS SO 1&2 WERE NOT INFLUENCED FROM THIS WATERING UNLIKE THE FIRST WATERING.",2023-06-02 18:30:00,2.78,2023-06-02 18:30:00,2.78,False,,,,,,,False,,,,,,,False,,,3.3,2023-06-02 19:01:10.224561538,True,5.28,2023-06-02 21:00:04.359298462,True,5.95,2023-06-02 21:39:42.404210768,True,6.61,2023-06-02 22:19:20.449123077,False,14489.2,0.42,,,,,,False,,,,,,5303.96,0.0,0.0,later of earliest sustained bottom response and modeled 80% available storage,threshold times use event-average strip flow; start/end readings are contextual
2023,2023-06-14_S3_S4_71ac748b,S3,S3_S4,biochar,2023-06-14 08:25:00,2023-06-14 17:29:00,64100.0,False,one_or_more_baselines_missing;one_or_more_sensor_events_not_trustworthy,,,,,,,,,nominal_47ft_strip_by_centerline_zone_length,three 6-inch layers spanning approximately 3-21 inches,modeled water not retained; not measured runoff,9.07,7069.9,117.8,235.7,250.0,250.0,1.0,"4B FURROWS ARE WET, HILLS ARE PARTIALLY DRY/WET. BOTTOM OF 3&4 ARE WET. WATER REACHED EXTREME SOUTHEAST PORTION OF CATCH DITCH. AT 2:13PM JERRY AND BILL ADJUSTED GATES SO THAT EAST END OF GATES ARE FLOWING. THEY WERE FLOWING AT THE START OF WATERING BUT FLOW REDUCED OVER TIME AND THEY STOPPED AT SOME POINT.",2023-06-14 09:15:00,0.83,2023-06-14 09:30:00,1.08,True,2023-06-14 10:00:00,1.58,2023-06-14 19:00:00,10.58,2023-06-14 19:15:00,10.83,True,2023-06-14 20:15:00,11.83,2023-06-14 10:45:00,2.33,2023-06-14 10:45:00,2.33,True,2023-06-14 11:15:00,2.83,,,,,,,,,,,,,,,,,,,,False,,,,,,,,,later of earliest sustained bottom response and modeled 80% available storage,threshold times use event-average strip flow; start/end readings are contextual
2023,2023-06-14_S3_S4_71ac748b,S4,S3_S4,control,2023-06-14 08:25:00,2023-06-14 17:29:00,64100.0,True,,26311.15,68363.11,42051.96,0.0,22048.04,22048.04,1.52,True,nominal_47ft_strip_by_centerline_zone_length,three 6-inch layers spanning approximately 3-21 inches,modeled water not retained; not measured runoff,9.07,7069.9,117.8,235.7,250.0,250.0,1.0,"4B FURROWS ARE WET, HILLS ARE PARTIALLY DRY/WET. BOTTOM OF 3&4 ARE WET. WATER REACHED EXTREME SOUTHEAST PORTION OF CATCH DITCH. AT 2:13PM JERRY AND BILL ADJUSTED GATES SO THAT EAST END OF GATES ARE FLOWING. THEY WERE FLOWING AT THE START OF WATERING BUT FLOW REDUCED OVER TIME AND THEY STOPPED AT SOME POINT.",2023-06-14 11:30:00,3.08,2023-06-14 11:30:00,3.08,True,2023-06-14 13:30:00,5.08,2023-06-14 14:30:00,6.08,2023-06-14 14:30:00,6.08,True,2023-06-14 16:45:00,8.33,2023-06-14 16:45:00,8.33,2023-06-14 16:45:00,8.33,False,,,2.97,2023-06-14 11:23:26.449596174,True,4.76,2023-06-14 13:10:30.319353882,True,5.35,2023-06-14 13:46:11.609273116,True,5.95,2023-06-14 14:21:52.899192351,True,21798.86,0.52,43008.56,1.02,58915.83,1.4,2023-06-14 16:45:00.000000000,True,True,0.73,5184.59,3.12,22048.47,4638.07,2431.83,0.34,later of earliest sustained bottom response and modeled 80% available storage,threshold times use event-average strip flow; start/end readings are contextual
2023,2023-06-26_S1_S2_69e5d9b6,S1,S1_S2,biochar,2023-06-26 09:31:00,2023-06-26 16:02:00,44700.0,False,one_or_more_sensor_events_not_trustworthy,,,,,,,,,nominal_47ft_strip_by_centerline_zone_length,three 6-inch layers spanning approximately 3-21 inches,modeled water not retained; not measured runoff,6.52,6859.3,114.3,228.6,225.0,225.0,1.0,"S1B AND S2B FURROWS ARE SOAKED. FIELD APPEARED TO BE EVENLY WATERED. PIPE IS LEVEL, GATES ADJUSTED TO THUMBWIDTH OPENING AS USUAL. JIMMY NEEDED WATER OFF BY 4:30PM (HE CALLED) SO THEY COULD SET WATER ONTO ANOTHER FIELD FOR WATERING OVERNIGHT. COULD NOT WATER ON SUNDAY AS JIMMY AND PERRY SAID THERE WAS SOME WATER ISSUES (LEAKS) ON FRIDAY SO THEY ARE BEHIND WATERING SCHEDULE. VISUALLY STRIP 2 LOOKS DRY AND IS NOT AS GREEN OR THICK AS STRIP 1.",2023-06-26 10:30:00,0.98,2023-06-26 10:30:00,0.98,True,2023-06-26 14:15:00,4.73,2023-06-26 11:00:00,1.48,2023-06-26 11:00:00,1.48,True,2023-06-26 14:45:00,5.23,,,,,False,,,,,,,,,,,,,,,,,,,,,,False,,,,,,,,,later of earliest sustained bottom response and modeled 80% available storage,threshold times use event-average strip flow; start/end readings are contextual
2023,2023-06-26_S1_S2_69e5d9b6,S2,S1_S2,control,2023-06-26 09:31:00,2023-06-26 16:02:00,44700.0,True,,21312.67,74231.44,52918.78,0.0,-8218.78,0.0,0.84,False,nominal_47ft_strip_by_centerline_zone_length,three 6-inch layers spanning approximately 3-21 inches,modeled water not retained; not measured runoff,6.52,6859.3,114.3,228.6,225.0,225.0,1.0,"S1B AND S2B FURROWS ARE SOAKED. FIELD APPEARED TO BE EVENLY WATERED. PIPE IS LEVEL, GATES ADJUSTED TO THUMBWIDTH OPENING AS USUAL. JIMMY NEEDED WATER OFF BY 4:30PM (HE CALLED) SO THEY COULD SET WATER ONTO ANOTHER FIELD FOR WATERING OVERNIGHT. COULD NOT WATER ON SUNDAY AS JIMMY AND PERRY SAID THERE WAS SOME WATER ISSUES (LEAKS) ON FRIDAY SO THEY ARE BEHIND WATERING SCHEDULE. VISUALLY STRIP 2 LOOKS DRY AND IS NOT AS GREEN OR THICK AS STRIP 1.",2023-06-26 11:45:00,2.23,2023-06-26 11:45:00,2.23,True,2023-06-26 11:45:00,2.23,2023-06-26 11:00:00,1.48,2023-06-26 11:00:00,1.48,True,2023-06-26 11:15:00,1.73,2023-06-26 11:15:00,1.73,2023-06-26 11:15:00,1.73,True,2023-06-26 11:30:00,1.98,3.86,2023-06-26 13:22:26.811190645,True,6.17,2023-06-26 15:41:18.897905035,True,6.94,2023-06-26 16:27:36.260143162,False,7.71,2023-06-26 17:13:53.622381294,False,15319.1,0.29,10174.63,0.19,11889.45,0.22,2023-06-26 15:41:18.897905152,True,True,0.34,2364.75,,,8120.49,0.0,0.0,later of earliest sustained bottom response and modeled 80% available storage,threshold times use event-average strip flow; start/end readings are contextual
2023,2023-06-27_S3_S4_87f629e2,S3,S3_S4,biochar,2023-06-27 07:53:00,2023-06-27 16:14:00,67850.0,False,one_or_more_baselines_missing;one_or_more_sensor_events_not_trustworthy,,,,,,,,,nominal_47ft_strip_by_centerline_zone_length,three 6-inch layers spanning approximately 3-21 inches,modeled water not retained; not measured runoff,8.35,8125.7,135.4,270.9,275.0,275.0,1.0,VISUALLY STRIP 3 APPEARS MORE GREEN AND THICK THAN STRIP 4. WATER REACHED END OF FIELD. THE AREA AROUND S4B SENSORS IS MOIST BUT AREA WHERE WIRES DIVE INTO GROUND IS DRY. WATER WAS EVENLY DISTRIBUTED IN PIPE AND FURROWS.,2023-06-27 08:30:00,0.62,2023-06-27 08:30:00,0.62,True,2023-06-27 09:00:00,1.12,2023-06-27 17:00:00,9.12,2023-06-27 17:15:00,9.37,True,2023-06-27 17:15:00,9.37,2023-06-27 10:00:00,2.12,2023-06-27 10:00:00,2.12,True,2023-06-27 10:30:00,2.62,,,,,,,,,,,,,,,,,,,,False,,,,,,,,,later of earliest sustained bottom response and modeled 80% available storage,threshold times use event-average strip flow; start/end readings are contextual
2023,2023-06-27_S3_S4_87f629e2,S4,S3_S4,control,2023-06-27 07:53:00,2023-06-27 16:14:00,67850.0,False,one_or_more_baselines_missing;one_or_more_sensor_events_not_trustworthy,,,,,,,,,nominal_47ft_strip_by_centerline_zone_length,three 6-inch layers spanning approximately 3-21 inches,modeled water not retained; not measured runoff,8.35,8125.7,135.4,270.9,275.0,275.0,1.0,VISUALLY STRIP 3 APPEARS MORE GREEN AND THICK THAN STRIP 4. WATER REACHED END OF FIELD. THE AREA AROUND S4B SENSORS IS MOIST BUT AREA WHERE WIRES DIVE INTO GROUND IS DRY. WATER WAS EVENLY DISTRIBUTED IN PIPE AND FURROWS.,2023-06-27 08:00:00,0.12,2023-06-27 08:00:00,0.12,True,2023-06-27 08:15:00,0.37,2023-06-27 12:00:00,4.12,2023-06-27 12:00:00,4.12,False,,,2023-06-27 16:00:00,8.12,2023-06-27 16:00:00,8.12,True,2023-06-27 20:15:00,12.37,,,,,,,,,,,,,,,,,,,,False,,,,,,,,,later of earliest sustained bottom response and modeled 80% available storage,threshold times use event-average strip flow; start/end readings are contextual
2023,2023-07-07_S3_S4_bf19b251,S3,S3_S4,biochar,2023-07-07 07:46:00,2023-07-07 15:46:00,64250.0,False,one_or_more_baselines_missing;one_or_more_sensor_events_not_trustworthy,,,,,,,,,nominal_47ft_strip_by_centerline_zone_length,three 6-inch layers spanning approximately 3-21 inches,modeled water not retained; not measured runoff,8.0,8031.2,133.9,267.7,300.0,250.0,1.0,"LINEAR SPRINKLER AND SRI WERE WATERING FIELD. AFTER SRI STARTED HIS WATER IT MOST CERTAINLY DECREASED OUR FLOW RATE ON N1. WATER WAS UNIFORM AND EVEN, REACHED BOTTOM OF S3 AND S4. AIR VENT LEAKING NEAR SE CORNER OF FIELD.",2023-07-07 08:15:00,0.48,2023-07-07 08:15:00,0.48,True,2023-07-07 08:45:00,0.98,2023-07-07 17:00:00,9.23,2023-07-07 17:00:00,9.23,True,2023-07-07 17:00:00,9.23,2023-07-07 10:00:00,2.23,2023-07-07 10:00:00,2.23,True,2023-07-07 10:30:00,2.73,,,,,,,,,,,,,,,,,,,,False,,,,,,,,,later of earliest sustained bottom response and modeled 80% available storage,threshold times use event-average strip flow; start/end readings are contextual
2023,2023-07-07_S3_S4_bf19b251,S4,S3_S4,control,2023-07-07 07:46:00,2023-07-07 15:46:00,64250.0,False,one_or_more_baselines_missing;one_or_more_sensor_events_not_trustworthy,,,,,,,,,nominal_47ft_strip_by_centerline_zone_length,three 6-inch layers spanning approximately 3-21 inches,modeled water not retained; not measured runoff,8.0,8031.2,133.9,267.7,300.0,250.0,1.0,"LINEAR SPRINKLER AND SRI WERE WATERING FIELD. AFTER SRI STARTED HIS WATER IT MOST CERTAINLY DECREASED OUR FLOW RATE ON N1. WATER WAS UNIFORM AND EVEN, REACHED BOTTOM OF S3 AND S4. AIR VENT LEAKING NEAR SE CORNER OF FIELD.",2023-07-07 08:15:00,0.48,2023-07-07 08:30:00,0.73,True,2023-07-07 08:30:00,0.73,2023-07-07 11:30:00,3.73,2023-07-07 11:30:00,3.73,True,2023-07-07 16:30:00,8.73,2023-07-07 12:45:00,4.98,2023-07-07 12:45:00,4.98,True,2023-07-07 15:45:00,7.98,,,,,,,,,,,,,,,,,,,,False,,,,,,,,,later of earliest sustained bottom response and modeled 80% available storage,threshold times use event-average strip flow; start/end readings are contextual
2023,2023-07-17_S1_S2_ae0a89b4,S1,S1_S2,biochar,2023-07-17 08:04:00,2023-07-17 16:04:00,60450.0,False,one_or_more_sensor_events_not_trustworthy,,,,,,,,,nominal_47ft_strip_by_centerline_zone_length,three 6-inch layers spanning approximately 3-21 inches,modeled water not retained; not measured runoff,8.0,7556.2,125.9,251.9,295.0,250.0,1.0,"VISUALLY ALL APPEAR MOSTLY DRY, ALTHOUGH 3 LOOKS THE BEST FOLLOWED BY 4, THEN 1 AND THEN 2. S2M HAS LOTS OF HORSETAIL WEEDS SURROUNDING IT. BILL AND I DISCUSSED SPRAYING FIELD WITH HERBICIDE SOON.",2023-07-17 08:15:00,0.18,2023-07-17 08:15:00,0.18,True,2023-07-17 08:45:00,0.68,2023-07-17 09:00:00,0.93,2023-07-17 09:00:00,0.93,True,2023-07-17 12:15:00,4.18,2023-07-17 17:30:00,9.43,,,False,,,,,,,,,,,,,,,,,,,,,,False,,,,,,,,,later of earliest sustained bottom response and modeled 80% available storage,threshold times use event-average strip flow; start/end readings are contextual
2023,2023-07-17_S1_S2_ae0a89b4,S2,S1_S2,control,2023-07-17 08:04:00,2023-07-17 16:04:00,60450.0,True,,19979.7,74231.44,54251.74,0.0,6198.26,6198.26,1.11,True,nominal_47ft_strip_by_centerline_zone_length,three 6-inch layers spanning approximately 3-21 inches,modeled water not retained; not measured runoff,8.0,7556.2,125.9,251.9,295.0,250.0,1.0,"VISUALLY ALL APPEAR MOSTLY DRY, ALTHOUGH 3 LOOKS THE BEST FOLLOWED BY 4, THEN 1 AND THEN 2. S2M HAS LOTS OF HORSETAIL WEEDS SURROUNDING IT. BILL AND I DISCUSSED SPRAYING FIELD WITH HERBICIDE SOON.",2023-07-17 10:30:00,2.43,2023-07-17 10:30:00,2.43,True,2023-07-17 10:30:00,2.43,2023-07-17 09:00:00,0.93,2023-07-17 09:30:00,1.43,True,2023-07-17 09:30:00,1.43,2023-07-17 08:45:00,0.68,2023-07-17 09:30:00,1.43,True,2023-07-17 09:45:00,1.68,3.59,2023-07-17 11:39:23.576930203,True,5.74,2023-07-17 13:48:37.723088324,True,6.46,2023-07-17 14:31:42.438474367,True,7.18,2023-07-17 15:14:47.153860406,True,18386.75,0.34,7052.45,0.13,5163.4,0.1,2023-07-17 13:48:37.723088384,True,True,2.26,17048.21,0.82,6197.86,6781.47,774.73,0.1,later of earliest sustained bottom response and modeled 80% available storage,threshold times use event-average strip flow; start/end readings are contextual
2023,2023-07-17_S3_S4_a04fe807,S3,S3_S4,biochar,2023-07-17 19:19:00,2023-07-18 05:53:00,80450.0,False,one_or_more_sensor_events_not_trustworthy,,,,,,,,,nominal_47ft_strip_by_centerline_zone_length,three 6-inch layers spanning approximately 3-21 inches,modeled water not retained; not measured runoff,10.57,7613.6,126.9,253.8,225.0,290.0,1.0,STARTED WATER IN EVENING AND WATERED OVERNIGHT.,2023-07-17 20:00:00,0.68,2023-07-17 20:00:00,0.68,True,2023-07-17 20:15:00,0.93,,,,,False,,,2023-07-17 21:30:00,2.18,2023-07-17 21:30:00,2.18,True,2023-07-17 22:15:00,2.93,,,,,,,,,,,,,,,,,,,,False,,,,,,,,,later of earliest sustained bottom response and modeled 80% available storage,threshold times use event-average strip flow; start/end readings are contextual
2023,2023-07-17_S3_S4_a04fe807,S4,S3_S4,control,2023-07-17 19:19:00,2023-07-18 05:53:00,80450.0,False,one_or_more_sensor_events_not_trustworthy,,,,,,,,,nominal_47ft_strip_by_centerline_zone_length,three 6-inch layers spanning approximately 3-21 inches,modeled water not retained; not measured runoff,10.57,7613.6,126.9,253.8,225.0,290.0,1.0,STARTED WATER IN EVENING AND WATERED OVERNIGHT.,2023-07-17 20:30:00,1.18,2023-07-18 00:00:00,4.68,True,2023-07-18 00:00:00,4.68,2023-07-17 23:00:00,3.68,2023-07-17 23:00:00,3.68,True,2023-07-18 05:00:00,9.68,,,,,False,,,,,,,,,,,,,,,,,,,,,,False,,,,,,,,,later of earliest sustained bottom response and modeled 80% available storage,threshold times use event-average strip flow; start/end readings are contextual
2023,2023-07-27_S3_S4_89a0fecc,S3,S3_S4,biochar,2023-07-27 10:00:00,2023-07-27 17:29:00,25200.0,False,one_or_more_baselines_missing;one_or_more_sensor_events_not_trustworthy,,,,,,,,,nominal_47ft_strip_by_centerline_zone_length,three 6-inch layers spanning approximately 3-21 inches,modeled water not retained; not measured runoff,7.48,3367.5,56.1,112.2,200.0,90.0,1.0,STARTED WATER AFTER MOWING STRIPS 3&4. FLOW DROPPED PRIOR TO LEAVING SO I OPENED GATE VALVE EVEN MORE TO INCREASE FLOW BACK TO 200 GPM. JIMMY CALLED AT 4:13 PM TO LET ME KNOW HE SHUT OURS DOWN SO THEY COULD WATER OTHER FIELDS. THIS WAS AFTER CONFIRMING THIS DAY WAS A GOOD DAY TO WATER. LOTS OF RAIN 7/31-8/2.,2023-07-27 11:30:00,1.5,2023-07-27 11:30:00,1.5,True,2023-07-27 12:00:00,2.0,2023-07-27 19:45:00,9.75,2023-07-27 19:45:00,9.75,True,2023-07-27 19:45:00,9.75,2023-07-27 13:15:00,3.25,2023-07-27 13:15:00,3.25,True,2023-07-27 13:45:00,3.75,,,,,,,,,,,,,,,,,,,,False,,,,,,,,,later of earliest sustained bottom response and modeled 80% available storage,threshold times use event-average strip flow; start/end readings are contextual
2023,2023-07-27_S3_S4_89a0fecc,S4,S3_S4,control,2023-07-27 10:00:00,2023-07-27 17:29:00,25200.0,False,one_or_more_baselines_missing;one_or_more_sensor_events_not_trustworthy,,,,,,,,,nominal_47ft_strip_by_centerline_zone_length,three 6-inch layers spanning approximately 3-21 inches,modeled water not retained; not measured runoff,7.48,3367.5,56.1,112.2,200.0,90.0,1.0,STARTED WATER AFTER MOWING STRIPS 3&4. FLOW DROPPED PRIOR TO LEAVING SO I OPENED GATE VALVE EVEN MORE TO INCREASE FLOW BACK TO 200 GPM. JIMMY CALLED AT 4:13 PM TO LET ME KNOW HE SHUT OURS DOWN SO THEY COULD WATER OTHER FIELDS. THIS WAS AFTER CONFIRMING THIS DAY WAS A GOOD DAY TO WATER. LOTS OF RAIN 7/31-8/2.,,,,,False,,,,,,,False,,,,,,,False,,,,,,,,,,,,,,,,,,,,,,False,,,,,,,,,later of earliest sustained bottom response and modeled 80% available storage,threshold times use event-average strip flow; start/end readings are contextual
2023,2023-08-05_S1_S2_efaa9d14,S1,S1_S2,biochar,2023-08-05 08:48:00,2023-08-05 14:56:00,49250.0,False,one_or_more_sensor_events_not_trustworthy,,,,,,,,,nominal_47ft_strip_by_centerline_zone_length,three 6-inch layers spanning approximately 3-21 inches,modeled water not retained; not measured runoff,6.13,8029.9,133.8,267.7,275.0,250.0,1.0,WATERED SIMULTANEOULSY WITH STRIPS 3&4 FOR A PORTION OF THE MORNING. DOUBLE CHECK NUMBERS AT END OF TRIAL. WATERED EVENLY DOWN TO END OF FIELD.,2023-08-05 09:00:00,0.2,,,False,,,2023-08-05 09:15:00,0.45,2023-08-05 09:15:00,0.45,True,2023-08-05 11:45:00,2.95,2023-08-05 15:30:00,6.7,,,False,,,,,,,,,,,,,,,,,,,,,,False,,,,,,,,,later of earliest sustained bottom response and modeled 80% available storage,threshold times use event-average strip flow; start/end readings are contextual
2023,2023-08-05_S1_S2_efaa9d14,S2,S1_S2,control,2023-08-05 08:48:00,2023-08-05 14:56:00,49250.0,False,one_or_more_sensor_events_not_trustworthy,,,,,,,,,nominal_47ft_strip_by_centerline_zone_length,three 6-inch layers spanning approximately 3-21 inches,modeled water not retained; not measured runoff,6.13,8029.9,133.8,267.7,275.0,250.0,1.0,WATERED SIMULTANEOULSY WITH STRIPS 3&4 FOR A PORTION OF THE MORNING. DOUBLE CHECK NUMBERS AT END OF TRIAL. WATERED EVENLY DOWN TO END OF FIELD.,2023-08-05 11:00:00,2.2,2023-08-05 11:00:00,2.2,True,2023-08-05 11:00:00,2.2,2023-08-05 09:30:00,0.7,2023-08-05 09:30:00,0.7,True,2023-08-05 09:30:00,0.7,2023-08-05 09:00:00,0.2,2023-08-05 09:15:00,0.45,True,2023-08-05 09:30:00,0.7,,,,,,,,,,,,,,,,,,,,False,,,,,,,,,later of earliest sustained bottom response and modeled 80% available storage,threshold times use event-average strip flow; start/end readings are contextual
2023,2023-08-05_S3_S4_0f92146d,S3,S3_S4,biochar,2023-08-05 08:51:00,2023-08-05 11:03:00,18300.0,False,one_or_more_baselines_missing;one_or_more_sensor_events_not_trustworthy,,,,,,,,,nominal_47ft_strip_by_centerline_zone_length,three 6-inch layers spanning approximately 3-21 inches,modeled water not retained; not measured runoff,2.2,8318.2,138.6,277.3,250.0,175.0,1.0,"JIM AND PERRY CALLED ABOUT 10AM AND SAID LINEAR SYSTEM SHUT OFF. MAY OR MAY NOT BE DUE TO WATERING BOTH FIELDS AT ONCE. PERRY SAID LINEAR LIKELY SHUT OFF IN MIDDLE OF NIGHT SO PROBABLY NOT. BUT I TURNED OFF STRIPS 3&4 ANYWAYS. VISUALLY, EAST SIDE OF STRIP 4 IS DRY DUE TO FLOWS DROPPING DURING PREVIOUS WATERINGS. THIS AREA DIDNT GET SOAKED AGAIN DUE TO HAVING TO TURN OFF WATER PREMATURELY.",2023-08-05 09:30:00,0.65,2023-08-05 09:30:00,0.65,True,2023-08-05 10:00:00,1.15,2023-08-05 18:00:00,9.15,2023-08-05 18:00:00,9.15,True,2023-08-05 18:00:00,9.15,2023-08-05 11:00:00,2.15,2023-08-05 11:00:00,2.15,True,2023-08-05 11:30:00,2.65,,,,,,,,,,,,,,,,,,,,False,,,,,,,,,later of earliest sustained bottom response and modeled 80% available storage,threshold times use event-average strip flow; start/end readings are contextual
2023,2023-08-05_S3_S4_0f92146d,S4,S3_S4,control,2023-08-05 08:51:00,2023-08-05 11:03:00,18300.0,False,one_or_more_baselines_missing;one_or_more_sensor_events_not_trustworthy,,,,,,,,,nominal_47ft_strip_by_centerline_zone_length,three 6-inch layers spanning approximately 3-21 inches,modeled water not retained; not measured runoff,2.2,8318.2,138.6,277.3,250.0,175.0,1.0,"JIM AND PERRY CALLED ABOUT 10AM AND SAID LINEAR SYSTEM SHUT OFF. MAY OR MAY NOT BE DUE TO WATERING BOTH FIELDS AT ONCE. PERRY SAID LINEAR LIKELY SHUT OFF IN MIDDLE OF NIGHT SO PROBABLY NOT. BUT I TURNED OFF STRIPS 3&4 ANYWAYS. VISUALLY, EAST SIDE OF STRIP 4 IS DRY DUE TO FLOWS DROPPING DURING PREVIOUS WATERINGS. THIS AREA DIDNT GET SOAKED AGAIN DUE TO HAVING TO TURN OFF WATER PREMATURELY.",2023-08-05 09:00:00,0.15,2023-08-05 09:00:00,0.15,True,2023-08-05 09:30:00,0.65,,,,,False,,,,,,,False,,,,,,,,,,,,,,,,,,,,,,False,,,,,,,,,later of earliest sustained bottom response and modeled 80% available storage,threshold times use event-average strip flow; start/end readings are contextual
2023,2023-08-10_S3_S4_7fce3d7b,S3,S3_S4,biochar,2023-08-10 13:57:00,2023-08-10 19:37:00,52850.0,False,one_or_more_baselines_missing;one_or_more_sensor_events_not_trustworthy,,,,,,,,,nominal_47ft_strip_by_centerline_zone_length,three 6-inch layers spanning approximately 3-21 inches,modeled water not retained; not measured runoff,5.67,9326.5,155.4,310.9,300.0,325.0,1.0,HOLLY STARTED THE WATER AND I TURNED IT OFF. EAST HALF OF STRIP 4 GOT SOME WATER BUT STILL NOT GREAT WATERING. IVE DETERMINED WATER IS LEAKING NEAR THE GATED PIPE TRAVELING  BACK UP AND THEN DOWN OTHER FURROWS. I STARTED MOVING DIRT TO CORRECT THIS ON 8/16/23,2023-08-10 14:30:00,0.55,2023-08-10 14:30:00,0.55,True,2023-08-10 14:45:00,0.8,2023-08-10 23:00:00,9.05,2023-08-10 23:00:00,9.05,True,2023-08-10 23:00:00,9.05,2023-08-10 16:15:00,2.3,2023-08-10 16:15:00,2.3,True,2023-08-10 16:45:00,2.8,,,,,,,,,,,,,,,,,,,,False,,,,,,,,,later of earliest sustained bottom response and modeled 80% available storage,threshold times use event-average strip flow; start/end readings are contextual
2023,2023-08-10_S3_S4_7fce3d7b,S4,S3_S4,control,2023-08-10 13:57:00,2023-08-10 19:37:00,52850.0,False,one_or_more_sensor_events_not_trustworthy,,,,,,,,,nominal_47ft_strip_by_centerline_zone_length,three 6-inch layers spanning approximately 3-21 inches,modeled water not retained; not measured runoff,5.67,9326.5,155.4,310.9,300.0,325.0,1.0,HOLLY STARTED THE WATER AND I TURNED IT OFF. EAST HALF OF STRIP 4 GOT SOME WATER BUT STILL NOT GREAT WATERING. IVE DETERMINED WATER IS LEAKING NEAR THE GATED PIPE TRAVELING  BACK UP AND THEN DOWN OTHER FURROWS. I STARTED MOVING DIRT TO CORRECT THIS ON 8/16/23,,,,,False,,,2023-08-10 15:45:00,1.8,2023-08-10 15:45:00,1.8,True,2023-08-10 19:00:00,5.05,2023-08-10 18:15:00,4.3,2023-08-10 18:15:00,4.3,False,,,,,,,,,,,,,,,,,,,,,,False,,,,,,,,,later of earliest sustained bottom response and modeled 80% available storage,threshold times use event-average strip flow; start/end readings are contextual
2023,2023-08-24_S1_S2_6cc99259,S1,S1_S2,biochar,2023-08-24 13:47:00,2023-08-24 18:16:00,30125.0,False,one_or_more_sensor_events_not_trustworthy,,,,,,,,,nominal_47ft_strip_by_centerline_zone_length,three 6-inch layers spanning approximately 3-21 inches,modeled water not retained; not measured runoff,4.48,6719.3,112.0,224.0,225.0,225.0,0.5,"WATERED SIMULTANEOULSY WITH STRIPS 3&4. DOUBLE CHECK NUMBERS AT END OF TRIAL. STARTED WATER AFTER DIRTWORK, FIELD NOT LEAKING, FURROWS FILLING MUCH BETTER.",2023-08-24 14:00:00,0.22,2023-08-24 14:00:00,0.22,False,,,2023-08-24 15:15:00,1.47,2023-08-24 15:15:00,1.47,True,2023-08-24 17:45:00,3.97,,,,,False,,,,,,,,,,,,,,,,,,,,,,False,,,,,,,,,later of earliest sustained bottom response and modeled 80% available storage,threshold times use event-average strip flow; start/end readings are contextual
2023,2023-08-24_S1_S2_6cc99259,S2,S1_S2,control,2023-08-24 13:47:00,2023-08-24 18:16:00,30125.0,True,,29220.87,74231.44,45010.57,0.0,-14885.57,0.0,0.67,False,nominal_47ft_strip_by_centerline_zone_length,three 6-inch layers spanning approximately 3-21 inches,modeled water not retained; not measured runoff,4.48,6719.3,112.0,224.0,225.0,225.0,0.5,"WATERED SIMULTANEOULSY WITH STRIPS 3&4. DOUBLE CHECK NUMBERS AT END OF TRIAL. STARTED WATER AFTER DIRTWORK, FIELD NOT LEAKING, FURROWS FILLING MUCH BETTER.",2023-08-24 16:00:00,2.22,2023-08-24 16:00:00,2.22,True,2023-08-24 16:00:00,2.22,2023-08-24 14:30:00,0.72,2023-08-24 14:30:00,0.72,True,2023-08-24 14:45:00,0.97,2023-08-24 14:15:00,0.47,2023-08-24 14:15:00,0.47,True,2023-08-24 14:30:00,0.72,3.35,2023-08-24 17:07:57.658684686,True,5.36,2023-08-24 19:08:32.253895494,False,6.03,2023-08-24 19:48:43.785632431,False,6.7,2023-08-24 20:28:55.317369368,False,14894.45,0.33,4815.5,0.11,3135.67,0.07,2023-08-24 19:08:32.253895424,True,False,,,,,10039.61,0.0,0.0,later of earliest sustained bottom response and modeled 80% available storage,threshold times use event-average strip flow; start/end readings are contextual
2023,2023-08-24_S3_S4_a4b6ae2a,S3,S3_S4,biochar,2023-08-24 13:47:00,2023-08-24 18:16:00,30125.0,False,one_or_more_baselines_missing;one_or_more_sensor_events_not_trustworthy,,,,,,,,,nominal_47ft_strip_by_centerline_zone_length,three 6-inch layers spanning approximately 3-21 inches,modeled water not retained; not measured runoff,4.48,6719.3,112.0,224.0,225.0,225.0,0.5,"WATERED SIMULTANEOULSY WITH STRIPS 3&4. DOUBLE CHECK NUMBERS AT END OF TRIAL. STARTED WATER AFTER DIRTWORK, FIELD NOT LEAKING, FURROWS FILLING MUCH BETTER.",2023-08-24 14:45:00,0.97,2023-08-24 14:45:00,0.97,True,2023-08-24 15:30:00,1.72,2023-08-24 23:00:00,9.22,2023-08-24 23:00:00,9.22,True,2023-08-24 23:00:00,9.22,2023-08-24 16:30:00,2.72,2023-08-24 16:30:00,2.72,True,2023-08-24 17:00:00,3.22,,,,,,,,,,,,,,,,,,,,False,,,,,,,,,later of earliest sustained bottom response and modeled 80% available storage,threshold times use event-average strip flow; start/end readings are contextual
2023,2023-08-24_S3_S4_a4b6ae2a,S4,S3_S4,control,2023-08-24 13:47:00,2023-08-24 18:16:00,30125.0,False,one_or_more_sensor_events_not_trustworthy,,,,,,,,,nominal_47ft_strip_by_centerline_zone_length,three 6-inch layers spanning approximately 3-21 inches,modeled water not retained; not measured runoff,4.48,6719.3,112.0,224.0,225.0,225.0,0.5,"WATERED SIMULTANEOULSY WITH STRIPS 3&4. DOUBLE CHECK NUMBERS AT END OF TRIAL. STARTED WATER AFTER DIRTWORK, FIELD NOT LEAKING, FURROWS FILLING MUCH BETTER.",2023-08-24 14:00:00,0.22,2023-08-24 14:00:00,0.22,True,2023-08-24 14:30:00,0.72,2023-08-24 18:45:00,4.97,2023-08-24 18:45:00,4.97,False,,,,,,,False,,,,,,,,,,,,,,,,,,,,,,False,,,,,,,,,later of earliest sustained bottom response and modeled 80% available storage,threshold times use event-average strip flow; start/end readings are contextual
2023,2023-09-07_S3_S4_ea877a99,S3,S3_S4,biochar,2023-09-07 07:38:00,2023-09-07 18:19:00,78850.0,False,one_or_more_baselines_missing;one_or_more_sensor_events_not_trustworthy,,,,,,,,,nominal_47ft_strip_by_centerline_zone_length,three 6-inch layers spanning approximately 3-21 inches,modeled water not retained; not measured runoff,10.68,7380.7,123.0,246.0,240.0,280.0,1.0,"LONG WATERING, FURROWS FULL OF WATER ALL THE WAY TO END AND IN EASTERN-MOST FURROWS.",2023-09-07 08:15:00,0.62,2023-09-07 08:15:00,0.62,True,2023-09-07 09:00:00,1.37,2023-09-07 16:00:00,8.37,,,False,,,2023-09-07 10:15:00,2.62,2023-09-07 10:15:00,2.62,True,2023-09-07 10:30:00,2.87,,,,,,,,,,,,,,,,,,,,False,,,,,,,,,later of earliest sustained bottom response and modeled 80% available storage,threshold times use event-average strip flow; start/end readings are contextual
2023,2023-09-07_S3_S4_ea877a99,S4,S3_S4,control,2023-09-07 07:38:00,2023-09-07 18:19:00,78850.0,False,one_or_more_baselines_missing;one_or_more_sensor_events_not_trustworthy,,,,,,,,,nominal_47ft_strip_by_centerline_zone_length,three 6-inch layers spanning approximately 3-21 inches,modeled water not retained; not measured runoff,10.68,7380.7,123.0,246.0,240.0,280.0,1.0,"LONG WATERING, FURROWS FULL OF WATER ALL THE WAY TO END AND IN EASTERN-MOST FURROWS.",,,,,False,,,2023-09-07 11:15:00,3.62,2023-09-07 11:15:00,3.62,True,2023-09-07 14:15:00,6.62,2023-09-07 12:00:00,4.37,2023-09-07 12:00:00,4.37,True,2023-09-07 15:30:00,7.87,,,,,,,,,,,,,,,,,,,,False,,,,,,,,,later of earliest sustained bottom response and modeled 80% available storage,threshold times use event-average strip flow; start/end readings are contextual
2023,2023-09-21_S1_S2_6dbb0789,S1,S1_S2,biochar,2023-09-21 09:07:00,2023-09-21 16:09:00,37650.0,False,one_or_more_sensor_events_not_trustworthy,,,,,,,,,nominal_47ft_strip_by_centerline_zone_length,three 6-inch layers spanning approximately 3-21 inches,modeled water not retained; not measured runoff,7.03,5353.1,89.2,178.4,275.0,150.0,1.0,FLOW WAS NOT ENOUGH TO WATER ALL STRIPS AT SAME TIME DUE TO SRI WATERING HIS FIELDS AT THE SAME TIME.,2023-09-21 09:15:00,0.13,2023-09-21 09:15:00,0.13,False,,,2023-09-21 12:15:00,3.13,2023-09-21 12:15:00,3.13,True,2023-09-21 16:00:00,6.88,,,,,False,,,,,,,,,,,,,,,,,,,,,,False,,,,,,,,,later of earliest sustained bottom response and modeled 80% available storage,threshold times use event-average strip flow; start/end readings are contextual
2023,2023-09-21_S1_S2_6dbb0789,S2,S1_S2,control,2023-09-21 09:07:00,2023-09-21 16:09:00,37650.0,True,,23794.51,74231.44,50436.93,0.0,-12786.93,0.0,0.75,False,nominal_47ft_strip_by_centerline_zone_length,three 6-inch layers spanning approximately 3-21 inches,modeled water not retained; not measured runoff,7.03,5353.1,89.2,178.4,275.0,150.0,1.0,FLOW WAS NOT ENOUGH TO WATER ALL STRIPS AT SAME TIME DUE TO SRI WATERING HIS FIELDS AT THE SAME TIME.,2023-09-21 11:15:00,2.13,2023-09-21 11:30:00,2.38,True,2023-09-21 11:30:00,2.38,2023-09-21 09:45:00,0.63,2023-09-21 10:00:00,0.88,True,2023-09-21 10:00:00,0.88,2023-09-21 09:45:00,0.63,2023-09-21 10:15:00,1.13,True,2023-09-21 10:15:00,1.13,4.71,2023-09-21 13:49:39.607330330,True,7.54,2023-09-21 16:39:15.371728530,False,8.48,2023-09-21 17:35:47.293194597,False,9.42,2023-09-21 18:32:19.214660665,False,11419.95,0.23,3390.3,0.07,3390.3,0.07,2023-09-21 16:39:15.371728640,True,False,,,,,7171.16,0.0,0.0,later of earliest sustained bottom response and modeled 80% available storage,threshold times use event-average strip flow; start/end readings are contextual
2023,2023-09-22_S3_S4_157133f5,S3,S3_S4,biochar,2023-09-22 07:20:00,2023-09-22 16:18:00,72300.0,False,one_or_more_baselines_missing;one_or_more_sensor_events_not_trustworthy,,,,,,,,,nominal_47ft_strip_by_centerline_zone_length,three 6-inch layers spanning approximately 3-21 inches,modeled water not retained; not measured runoff,8.97,8063.2,134.4,268.8,200.0,390.0,1.0,WATER VALVE OPENED QUITE A WAYS TO ACHIEVE EVEN 200 GPM. OTHER FIELDS LIKELY DRAWING FLOWS. WOULD NOT GO ABOVE 200 GPM. INCREASE IN FLOW RATE MEANS SOMEONE ELSE TURNED WATER OFF DURING THIS WATERING SESSION.,2023-09-22 08:15:00,0.92,2023-09-22 08:15:00,0.92,True,2023-09-22 08:30:00,1.17,,,,,False,,,2023-09-22 10:00:00,2.67,2023-09-22 10:00:00,2.67,True,2023-09-22 10:30:00,3.17,,,,,,,,,,,,,,,,,,,,False,,,,,,,,,later of earliest sustained bottom response and modeled 80% available storage,threshold times use event-average strip flow; start/end readings are contextual
2023,2023-09-22_S3_S4_157133f5,S4,S3_S4,control,2023-09-22 07:20:00,2023-09-22 16:18:00,72300.0,False,one_or_more_baselines_missing;one_or_more_sensor_events_not_trustworthy,,,,,,,,,nominal_47ft_strip_by_centerline_zone_length,three 6-inch layers spanning approximately 3-21 inches,modeled water not retained; not measured runoff,8.97,8063.2,134.4,268.8,200.0,390.0,1.0,WATER VALVE OPENED QUITE A WAYS TO ACHIEVE EVEN 200 GPM. OTHER FIELDS LIKELY DRAWING FLOWS. WOULD NOT GO ABOVE 200 GPM. INCREASE IN FLOW RATE MEANS SOMEONE ELSE TURNED WATER OFF DURING THIS WATERING SESSION.,2023-09-22 07:30:00,0.17,2023-09-22 07:30:00,0.17,True,2023-09-22 07:30:00,0.17,2023-09-22 11:15:00,3.92,2023-09-22 11:15:00,3.92,True,2023-09-22 14:00:00,6.67,,,,,False,,,,,,,,,,,,,,,,,,,,,,False,,,,,,,,,later of earliest sustained bottom response and modeled 80% available storage,threshold times use event-average strip flow; start/end readings are contextual
2024,2024-04-19_S3_S4_c5bf8374,S3,S3_S4,biochar,2024-04-19 14:14:00,2024-04-19 21:33:00,54875.0,False,one_or_more_sensor_events_not_trustworthy,,,,,,,,,nominal_47ft_strip_by_centerline_zone_length,three 6-inch layers spanning approximately 3-21 inches,modeled water not retained; not measured runoff,7.32,7500.0,125.0,250.0,250.0,250.0,1.0,"Flow meter was restricted due to a pack rat nest, thus no data is available. All data estimated. Flushed pipes prior to irrigation and removed rat nests from both ends of gated pipes.",2024-04-19 15:30:00,1.27,2024-04-19 15:30:00,1.27,True,2024-04-19 17:30:00,3.27,2024-04-19 23:45:00,9.52,2024-04-19 23:45:00,9.52,True,2024-04-20 00:15:00,10.02,2024-04-19 16:00:00,1.77,2024-04-19 16:00:00,1.77,True,2024-04-19 16:30:00,2.27,,,,,,,,,,,,,,,,,,,,False,,,,,,,,,later of earliest sustained bottom response and modeled 80% available storage,threshold times use event-average strip flow; start/end readings are contextual
2024,2024-04-19_S3_S4_c5bf8374,S4,S3_S4,control,2024-04-19 14:14:00,2024-04-19 21:33:00,54875.0,True,,21362.2,68363.11,47000.92,0.0,7874.08,7874.08,1.17,True,nominal_47ft_strip_by_centerline_zone_length,three 6-inch layers spanning approximately 3-21 inches,modeled water not retained; not measured runoff,7.32,7500.0,125.0,250.0,250.0,250.0,1.0,"Flow meter was restricted due to a pack rat nest, thus no data is available. All data estimated. Flushed pipes prior to irrigation and removed rat nests from both ends of gated pipes.",2024-04-19 15:00:00,0.77,2024-04-19 15:00:00,0.77,True,2024-04-19 15:00:00,0.77,2024-04-19 18:15:00,4.02,2024-04-19 18:15:00,4.02,True,2024-04-19 22:00:00,7.77,2024-04-19 22:15:00,8.02,,,False,,,3.13,2024-04-19 17:22:00.220800001,True,5.01,2024-04-19 19:14:48.353280001,True,5.64,2024-04-19 19:52:24.397440000,True,6.27,2024-04-19 20:30:00.441599998,True,5750.0,0.12,30125.0,0.64,60125.0,1.28,2024-04-19 22:15:00.000000000,True,False,,,1.05,7874.08,6423.79,1076.21,0.14,later of earliest sustained bottom response and modeled 80% available storage,threshold times use event-average strip flow; start/end readings are contextual
2024,2024-04-20_S1_S2_5f2fb725,S1,S1_S2,biochar,2024-04-20 10:11:00,2024-04-20 17:54:00,62950.0,True,,34221.77,76557.57,42335.8,0.0,20614.2,20614.2,1.49,True,nominal_47ft_strip_by_centerline_zone_length,three 6-inch layers spanning approximately 3-21 inches,modeled water not retained; not measured runoff,7.72,8157.7,136.0,271.9,250.0,260.0,1.0,Repaired meter prior to watering.,2024-04-20 10:45:00,0.57,2024-04-20 10:45:00,0.57,True,2024-04-20 10:45:00,0.57,2024-04-20 12:30:00,2.32,2024-04-20 12:30:00,2.32,True,2024-04-20 15:15:00,5.07,2024-04-20 17:45:00,7.57,2024-04-20 17:45:00,7.57,True,2024-04-20 18:00:00,7.82,2.59,2024-04-20 12:46:41.412407909,True,4.15,2024-04-20 14:20:06.259852656,True,4.67,2024-04-20 14:51:14.542334238,True,5.19,2024-04-20 15:22:22.824815816,True,4622.7,0.11,18898.67,0.45,61726.6,1.46,2024-04-20 17:45:00.000000000,True,True,0.15,1223.66,2.53,20614.45,5486.26,2671.44,0.33,later of earliest sustained bottom response and modeled 80% available storage,threshold times use event-average strip flow; start/end readings are contextual
2024,2024-04-20_S1_S2_5f2fb725,S2,S1_S2,control,2024-04-20 10:11:00,2024-04-20 17:54:00,62950.0,True,,23707.32,74231.44,50524.12,0.0,12425.88,12425.88,1.25,True,nominal_47ft_strip_by_centerline_zone_length,three 6-inch layers spanning approximately 3-21 inches,modeled water not retained; not measured runoff,7.72,8157.7,136.0,271.9,250.0,260.0,1.0,Repaired meter prior to watering.,2024-04-20 11:30:00,1.32,2024-04-20 11:30:00,1.32,True,2024-04-20 11:30:00,1.32,2024-04-20 11:30:00,1.32,2024-04-20 11:30:00,1.32,True,2024-04-20 11:30:00,1.32,2024-04-20 12:30:00,2.32,2024-04-20 12:45:00,2.57,True,2024-04-20 12:45:00,2.57,3.1,2024-04-20 13:16:48.168724027,True,4.95,2024-04-20 15:08:17.069958442,True,5.57,2024-04-20 15:45:26.703703250,True,6.19,2024-04-20 16:22:36.337448054,True,10740.97,0.21,10740.97,0.21,18898.67,0.37,2024-04-20 15:08:17.069958400,True,True,2.76,22530.96,1.52,12426.13,6547.37,1610.33,0.2,later of earliest sustained bottom response and modeled 80% available storage,threshold times use event-average strip flow; start/end readings are contextual
2024,2024-05-03_S3_S4_13e4749a,S3,S3_S4,biochar,2024-05-03 08:37:00,2024-05-03 15:28:00,44600.0,False,one_or_more_sensor_events_not_trustworthy,,,,,,,,,nominal_47ft_strip_by_centerline_zone_length,three 6-inch layers spanning approximately 3-21 inches,modeled water not retained; not measured runoff,6.85,6510.9,108.5,217.0,225.0,225.0,1.0,Some HOBO sensors did not get submerged in water.,2024-05-03 09:45:00,1.13,2024-05-03 09:45:00,1.13,True,2024-05-03 09:45:00,1.13,2024-05-03 17:15:00,8.63,2024-05-03 17:30:00,8.88,True,2024-05-03 17:30:00,8.88,2024-05-03 10:15:00,1.63,2024-05-03 10:15:00,1.63,True,2024-05-03 10:30:00,1.88,,,,,,,,,,,,,,,,,,,,False,,,,,,,,,later of earliest sustained bottom response and modeled 80% available storage,threshold times use event-average strip flow; start/end readings are contextual
2024,2024-05-03_S3_S4_13e4749a,S4,S3_S4,control,2024-05-03 08:37:00,2024-05-03 15:28:00,44600.0,False,one_or_more_baselines_missing;one_or_more_sensor_events_not_trustworthy,,,,,,,,,nominal_47ft_strip_by_centerline_zone_length,three 6-inch layers spanning approximately 3-21 inches,modeled water not retained; not measured runoff,6.85,6510.9,108.5,217.0,225.0,225.0,1.0,Some HOBO sensors did not get submerged in water.,2024-05-03 09:00:00,0.38,2024-05-03 09:00:00,0.38,True,2024-05-03 09:15:00,0.63,2024-05-03 10:00:00,1.38,2024-05-03 10:00:00,1.38,True,2024-05-03 10:45:00,2.13,,,,,False,,,,,,,,,,,,,,,,,,,,,,False,,,,,,,,,later of earliest sustained bottom response and modeled 80% available storage,threshold times use event-average strip flow; start/end readings are contextual
2024,2024-05-11_S1_S2_4c1cd284,S1,S1_S2,biochar,2024-05-11 06:55:00,2024-05-11 16:18:00,66500.0,False,one_or_more_sensor_events_not_trustworthy,,,,,,,,,nominal_47ft_strip_by_centerline_zone_length,three 6-inch layers spanning approximately 3-21 inches,modeled water not retained; not measured runoff,9.38,7087.0,118.1,236.2,225.0,225.0,1.0,HOBO sensors accidentaly placed in Strips 3 & 4.,2024-05-12 07:15:00,24.33,2024-05-12 07:30:00,24.58,True,2024-05-12 07:30:00,24.58,2024-05-12 10:15:00,27.33,2024-05-12 10:15:00,27.33,False,,,2024-05-11 15:45:00,8.83,2024-05-11 15:45:00,8.83,False,,,,,,,,,,,,,,,,,,,,,,False,,,,,,,,,later of earliest sustained bottom response and modeled 80% available storage,threshold times use event-average strip flow; start/end readings are contextual
2024,2024-05-11_S1_S2_4c1cd284,S2,S1_S2,control,2024-05-11 06:55:00,2024-05-11 16:18:00,66500.0,False,one_or_more_sensor_events_not_trustworthy,,,,,,,,,nominal_47ft_strip_by_centerline_zone_length,three 6-inch layers spanning approximately 3-21 inches,modeled water not retained; not measured runoff,9.38,7087.0,118.1,236.2,225.0,225.0,1.0,HOBO sensors accidentaly placed in Strips 3 & 4.,2024-05-12 08:15:00,25.33,2024-05-12 08:15:00,25.33,True,2024-05-12 08:15:00,25.33,2024-05-12 08:00:00,25.08,2024-05-12 08:00:00,25.08,True,2024-05-12 08:15:00,25.33,2024-05-12 11:15:00,28.33,2024-05-12 12:00:00,29.08,True,2024-05-12 12:00:00,29.08,,,,,,,,,,,,,,,,,,,,False,,,,,,,,,later of earliest sustained bottom response and modeled 80% available storage,threshold times use event-average strip flow; start/end readings are contextual
2024,2024-05-17_S3_S4_09c73fc7,S3,S3_S4,biochar,2024-05-17 13:31:00,2024-05-17 19:09:00,47550.0,False,one_or_more_sensor_events_not_trustworthy,,,,,,,,,nominal_47ft_strip_by_centerline_zone_length,three 6-inch layers spanning approximately 3-21 inches,modeled water not retained; not measured runoff,5.63,8440.8,140.7,281.4,250.0,290.0,1.0,Did not use HOBOs. Seen I needed to water that very day.,2024-05-17 14:15:00,0.73,2024-05-17 14:15:00,0.73,True,2024-05-17 14:30:00,0.98,2024-05-17 22:15:00,8.73,2024-05-17 22:15:00,8.73,True,2024-05-17 22:15:00,8.73,2024-05-17 15:00:00,1.48,2024-05-17 15:00:00,1.48,True,2024-05-17 15:30:00,1.98,,,,,,,,,,,,,,,,,,,,False,,,,,,,,,later of earliest sustained bottom response and modeled 80% available storage,threshold times use event-average strip flow; start/end readings are contextual
2024,2024-05-17_S3_S4_09c73fc7,S4,S3_S4,control,2024-05-17 13:31:00,2024-05-17 19:09:00,47550.0,True,,34355.87,68363.11,34007.24,0.0,13542.76,13542.76,1.4,True,nominal_47ft_strip_by_centerline_zone_length,three 6-inch layers spanning approximately 3-21 inches,modeled water not retained; not measured runoff,5.63,8440.8,140.7,281.4,250.0,290.0,1.0,Did not use HOBOs. Seen I needed to water that very day.,2024-05-17 14:00:00,0.48,2024-05-17 14:00:00,0.48,True,2024-05-17 14:00:00,0.48,2024-05-17 14:45:00,1.23,2024-05-17 14:45:00,1.23,True,2024-05-17 15:00:00,1.48,2024-05-17 15:45:00,2.23,2024-05-17 15:45:00,2.23,True,2024-05-17 15:45:00,2.23,2.01,2024-05-17 15:31:52.041512653,True,3.22,2024-05-17 16:44:23.266420244,True,3.63,2024-05-17 17:08:33.674722773,True,4.03,2024-05-17 17:32:44.083025306,True,4079.72,0.12,10410.32,0.31,18851.12,0.55,2024-05-17 16:44:23.266420224,True,True,2.41,20344.05,1.6,13542.6,6036.82,2403.98,0.28,later of earliest sustained bottom response and modeled 80% available storage,threshold times use event-average strip flow; start/end readings are contextual
2024,2024-06-01_S1_S2_ef46e32f,S1,S1_S2,biochar,2024-06-01 18:05:00,2024-06-02 07:46:00,81250.0,False,one_or_more_sensor_events_not_trustworthy,,,,,,,,,nominal_47ft_strip_by_centerline_zone_length,three 6-inch layers spanning approximately 3-21 inches,modeled water not retained; not measured runoff,13.68,5937.9,99.0,197.9,200.0,190.0,1.0,Turned off morning of 6/2 @ 7:46am,2024-06-01 18:30:00,0.42,2024-06-01 18:30:00,0.42,True,2024-06-01 18:30:00,0.42,2024-06-01 21:45:00,3.67,2024-06-01 21:45:00,3.67,True,2024-06-02 00:30:00,6.42,2024-06-01 20:00:00,1.92,2024-06-01 21:30:00,3.42,True,2024-06-02 08:00:00,13.92,,,,,,,,,,,,,,,,,,,,False,,,,,,,,,later of earliest sustained bottom response and modeled 80% available storage,threshold times use event-average strip flow; start/end readings are contextual
2024,2024-06-01_S1_S2_ef46e32f,S2,S1_S2,control,2024-06-01 18:05:00,2024-06-02 07:46:00,81250.0,False,one_or_more_sensor_events_not_trustworthy,,,,,,,,,nominal_47ft_strip_by_centerline_zone_length,three 6-inch layers spanning approximately 3-21 inches,modeled water not retained; not measured runoff,13.68,5937.9,99.0,197.9,200.0,190.0,1.0,Turned off morning of 6/2 @ 7:46am,2024-06-01 19:30:00,1.42,2024-06-01 19:30:00,1.42,True,2024-06-01 19:30:00,1.42,2024-06-01 19:30:00,1.42,2024-06-01 19:30:00,1.42,True,2024-06-01 19:45:00,1.67,2024-06-01 21:15:00,3.17,2024-06-01 21:45:00,3.67,True,2024-06-01 21:45:00,3.67,,,,,,,,,,,,,,,,,,,,False,,,,,,,,,later of earliest sustained bottom response and modeled 80% available storage,threshold times use event-average strip flow; start/end readings are contextual
2024,2024-06-01_S3_S4_0880f850,S3,S3_S4,biochar,2024-06-01 08:29:00,2024-06-01 17:57:00,61450.0,False,one_or_more_sensor_events_not_trustworthy,,,,,,,,,nominal_47ft_strip_by_centerline_zone_length,three 6-inch layers spanning approximately 3-21 inches,modeled water not retained; not measured runoff,9.47,6491.2,108.2,216.4,240.0,210.0,1.0,Jerry placed hobos on Thursday.,2024-06-01 09:30:00,1.02,2024-06-01 09:30:00,1.02,True,2024-06-01 09:45:00,1.27,2024-06-01 17:45:00,9.27,2024-06-01 17:45:00,9.27,True,2024-06-01 18:00:00,9.52,2024-06-01 10:15:00,1.77,2024-06-01 10:15:00,1.77,True,2024-06-01 10:45:00,2.27,,,,,,,,,,,,,,,,,,,,False,,,,,,,,,later of earliest sustained bottom response and modeled 80% available storage,threshold times use event-average strip flow; start/end readings are contextual
2024,2024-06-01_S3_S4_0880f850,S4,S3_S4,control,2024-06-01 08:29:00,2024-06-01 17:57:00,61450.0,False,one_or_more_baselines_missing;one_or_more_sensor_events_not_trustworthy,,,,,,,,,nominal_47ft_strip_by_centerline_zone_length,three 6-inch layers spanning approximately 3-21 inches,modeled water not retained; not measured runoff,9.47,6491.2,108.2,216.4,240.0,210.0,1.0,Jerry placed hobos on Thursday.,2024-06-01 09:00:00,0.52,2024-06-01 09:00:00,0.52,True,2024-06-01 09:00:00,0.52,2024-06-01 10:15:00,1.77,2024-06-01 10:15:00,1.77,True,2024-06-01 10:45:00,2.27,,,,,False,,,,,,,,,,,,,,,,,,,,,,False,,,,,,,,,later of earliest sustained bottom response and modeled 80% available storage,threshold times use event-average strip flow; start/end readings are contextual
2024,2024-06-15_S3_S4_b6aa9839,S3,S3_S4,biochar,2024-06-15 07:29:00,2024-06-15 16:13:00,52500.0,False,one_or_more_sensor_events_not_trustworthy,,,,,,,,,nominal_47ft_strip_by_centerline_zone_length,three 6-inch layers spanning approximately 3-21 inches,modeled water not retained; not measured runoff,8.73,6011.5,100.2,200.4,210.0,200.0,1.0,HOBO sensors were used and collected.,2024-06-15 08:15:00,0.77,2024-06-15 08:15:00,0.77,True,2024-06-15 08:30:00,1.02,2024-06-15 16:30:00,9.02,2024-06-15 16:30:00,9.02,True,2024-06-15 16:45:00,9.27,2024-06-15 09:15:00,1.77,2024-06-15 09:15:00,1.77,True,2024-06-15 09:45:00,2.27,,,,,,,,,,,,,,,,,,,,False,,,,,,,,,later of earliest sustained bottom response and modeled 80% available storage,threshold times use event-average strip flow; start/end readings are contextual
2024,2024-06-15_S3_S4_b6aa9839,S4,S3_S4,control,2024-06-15 07:29:00,2024-06-15 16:13:00,52500.0,False,one_or_more_baselines_missing;one_or_more_sensor_events_not_trustworthy,,,,,,,,,nominal_47ft_strip_by_centerline_zone_length,three 6-inch layers spanning approximately 3-21 inches,modeled water not retained; not measured runoff,8.73,6011.5,100.2,200.4,210.0,200.0,1.0,HOBO sensors were used and collected.,2024-06-15 08:00:00,0.52,2024-06-15 08:00:00,0.52,True,2024-06-15 08:00:00,0.52,2024-06-15 09:30:00,2.02,2024-06-15 09:30:00,2.02,True,2024-06-15 09:45:00,2.27,,,,,False,,,,,,,,,,,,,,,,,,,,,,False,,,,,,,,,later of earliest sustained bottom response and modeled 80% available storage,threshold times use event-average strip flow; start/end readings are contextual
2024,2024-06-22_S1_S2_e95bd875,S1,S1_S2,biochar,2024-06-22 08:00:00,2024-06-22 15:49:00,47100.0,True,,42087.13,76557.57,34470.44,0.0,12629.56,12629.56,1.37,True,nominal_47ft_strip_by_centerline_zone_length,three 6-inch layers spanning approximately 3-21 inches,modeled water not retained; not measured runoff,7.82,6025.6,100.4,200.9,225.0,190.0,1.0,HOBO sensors used and collected. Jerry placed and Michael collected.,2024-06-22 08:30:00,0.5,2024-06-22 08:30:00,0.5,True,2024-06-22 08:30:00,0.5,2024-06-22 10:00:00,2.0,2024-06-22 10:00:00,2.0,True,2024-06-22 12:45:00,4.75,2024-06-22 11:30:00,3.5,2024-06-22 11:30:00,3.5,True,2024-06-22 16:30:00,8.5,2.86,2024-06-22 10:51:37.197291556,True,4.58,2024-06-22 12:34:35.515666488,True,5.15,2024-06-22 13:08:54.955124800,True,5.72,2024-06-22 13:43:14.394583113,True,3012.8,0.09,12051.2,0.35,21089.6,0.61,2024-06-22 12:34:35.515666432,True,True,3.24,19523.75,2.1,12629.67,4409.85,1615.75,0.27,later of earliest sustained bottom response and modeled 80% available storage,threshold times use event-average strip flow; start/end readings are contextual
2024,2024-06-22_S1_S2_e95bd875,S2,S1_S2,control,2024-06-22 08:00:00,2024-06-22 15:49:00,47100.0,True,,23576.02,74231.44,50655.42,0.0,-3555.42,0.0,0.93,False,nominal_47ft_strip_by_centerline_zone_length,three 6-inch layers spanning approximately 3-21 inches,modeled water not retained; not measured runoff,7.82,6025.6,100.4,200.9,225.0,190.0,1.0,HOBO sensors used and collected. Jerry placed and Michael collected.,2024-06-22 09:15:00,1.25,2024-06-22 09:15:00,1.25,True,2024-06-22 09:15:00,1.25,2024-06-22 09:00:00,1.0,2024-06-22 09:00:00,1.0,True,2024-06-22 09:15:00,1.25,2024-06-22 11:00:00,3.0,2024-06-22 11:30:00,3.5,True,2024-06-22 11:30:00,3.5,4.2,2024-06-22 12:12:12.062533190,True,6.73,2024-06-22 14:43:31.300053106,True,7.57,2024-06-22 15:33:57.712559745,True,8.41,2024-06-22 16:24:24.125066384,False,7532.0,0.15,6025.6,0.12,18076.8,0.36,2024-06-22 14:43:31.300052992,True,True,1.09,6575.77,,,6480.41,0.0,0.0,later of earliest sustained bottom response and modeled 80% available storage,threshold times use event-average strip flow; start/end readings are contextual
2024,2024-06-28_S3_S4_14b9d993,S3,S3_S4,biochar,2024-06-28 08:19:00,2024-06-28 14:44:00,39650.0,False,one_or_more_sensor_events_not_trustworthy,,,,,,,,,nominal_47ft_strip_by_centerline_zone_length,three 6-inch layers spanning approximately 3-21 inches,modeled water not retained; not measured runoff,6.42,6179.2,103.0,206.0,195.0,205.0,1.0,HOBO sensors used and collected. Michael placed and collected.,2024-06-28 09:30:00,1.18,2024-06-28 09:30:00,1.18,True,2024-06-28 10:15:00,1.93,2024-06-28 16:45:00,8.43,2024-06-28 17:00:00,8.68,True,2024-06-28 17:00:00,8.68,2024-06-28 09:45:00,1.43,2024-06-28 09:45:00,1.43,True,2024-06-28 10:00:00,1.68,,,,,,,,,,,,,,,,,,,,False,,,,,,,,,later of earliest sustained bottom response and modeled 80% available storage,threshold times use event-average strip flow; start/end readings are contextual
2024,2024-06-28_S3_S4_14b9d993,S4,S3_S4,control,2024-06-28 08:19:00,2024-06-28 14:44:00,39650.0,True,,39856.04,68363.11,28507.07,0.0,11142.93,11142.93,1.39,True,nominal_47ft_strip_by_centerline_zone_length,three 6-inch layers spanning approximately 3-21 inches,modeled water not retained; not measured runoff,6.42,6179.2,103.0,206.0,195.0,205.0,1.0,HOBO sensors used and collected. Michael placed and collected.,2024-06-28 08:45:00,0.43,2024-06-28 08:45:00,0.43,True,2024-06-28 08:45:00,0.43,2024-06-28 11:15:00,2.93,2024-06-28 11:15:00,2.93,True,2024-06-28 12:30:00,4.18,2024-06-28 12:30:00,4.18,2024-06-28 12:45:00,4.43,True,2024-06-28 14:15:00,5.93,2.31,2024-06-28 10:37:24.105062145,True,3.69,2024-06-28 12:00:26.568099430,True,4.15,2024-06-28 12:28:07.389111859,True,4.61,2024-06-28 12:55:48.210124287,True,2677.65,0.09,18125.65,0.64,25849.65,0.91,2024-06-28 12:30:00.000000000,True,True,2.23,13800.21,1.8,11142.8,4442.64,1736.56,0.28,later of earliest sustained bottom response and modeled 80% available storage,threshold times use event-average strip flow; start/end readings are contextual
2024,2024-07-11_S3_S4_d29231ea,S3,S3_S4,biochar,2024-07-11 10:01:00,2024-07-11 17:39:00,46550.0,False,one_or_more_sensor_events_not_trustworthy,,,,,,,,,nominal_47ft_strip_by_centerline_zone_length,three 6-inch layers spanning approximately 3-21 inches,modeled water not retained; not measured runoff,7.63,6098.3,101.6,203.3,210.0,200.0,1.0,"Jerry and I removed 6"" sensor from S4B on Friday afternoon. Will replace sensor on 7/13/24.",2024-07-11 11:30:00,1.48,2024-07-11 11:30:00,1.48,True,2024-07-11 12:15:00,2.23,2024-07-11 18:00:00,7.98,2024-07-11 18:00:00,7.98,True,2024-07-11 18:00:00,7.98,2024-07-11 11:45:00,1.73,2024-07-11 11:45:00,1.73,True,2024-07-11 12:15:00,2.23,,,,,,,,,,,,,,,,,,,,False,,,,,,,,,later of earliest sustained bottom response and modeled 80% available storage,threshold times use event-average strip flow; start/end readings are contextual
2024,2024-07-11_S3_S4_d29231ea,S4,S3_S4,control,2024-07-11 10:01:00,2024-07-11 17:39:00,46550.0,False,one_or_more_baselines_missing;one_or_more_sensor_events_not_trustworthy,,,,,,,,,nominal_47ft_strip_by_centerline_zone_length,three 6-inch layers spanning approximately 3-21 inches,modeled water not retained; not measured runoff,7.63,6098.3,101.6,203.3,210.0,200.0,1.0,"Jerry and I removed 6"" sensor from S4B on Friday afternoon. Will replace sensor on 7/13/24.",2024-07-11 10:30:00,0.48,2024-07-11 10:30:00,0.48,True,2024-07-11 10:30:00,0.48,2024-07-11 13:15:00,3.23,2024-07-11 13:15:00,3.23,True,2024-07-11 14:15:00,4.23,,,,,False,,,,,,,,,,,,,,,,,,,,,,False,,,,,,,,,later of earliest sustained bottom response and modeled 80% available storage,threshold times use event-average strip flow; start/end readings are contextual
2024,2024-07-20_S1_S2_6d735351,S1,S1_S2,biochar,2024-07-20 08:54:00,2024-07-20 17:43:00,55550.0,True,,32287.18,76557.57,44270.39,0.0,11279.61,11279.61,1.25,True,nominal_47ft_strip_by_centerline_zone_length,three 6-inch layers spanning approximately 3-21 inches,modeled water not retained; not measured runoff,8.82,6300.6,105.0,210.0,225.0,200.0,1.0,,2024-07-20 09:30:00,0.6,2024-07-20 09:30:00,0.6,True,2024-07-20 09:30:00,0.6,2024-07-20 12:30:00,3.6,2024-07-20 12:30:00,3.6,True,2024-07-20 15:30:00,6.6,2024-07-20 13:15:00,4.35,2024-07-20 13:15:00,4.35,True,2024-07-20 18:30:00,9.6,3.51,2024-07-20 12:24:47.478335396,True,5.62,2024-07-20 14:31:15.965336636,True,6.32,2024-07-20 15:13:25.461003712,True,7.03,2024-07-20 15:55:34.956670792,True,3780.36,0.09,22682.16,0.51,27407.61,0.62,2024-07-20 14:31:15.965336576,True,True,3.2,20133.98,1.79,11279.9,5021.2,1279.4,0.2,later of earliest sustained bottom response and modeled 80% available storage,threshold times use event-average strip flow; start/end readings are contextual
2024,2024-07-20_S1_S2_6d735351,S2,S1_S2,control,2024-07-20 08:54:00,2024-07-20 17:43:00,55550.0,False,one_or_more_baselines_missing;one_or_more_sensor_events_not_trustworthy,,,,,,,,,nominal_47ft_strip_by_centerline_zone_length,three 6-inch layers spanning approximately 3-21 inches,modeled water not retained; not measured runoff,8.82,6300.6,105.0,210.0,225.0,200.0,1.0,,2024-07-20 10:15:00,1.35,2024-07-20 10:15:00,1.35,False,,,2024-07-20 10:00:00,1.1,2024-07-20 10:15:00,1.35,True,2024-07-20 10:15:00,1.35,2024-07-20 12:45:00,3.85,2024-07-20 13:00:00,4.1,True,2024-07-20 13:00:00,4.1,,,,,,,,,,,,,,,,,,,,False,,,,,,,,,later of earliest sustained bottom response and modeled 80% available storage,threshold times use event-average strip flow; start/end readings are contextual
2024,2024-07-26_S3_S4_fd133a4c,S3,S3_S4,biochar,2024-07-26 19:02:00,2024-07-27 07:21:00,71850.0,False,one_or_more_sensor_events_not_trustworthy,,,,,,,,,nominal_47ft_strip_by_centerline_zone_length,three 6-inch layers spanning approximately 3-21 inches,modeled water not retained; not measured runoff,12.32,5833.6,97.2,194.5,200.0,190.0,1.0,Watered overnight.,2024-07-26 19:45:00,0.72,2024-07-26 20:00:00,0.97,True,2024-07-26 20:45:00,1.72,2024-07-27 03:00:00,7.97,2024-07-27 03:00:00,7.97,True,2024-07-27 03:15:00,8.22,2024-07-26 21:00:00,1.97,2024-07-26 21:00:00,1.97,True,2024-07-26 22:15:00,3.22,,,,,,,,,,,,,,,,,,,,False,,,,,,,,,later of earliest sustained bottom response and modeled 80% available storage,threshold times use event-average strip flow; start/end readings are contextual
2024,2024-07-26_S3_S4_fd133a4c,S4,S3_S4,control,2024-07-26 19:02:00,2024-07-27 07:21:00,71850.0,False,one_or_more_baselines_missing;one_or_more_sensor_events_not_trustworthy,,,,,,,,,nominal_47ft_strip_by_centerline_zone_length,three 6-inch layers spanning approximately 3-21 inches,modeled water not retained; not measured runoff,12.32,5833.6,97.2,194.5,200.0,190.0,1.0,Watered overnight.,2024-07-26 19:45:00,0.72,2024-07-26 19:45:00,0.72,True,2024-07-26 19:45:00,0.72,2024-07-26 23:45:00,4.72,2024-07-26 23:45:00,4.72,True,2024-07-27 03:15:00,8.22,2024-07-27 08:00:00,12.97,2024-07-27 08:00:00,12.97,False,,,,,,,,,,,,,,,,,,,,,,False,,,,,,,,,later of earliest sustained bottom response and modeled 80% available storage,threshold times use event-average strip flow; start/end readings are contextual
2024,2024-08-09_S3_S4_fd100e26,S3,S3_S4,biochar,2024-08-09 08:45:00,2024-08-09 15:50:00,46900.0,False,one_or_more_sensor_events_not_trustworthy,,,,,,,,,nominal_47ft_strip_by_centerline_zone_length,three 6-inch layers spanning approximately 3-21 inches,modeled water not retained; not measured runoff,7.08,6621.2,110.4,220.7,200.0,250.0,1.0,,2024-08-09 09:30:00,0.75,2024-08-09 09:30:00,0.75,True,2024-08-09 09:45:00,1.0,2024-08-09 16:45:00,8.0,2024-08-09 17:00:00,8.25,True,2024-08-09 17:00:00,8.25,2024-08-09 10:45:00,2.0,2024-08-09 10:45:00,2.0,True,2024-08-09 11:30:00,2.75,,,,,,,,,,,,,,,,,,,,False,,,,,,,,,later of earliest sustained bottom response and modeled 80% available storage,threshold times use event-average strip flow; start/end readings are contextual
2024,2024-08-09_S3_S4_fd100e26,S4,S3_S4,control,2024-08-09 08:45:00,2024-08-09 15:50:00,46900.0,False,one_or_more_baselines_missing;one_or_more_sensor_events_not_trustworthy,,,,,,,,,nominal_47ft_strip_by_centerline_zone_length,three 6-inch layers spanning approximately 3-21 inches,modeled water not retained; not measured runoff,7.08,6621.2,110.4,220.7,200.0,250.0,1.0,,2024-08-09 09:30:00,0.75,2024-08-09 09:30:00,0.75,True,2024-08-09 09:30:00,0.75,2024-08-09 13:15:00,4.5,2024-08-09 13:15:00,4.5,True,2024-08-09 14:15:00,5.5,2024-08-09 16:15:00,7.5,2024-08-09 16:15:00,7.5,False,,,,,,,,,,,,,,,,,,,,,,False,,,,,,,,,later of earliest sustained bottom response and modeled 80% available storage,threshold times use event-average strip flow; start/end readings are contextual
2024,2024-08-10_S1_S2_de427086,S1,S1_S2,biochar,2024-08-10 08:50:00,2024-08-10 20:38:00,84700.0,True,,40600.79,76557.57,35956.78,0.0,48743.22,48743.22,2.36,True,nominal_47ft_strip_by_centerline_zone_length,three 6-inch layers spanning approximately 3-21 inches,modeled water not retained; not measured runoff,11.8,7178.0,119.6,239.3,240.0,240.0,1.0,,2024-08-10 09:15:00,0.42,2024-08-10 09:15:00,0.42,True,2024-08-10 09:15:00,0.42,2024-08-10 12:00:00,3.17,2024-08-10 12:00:00,3.17,True,2024-08-10 15:00:00,6.17,2024-08-10 16:00:00,7.17,2024-08-10 16:00:00,7.17,True,2024-08-10 18:45:00,9.92,2.5,2024-08-10 11:20:16.746168848,True,4.01,2024-08-10 12:50:26.793870159,True,4.51,2024-08-10 13:20:30.143103929,True,5.01,2024-08-10 13:50:33.492337696,True,2990.83,0.08,22730.33,0.63,51442.33,1.43,2024-08-10 16:00:00.000000000,True,True,4.63,33258.07,6.79,48743.62,3047.18,4130.82,0.58,later of earliest sustained bottom response and modeled 80% available storage,threshold times use event-average strip flow; start/end readings are contextual
2024,2024-08-10_S1_S2_de427086,S2,S1_S2,control,2024-08-10 08:50:00,2024-08-10 20:38:00,84700.0,True,,25225.05,74231.44,49006.39,0.0,35693.61,35693.61,1.73,True,nominal_47ft_strip_by_centerline_zone_length,three 6-inch layers spanning approximately 3-21 inches,modeled water not retained; not measured runoff,11.8,7178.0,119.6,239.3,240.0,240.0,1.0,,2024-08-10 10:15:00,1.42,2024-08-10 10:15:00,1.42,True,2024-08-10 10:15:00,1.42,2024-08-10 09:45:00,0.92,2024-08-10 09:45:00,0.92,True,2024-08-10 09:45:00,0.92,2024-08-10 11:30:00,2.67,2024-08-10 11:45:00,2.92,True,2024-08-10 11:45:00,2.92,3.41,2024-08-10 12:14:49.147673446,True,5.46,2024-08-10 14:17:42.636277515,True,6.14,2024-08-10 14:58:40.465812202,True,6.83,2024-08-10 15:39:38.295346893,True,10168.83,0.21,6579.83,0.13,19141.33,0.39,2024-08-10 14:17:42.636277504,True,True,6.34,45495.29,4.97,35694.01,4153.08,3024.92,0.42,later of earliest sustained bottom response and modeled 80% available storage,threshold times use event-average strip flow; start/end readings are contextual
2024,2024-08-23_S3_S4_0b64e5f5,S3,S3_S4,biochar,2024-08-23 09:32:00,2024-08-23 15:04:00,30150.0,False,one_or_more_sensor_events_not_trustworthy,,,,,,,,,nominal_47ft_strip_by_centerline_zone_length,three 6-inch layers spanning approximately 3-21 inches,modeled water not retained; not measured runoff,5.53,5448.8,90.8,181.6,200.0,175.0,1.0,,2024-08-23 10:30:00,0.97,2024-08-23 10:30:00,0.97,True,2024-08-23 10:45:00,1.22,2024-08-23 17:30:00,7.97,2024-08-23 17:30:00,7.97,True,2024-08-23 17:30:00,7.97,2024-08-23 11:15:00,1.72,2024-08-23 11:15:00,1.72,True,2024-08-23 11:45:00,2.22,,,,,,,,,,,,,,,,,,,,False,,,,,,,,,later of earliest sustained bottom response and modeled 80% available storage,threshold times use event-average strip flow; start/end readings are contextual
2024,2024-08-23_S3_S4_0b64e5f5,S4,S3_S4,control,2024-08-23 09:32:00,2024-08-23 15:04:00,30150.0,False,one_or_more_baselines_missing;one_or_more_sensor_events_not_trustworthy,,,,,,,,,nominal_47ft_strip_by_centerline_zone_length,three 6-inch layers spanning approximately 3-21 inches,modeled water not retained; not measured runoff,5.53,5448.8,90.8,181.6,200.0,175.0,1.0,,2024-08-23 10:15:00,0.72,2024-08-23 10:15:00,0.72,True,2024-08-23 10:15:00,0.72,2024-08-23 13:45:00,4.22,2024-08-23 13:45:00,4.22,True,2024-08-23 15:30:00,5.97,2024-08-23 22:00:00,12.47,2024-08-23 22:00:00,12.47,False,,,,,,,,,,,,,,,,,,,,,,False,,,,,,,,,later of earliest sustained bottom response and modeled 80% available storage,threshold times use event-average strip flow; start/end readings are contextual
2024,2024-09-06_S3_S4_9e0ce675,S3,S3_S4,biochar,2024-09-06 09:33:00,2024-09-06 16:29:00,48950.0,False,one_or_more_sensor_events_not_trustworthy,,,,,,,,,nominal_47ft_strip_by_centerline_zone_length,three 6-inch layers spanning approximately 3-21 inches,modeled water not retained; not measured runoff,6.93,7060.1,117.7,235.3,190.0,245.0,1.0,,2024-09-06 10:30:00,0.95,2024-09-06 10:30:00,0.95,True,2024-09-06 10:45:00,1.2,2024-09-06 17:30:00,7.95,2024-09-06 17:30:00,7.95,True,2024-09-06 17:30:00,7.95,2024-09-06 11:15:00,1.7,2024-09-06 11:15:00,1.7,True,2024-09-06 11:45:00,2.2,,,,,,,,,,,,,,,,,,,,False,,,,,,,,,later of earliest sustained bottom response and modeled 80% available storage,threshold times use event-average strip flow; start/end readings are contextual
2024,2024-09-06_S3_S4_9e0ce675,S4,S3_S4,control,2024-09-06 09:33:00,2024-09-06 16:29:00,48950.0,False,one_or_more_baselines_missing;one_or_more_sensor_events_not_trustworthy,,,,,,,,,nominal_47ft_strip_by_centerline_zone_length,three 6-inch layers spanning approximately 3-21 inches,modeled water not retained; not measured runoff,6.93,7060.1,117.7,235.3,190.0,245.0,1.0,,2024-09-06 10:15:00,0.7,2024-09-06 10:15:00,0.7,True,2024-09-06 10:15:00,0.7,2024-09-06 13:00:00,3.45,2024-09-06 13:00:00,3.45,True,2024-09-06 13:45:00,4.2,2024-09-06 15:15:00,5.7,2024-09-06 15:15:00,5.7,False,,,,,,,,,,,,,,,,,,,,,,False,,,,,,,,,later of earliest sustained bottom response and modeled 80% available storage,threshold times use event-average strip flow; start/end readings are contextual
2024,2024-09-07_S1_S2_b15b9a0a,S1,S1_S2,biochar,2024-09-07 08:23:00,2024-09-07 16:16:00,53000.0,True,,44290.96,76557.57,32266.62,0.0,20733.38,20733.38,1.64,True,nominal_47ft_strip_by_centerline_zone_length,three 6-inch layers spanning approximately 3-21 inches,modeled water not retained; not measured runoff,7.88,6723.0,112.1,224.1,190.0,210.0,1.0,,2024-09-07 08:45:00,0.37,2024-09-07 08:45:00,0.37,True,2024-09-07 09:00:00,0.62,2024-09-07 12:00:00,3.62,2024-09-07 12:00:00,3.62,True,2024-09-07 13:45:00,5.37,2024-09-07 16:45:00,8.37,2024-09-07 18:00:00,9.62,True,2024-09-07 18:00:00,9.62,2.4,2024-09-07 10:46:58.987951807,True,3.84,2024-09-07 12:13:22.380722890,True,4.32,2024-09-07 12:42:10.178313254,True,4.8,2024-09-07 13:10:57.975903614,True,2465.1,0.08,24314.85,0.75,56249.1,1.74,2024-09-07 16:45:00.000000000,True,False,,,3.08,20733.03,4093.03,2629.97,0.39,later of earliest sustained bottom response and modeled 80% available storage,threshold times use event-average strip flow; start/end readings are contextual
2024,2024-09-07_S1_S2_b15b9a0a,S2,S1_S2,control,2024-09-07 08:23:00,2024-09-07 16:16:00,53000.0,True,,29224.42,74231.44,45007.02,0.0,7992.98,7992.98,1.18,True,nominal_47ft_strip_by_centerline_zone_length,three 6-inch layers spanning approximately 3-21 inches,modeled water not retained; not measured runoff,7.88,6723.0,112.1,224.1,190.0,210.0,1.0,,2024-09-07 09:45:00,1.37,2024-09-07 09:45:00,1.37,True,2024-09-07 09:45:00,1.37,2024-09-07 09:30:00,1.12,2024-09-07 09:30:00,1.12,True,2024-09-07 09:30:00,1.12,2024-09-07 11:30:00,3.12,2024-09-07 11:45:00,3.37,True,2024-09-07 11:45:00,3.37,3.35,2024-09-07 11:43:50.072289158,True,5.36,2024-09-07 13:44:20.115662652,True,6.03,2024-09-07 14:24:30.130120480,True,6.69,2024-09-07 15:04:40.144578313,True,9188.1,0.2,7507.35,0.17,20953.35,0.47,2024-09-07 13:44:20.115662592,True,True,2.53,16994.03,1.19,7992.63,5709.16,1013.84,0.15,later of earliest sustained bottom response and modeled 80% available storage,threshold times use event-average strip flow; start/end readings are contextual
2024,2024-09-20_S3_S4_032d9e33,S3,S3_S4,biochar,2024-09-20 14:27:00,2024-09-20 17:52:00,16450.0,False,one_or_more_sensor_events_not_trustworthy,,,,,,,,,nominal_47ft_strip_by_centerline_zone_length,three 6-inch layers spanning approximately 3-21 inches,modeled water not retained; not measured runoff,3.42,4814.6,80.2,160.5,190.0,200.0,1.0,Had issues with linear which forced me to interupt watering session.,2024-09-20 15:15:00,0.8,2024-09-20 15:15:00,0.8,True,2024-09-20 15:30:00,1.05,2024-09-20 23:00:00,8.55,2024-09-20 23:00:00,8.55,True,2024-09-20 23:15:00,8.8,2024-09-20 17:00:00,2.55,2024-09-20 17:00:00,2.55,True,2024-09-20 17:45:00,3.3,,,,,,,,,,,,,,,,,,,,False,,,,,,,,,later of earliest sustained bottom response and modeled 80% available storage,threshold times use event-average strip flow; start/end readings are contextual
2024,2024-09-20_S3_S4_032d9e33,S4,S3_S4,control,2024-09-20 14:27:00,2024-09-20 17:52:00,16450.0,False,one_or_more_sensor_events_not_trustworthy,,,,,,,,,nominal_47ft_strip_by_centerline_zone_length,three 6-inch layers spanning approximately 3-21 inches,modeled water not retained; not measured runoff,3.42,4814.6,80.2,160.5,190.0,200.0,1.0,Had issues with linear which forced me to interupt watering session.,2024-09-20 15:15:00,0.8,2024-09-20 15:15:00,0.8,True,2024-09-20 16:00:00,1.55,,,,,False,,,,,,,False,,,,,,,,,,,,,,,,,,,,,,False,,,,,,,,,later of earliest sustained bottom response and modeled 80% available storage,threshold times use event-average strip flow; start/end readings are contextual
2024,2024-10-04_S3_S4_bf53dc9a,S3,S3_S4,biochar,2024-10-04 11:55:00,2024-10-04 18:02:00,47200.0,False,one_or_more_sensor_events_not_trustworthy,,,,,,,,,nominal_47ft_strip_by_centerline_zone_length,three 6-inch layers spanning approximately 3-21 inches,modeled water not retained; not measured runoff,6.12,7716.6,128.6,257.2,250.0,250.0,1.0,,2024-10-04 12:30:00,0.58,2024-10-04 12:30:00,0.58,True,2024-10-04 12:45:00,0.83,2024-10-04 19:30:00,7.58,2024-10-04 19:30:00,7.58,True,2024-10-04 19:45:00,7.83,2024-10-04 13:30:00,1.58,2024-10-04 13:30:00,1.58,True,2024-10-04 14:00:00,2.08,,,,,,,,,,,,,,,,,,,,False,,,,,,,,,later of earliest sustained bottom response and modeled 80% available storage,threshold times use event-average strip flow; start/end readings are contextual
2024,2024-10-04_S3_S4_bf53dc9a,S4,S3_S4,control,2024-10-04 11:55:00,2024-10-04 18:02:00,47200.0,True,,30089.58,68363.11,38273.53,0.0,8926.47,8926.47,1.23,True,nominal_47ft_strip_by_centerline_zone_length,three 6-inch layers spanning approximately 3-21 inches,modeled water not retained; not measured runoff,6.12,7716.6,128.6,257.2,250.0,250.0,1.0,,2024-10-04 12:30:00,0.58,2024-10-04 12:30:00,0.58,True,2024-10-04 12:30:00,0.58,2024-10-04 14:45:00,2.83,2024-10-04 14:45:00,2.83,True,2024-10-04 15:45:00,3.83,2024-10-04 16:15:00,4.33,2024-10-04 16:15:00,4.33,True,2024-10-04 19:00:00,7.08,2.48,2024-10-04 14:23:47.811989737,True,3.97,2024-10-04 15:53:04.499183578,True,4.46,2024-10-04 16:22:50.061581524,True,4.96,2024-10-04 16:52:35.623979474,True,4501.35,0.12,21863.7,0.57,33438.6,0.87,2024-10-04 16:15:00.000000000,True,True,1.78,13761.27,1.16,8926.34,6257.22,1459.38,0.19,later of earliest sustained bottom response and modeled 80% available storage,threshold times use event-average strip flow; start/end readings are contextual
2024,2024-10-18_S3_S4_e3314155,S3,S3_S4,biochar,2024-10-18 09:34:00,2024-10-18 17:17:00,53550.0,False,one_or_more_sensor_events_not_trustworthy,,,,,,,,,nominal_47ft_strip_by_centerline_zone_length,three 6-inch layers spanning approximately 3-21 inches,modeled water not retained; not measured runoff,7.72,6939.5,115.7,231.3,210.0,225.0,1.0,"Performed surface runoff test with acclima sensors. Loggers did not log data, so no results.",2024-10-18 10:15:00,0.68,2024-10-18 10:15:00,0.68,True,2024-10-18 10:15:00,0.68,2024-10-18 17:15:00,7.68,2024-10-18 17:15:00,7.68,True,2024-10-18 17:30:00,7.93,2024-10-18 11:00:00,1.43,2024-10-18 11:00:00,1.43,True,2024-10-18 11:30:00,1.93,,,,,,,,,,,,,,,,,,,,False,,,,,,,,,later of earliest sustained bottom response and modeled 80% available storage,threshold times use event-average strip flow; start/end readings are contextual
2024,2024-10-18_S3_S4_e3314155,S4,S3_S4,control,2024-10-18 09:34:00,2024-10-18 17:17:00,53550.0,False,one_or_more_baselines_missing;one_or_more_sensor_events_not_trustworthy,,,,,,,,,nominal_47ft_strip_by_centerline_zone_length,three 6-inch layers spanning approximately 3-21 inches,modeled water not retained; not measured runoff,7.72,6939.5,115.7,231.3,210.0,225.0,1.0,"Performed surface runoff test with acclima sensors. Loggers did not log data, so no results.",2024-10-18 10:00:00,0.43,2024-10-18 10:00:00,0.43,True,2024-10-18 10:15:00,0.68,2024-10-18 12:30:00,2.93,2024-10-18 12:30:00,2.93,True,2024-10-18 13:45:00,4.18,,,,,False,,,,,,,,,,,,,,,,,,,,,,False,,,,,,,,,later of earliest sustained bottom response and modeled 80% available storage,threshold times use event-average strip flow; start/end readings are contextual
2025,2025-04-20_S1_S2_f3457ada,S1,S1_S2,biochar,2025-04-20 08:15:00,2025-04-21 06:28:00,132300.0,True,,33641.1,76557.57,42916.47,0.0,89383.53,89383.53,3.08,True,nominal_47ft_strip_by_centerline_zone_length,three 6-inch layers spanning approximately 3-21 inches,modeled water not retained; not measured runoff,22.22,5955.0,99.2,198.5,350.0,400.0,0.5,RAN OVERNIGHT. FLOW METER AT 400GPM.,2025-04-20 08:45:00,0.5,2025-04-20 08:45:00,0.5,True,2025-04-20 09:00:00,0.75,2025-04-20 11:30:00,3.25,2025-04-20 11:30:00,3.25,True,2025-04-20 13:15:00,5.0,2025-04-20 14:15:00,6.0,2025-04-20 14:15:00,6.0,True,2025-04-20 15:30:00,7.25,3.6,2025-04-20 11:51:12.232745593,True,5.77,2025-04-20 14:00:55.572392948,True,6.49,2025-04-20 14:44:10.018942065,True,7.21,2025-04-20 15:27:24.465491182,True,2977.5,0.07,19353.75,0.45,35730.0,0.83,2025-04-20 14:15:00.000000000,True,True,16.22,96570.25,15.01,89383.78,1931.72,4023.28,0.68,later of earliest sustained bottom response and modeled 80% available storage,threshold times use event-average strip flow; start/end readings are contextual
2025,2025-04-20_S1_S2_f3457ada,S2,S1_S2,control,2025-04-20 08:15:00,2025-04-21 06:28:00,132300.0,True,,21195.12,74231.44,53036.32,0.0,79263.68,79263.68,2.49,True,nominal_47ft_strip_by_centerline_zone_length,three 6-inch layers spanning approximately 3-21 inches,modeled water not retained; not measured runoff,22.22,5955.0,99.2,198.5,350.0,400.0,0.5,RAN OVERNIGHT. FLOW METER AT 400GPM.,2025-04-20 08:30:00,0.25,2025-04-20 08:30:00,0.25,True,2025-04-20 08:30:00,0.25,2025-04-20 09:30:00,1.25,2025-04-20 09:30:00,1.25,True,2025-04-20 09:30:00,1.25,2025-04-20 12:30:00,4.25,2025-04-20 12:45:00,4.5,True,2025-04-20 12:45:00,4.5,4.45,2025-04-20 12:42:11.129471031,True,7.12,2025-04-20 15:22:29.807153652,True,8.02,2025-04-20 16:15:56.033047857,True,8.91,2025-04-20 17:09:22.258942066,True,1488.75,0.03,7443.75,0.14,25308.75,0.48,2025-04-20 15:22:29.807153664,True,True,15.09,89871.19,13.31,79263.93,2387.23,3567.77,0.6,later of earliest sustained bottom response and modeled 80% available storage,threshold times use event-average strip flow; start/end readings are contextual
2025,2025-04-20_S3_S4_ead0e049,S3,S3_S4,biochar,2025-04-20 08:15:00,2025-04-21 06:28:00,132300.0,False,one_or_more_sensor_events_not_trustworthy,,,,,,,,,nominal_47ft_strip_by_centerline_zone_length,three 6-inch layers spanning approximately 3-21 inches,modeled water not retained; not measured runoff,22.22,5955.0,99.2,198.5,350.0,400.0,0.5,RAN OVERNIGHT. FLOW METER AT 400GPM.,2025-04-20 10:00:00,1.75,2025-04-20 10:00:00,1.75,True,2025-04-20 10:45:00,2.5,2025-04-20 09:30:00,1.25,2025-04-20 09:30:00,1.25,True,2025-04-20 09:45:00,1.5,2025-04-20 10:30:00,2.25,2025-04-20 10:30:00,2.25,True,2025-04-20 10:45:00,2.5,,,,,,,,,,,,,,,,,,,,False,,,,,,,,,later of earliest sustained bottom response and modeled 80% available storage,threshold times use event-average strip flow; start/end readings are contextual
2025,2025-04-20_S3_S4_ead0e049,S4,S3_S4,control,2025-04-20 08:15:00,2025-04-21 06:28:00,132300.0,True,,30337.95,68363.11,38025.16,0.0,94274.84,94274.84,3.48,True,nominal_47ft_strip_by_centerline_zone_length,three 6-inch layers spanning approximately 3-21 inches,modeled water not retained; not measured runoff,22.22,5955.0,99.2,198.5,350.0,400.0,0.5,RAN OVERNIGHT. FLOW METER AT 400GPM.,2025-04-20 09:00:00,0.75,2025-04-20 09:00:00,0.75,True,2025-04-20 09:00:00,0.75,2025-04-20 12:15:00,4.0,2025-04-20 12:45:00,4.5,True,2025-04-20 13:00:00,4.75,2025-04-20 14:45:00,6.5,2025-04-20 14:45:00,6.5,True,2025-04-20 17:45:00,9.5,3.19,2025-04-20 11:26:33.751133502,True,5.11,2025-04-20 13:21:30.001813603,True,5.75,2025-04-20 13:59:48.752040303,True,6.39,2025-04-20 14:38:07.502267004,True,4466.25,0.12,23820.0,0.63,38707.5,1.02,2025-04-20 14:45:00.000000000,True,True,15.72,93592.75,15.83,94275.09,1711.56,4243.44,0.71,later of earliest sustained bottom response and modeled 80% available storage,threshold times use event-average strip flow; start/end readings are contextual
2025,2025-05-02_S3_S4_3cb33cbf,S3,S3_S4,biochar,2025-05-02 19:10:02,2025-05-03 08:21:02,76750.0,False,one_or_more_sensor_events_not_trustworthy,,,,,,,,,nominal_47ft_strip_by_centerline_zone_length,three 6-inch layers spanning approximately 3-21 inches,modeled water not retained; not measured runoff,13.18,5821.74,97.0,194.1,210.0,195.0,1.0,STARTED FRIDAY EVENING RAN OVERNIGHT.,2025-05-02 21:45:00,2.58,2025-05-02 21:45:00,2.58,True,2025-05-02 23:30:00,4.33,2025-05-02 20:15:00,1.08,2025-05-02 20:15:00,1.08,True,2025-05-02 20:30:00,1.33,2025-05-02 21:00:00,1.83,2025-05-02 21:00:00,1.83,True,2025-05-02 21:15:00,2.08,,,,,,,,,,,,,,,,,,,,False,,,,,,,,,later of earliest sustained bottom response and modeled 80% available storage,threshold times use event-average strip flow; start/end readings are contextual
2025,2025-05-02_S3_S4_3cb33cbf,S4,S3_S4,control,2025-05-02 19:10:02,2025-05-03 08:21:02,76750.0,True,,42514.09,68363.11,25849.02,0.0,50900.98,50900.98,2.97,True,nominal_47ft_strip_by_centerline_zone_length,three 6-inch layers spanning approximately 3-21 inches,modeled water not retained; not measured runoff,13.18,5821.74,97.0,194.1,210.0,195.0,1.0,STARTED FRIDAY EVENING RAN OVERNIGHT.,2025-05-02 19:45:00,0.58,2025-05-02 19:45:00,0.58,True,2025-05-02 19:45:00,0.58,2025-05-02 22:15:00,3.08,2025-05-02 22:15:00,3.08,True,2025-05-02 23:00:00,3.83,2025-05-03 02:30:00,7.33,2025-05-03 02:30:00,7.33,True,2025-05-03 04:00:00,8.83,2.22,2025-05-02 21:23:14.145997463,True,3.55,2025-05-02 22:43:09.433595939,True,4.0,2025-05-02 23:09:47.862795431,True,4.44,2025-05-02 23:36:26.291994927,True,3392.78,0.13,17947.15,0.69,42689.56,1.65,2025-05-03 02:30:00.000000000,True,True,5.85,34060.44,8.74,50900.98,1960.74,3861.01,0.66,later of earliest sustained bottom response and modeled 80% available storage,threshold times use event-average strip flow; start/end readings are contextual
2025,2025-05-16_S1_S2_799859ac,S1,S1_S2,biochar,2025-05-16 15:36:41,2025-05-17 07:37:42,92450.0,True,,33757.24,76557.57,42800.33,0.0,49649.67,49649.67,2.16,True,nominal_47ft_strip_by_centerline_zone_length,three 6-inch layers spanning approximately 3-21 inches,modeled water not retained; not measured runoff,16.02,5772.01,96.2,192.4,200.0,190.0,1.0,STARTED FRIDAY EVENING RAN OVERNIGHT.,2025-05-16 16:15:00,0.64,2025-05-16 16:15:00,0.64,True,2025-05-16 17:15:00,1.64,2025-05-16 19:15:00,3.64,2025-05-16 19:15:00,3.64,True,2025-05-16 21:15:00,5.64,2025-05-16 23:15:00,7.64,2025-05-16 23:15:00,7.64,True,2025-05-17 03:15:00,11.64,3.71,2025-05-16 19:19:08.268508797,True,5.93,2025-05-16 21:32:36.629614074,True,6.67,2025-05-16 22:17:06.083315836,True,7.42,2025-05-16 23:01:35.537017594,True,3686.07,0.09,21002.11,0.49,44090.15,1.03,2025-05-16 23:15:00.000000000,True,True,8.38,48359.84,8.6,49649.67,2672.2,3099.81,0.54,later of earliest sustained bottom response and modeled 80% available storage,threshold times use event-average strip flow; start/end readings are contextual
2025,2025-05-16_S1_S2_799859ac,S2,S1_S2,control,2025-05-16 15:36:41,2025-05-17 07:37:42,92450.0,True,,28093.56,74231.44,46137.88,0.0,46312.12,46312.12,2.0,True,nominal_47ft_strip_by_centerline_zone_length,three 6-inch layers spanning approximately 3-21 inches,modeled water not retained; not measured runoff,16.02,5772.01,96.2,192.4,200.0,190.0,1.0,STARTED FRIDAY EVENING RAN OVERNIGHT.,2025-05-16 16:00:00,0.39,2025-05-16 16:00:00,0.39,True,2025-05-16 16:00:00,0.39,2025-05-16 17:00:00,1.39,2025-05-16 17:00:00,1.39,True,2025-05-16 17:00:00,1.39,2025-05-16 19:00:00,3.39,2025-05-16 19:00:00,3.39,True,2025-05-16 19:30:00,3.89,4.0,2025-05-16 19:36:29.082353259,True,6.39,2025-05-16 22:00:21.931765214,True,7.19,2025-05-16 22:48:19.548235868,True,7.99,2025-05-16 23:36:17.164706518,True,2243.07,0.05,8015.08,0.17,19559.1,0.42,2025-05-16 22:00:21.931765248,True,True,9.62,55539.69,8.02,46312.12,2880.57,2891.44,0.5,later of earliest sustained bottom response and modeled 80% available storage,threshold times use event-average strip flow; start/end readings are contextual
2025,2025-05-28_S1_S2_ca363c43,S1,S1_S2,biochar,2025-05-28 18:58:00,2025-05-29 07:30:00,64250.0,True,,50108.6,76557.57,26448.97,0.0,37801.03,37801.03,2.43,True,nominal_47ft_strip_by_centerline_zone_length,three 6-inch layers spanning approximately 3-21 inches,modeled water not retained; not measured runoff,12.53,5126.3,85.4,170.9,205.0,90.0,0.5,WATERED OVERNIGHT.,2025-05-28 19:30:00,0.53,2025-05-28 19:30:00,0.53,True,2025-05-28 20:45:00,1.78,2025-05-28 22:45:00,3.78,2025-05-28 22:45:00,3.78,True,2025-05-28 23:45:00,4.78,2025-05-29 01:45:00,6.78,2025-05-29 01:45:00,6.78,True,2025-05-29 03:45:00,8.78,2.58,2025-05-28 21:32:47.038604840,True,4.13,2025-05-28 23:05:39.261767746,True,4.64,2025-05-28 23:36:36.669488715,True,5.16,2025-05-29 00:07:34.077209684,True,2734.03,0.1,19394.5,0.73,34773.4,1.31,2025-05-29 01:45:00.000000000,True,True,5.75,29476.22,7.37,37800.66,2110.3,3016.0,0.59,later of earliest sustained bottom response and modeled 80% available storage,threshold times use event-average strip flow; start/end readings are contextual
2025,2025-05-28_S1_S2_ca363c43,S2,S1_S2,control,2025-05-28 18:58:00,2025-05-29 07:30:00,64250.0,True,,39249.18,74231.44,34982.26,0.0,29267.74,29267.74,1.84,True,nominal_47ft_strip_by_centerline_zone_length,three 6-inch layers spanning approximately 3-21 inches,modeled water not retained; not measured runoff,12.53,5126.3,85.4,170.9,205.0,90.0,0.5,WATERED OVERNIGHT.,2025-05-28 19:15:00,0.28,2025-05-28 19:15:00,0.28,True,2025-05-28 19:15:00,0.28,2025-05-28 20:15:00,1.28,2025-05-28 20:15:00,1.28,True,2025-05-28 20:15:00,1.28,2025-05-28 22:00:00,3.03,2025-05-28 22:45:00,3.78,True,2025-05-28 22:45:00,3.78,3.41,2025-05-28 22:22:43.336519516,True,5.46,2025-05-29 00:25:33.338431227,True,6.14,2025-05-29 01:06:30.005735132,True,6.82,2025-05-29 01:47:26.673039033,True,1452.45,0.04,6578.75,0.19,15549.78,0.44,2025-05-29 00:25:33.338431232,True,True,7.07,36263.82,5.71,29267.37,2791.15,2335.15,0.46,later of earliest sustained bottom response and modeled 80% available storage,threshold times use event-average strip flow; start/end readings are contextual
2025,2025-05-28_S3_S4_120d46ab,S3,S3_S4,biochar,2025-05-28 18:58:00,2025-05-29 07:30:00,64250.0,False,one_or_more_sensor_events_not_trustworthy,,,,,,,,,nominal_47ft_strip_by_centerline_zone_length,three 6-inch layers spanning approximately 3-21 inches,modeled water not retained; not measured runoff,12.53,5126.3,85.4,170.9,205.0,90.0,0.5,WATERED OVERNIGHT.,2025-05-28 23:30:00,4.53,2025-05-28 23:30:00,4.53,True,2025-05-29 02:30:00,7.53,2025-05-28 20:15:00,1.28,2025-05-28 20:15:00,1.28,True,2025-05-28 20:30:00,1.53,2025-05-28 20:45:00,1.78,2025-05-28 21:15:00,2.28,True,2025-05-28 21:30:00,2.53,,,,,,,,,,,,,,,,,,,,False,,,,,,,,,later of earliest sustained bottom response and modeled 80% available storage,threshold times use event-average strip flow; start/end readings are contextual
2025,2025-05-28_S3_S4_120d46ab,S4,S3_S4,control,2025-05-28 18:58:00,2025-05-29 07:30:00,64250.0,False,one_or_more_sensor_events_not_trustworthy,,,,,,,,,nominal_47ft_strip_by_centerline_zone_length,three 6-inch layers spanning approximately 3-21 inches,modeled water not retained; not measured runoff,12.53,5126.3,85.4,170.9,205.0,90.0,0.5,WATERED OVERNIGHT.,2025-05-28 19:30:00,0.53,2025-05-28 19:30:00,0.53,True,2025-05-28 19:30:00,0.53,2025-05-28 22:15:00,3.28,2025-05-28 23:00:00,4.03,True,2025-05-29 00:45:00,5.78,2025-05-29 00:45:00,5.78,2025-05-29 00:45:00,5.78,False,,,,,,,,,,,,,,,,,,,,,,False,,,,,,,,,later of earliest sustained bottom response and modeled 80% available storage,threshold times use event-average strip flow; start/end readings are contextual
2025,2025-06-13_S3_S4_29345c78,S3,S3_S4,biochar,2025-06-13 10:49:00,2025-06-13 19:16:00,56900.0,False,one_or_more_sensor_events_not_trustworthy,,,,,,,,,nominal_47ft_strip_by_centerline_zone_length,three 6-inch layers spanning approximately 3-21 inches,modeled water not retained; not measured runoff,8.45,6733.7,112.2,224.5,200.0,225.0,1.0,STAFF TURNED ON VALVE TEMPORARILY WHEN REPAIRING A NEARBY VALVE: REASON FOR METER GALLONS DISCREPANCY.,2025-06-13 12:45:00,1.93,2025-06-13 12:45:00,1.93,True,2025-06-13 14:45:00,3.93,2025-06-13 11:45:00,0.93,2025-06-13 11:45:00,0.93,True,2025-06-13 12:00:00,1.18,2025-06-13 13:15:00,2.43,2025-06-13 13:15:00,2.43,True,2025-06-13 13:15:00,2.43,,,,,,,,,,,,,,,,,,,,False,,,,,,,,,later of earliest sustained bottom response and modeled 80% available storage,threshold times use event-average strip flow; start/end readings are contextual
2025,2025-06-13_S3_S4_29345c78,S4,S3_S4,control,2025-06-13 10:49:00,2025-06-13 19:16:00,56900.0,True,,43815.24,68363.11,24547.88,0.0,32352.12,32352.12,2.32,True,nominal_47ft_strip_by_centerline_zone_length,three 6-inch layers spanning approximately 3-21 inches,modeled water not retained; not measured runoff,8.45,6733.7,112.2,224.5,200.0,225.0,1.0,STAFF TURNED ON VALVE TEMPORARILY WHEN REPAIRING A NEARBY VALVE: REASON FOR METER GALLONS DISCREPANCY.,2025-06-13 11:15:00,0.43,2025-06-13 11:15:00,0.43,True,2025-06-13 11:15:00,0.43,2025-06-13 14:00:00,3.18,2025-06-13 14:00:00,3.18,True,2025-06-13 14:30:00,3.68,2025-06-13 15:00:00,4.18,2025-06-13 15:45:00,4.93,True,2025-06-13 17:15:00,6.43,1.82,2025-06-13 12:38:21.947220696,True,2.92,2025-06-13 13:43:59.115553113,True,3.28,2025-06-13 14:05:51.504997252,True,3.65,2025-06-13 14:27:43.894441392,True,2917.94,0.12,21435.61,0.87,28169.31,1.15,2025-06-13 15:00:00.000000000,True,True,4.27,28730.45,4.8,32351.88,2905.07,3828.63,0.57,later of earliest sustained bottom response and modeled 80% available storage,threshold times use event-average strip flow; start/end readings are contextual
2025,2025-06-27_S1_S2_ff537961,S1,S1_S2,biochar,2025-06-27 15:33:00,2025-06-28 07:49:00,95500.0,False,one_or_more_sensor_events_not_trustworthy,,,,,,,,,nominal_47ft_strip_by_centerline_zone_length,three 6-inch layers spanning approximately 3-21 inches,modeled water not retained; not measured runoff,16.27,5870.9,97.8,195.7,210.0,200.0,1.0,RAN OVERNIGHT.,2025-06-27 16:15:00,0.7,2025-06-27 16:15:00,0.7,True,2025-06-27 16:15:00,0.7,2025-06-27 19:15:00,3.7,2025-06-27 19:15:00,3.7,True,2025-06-27 20:30:00,4.95,2025-06-27 23:45:00,8.2,2025-06-27 23:45:00,8.2,True,2025-06-28 01:00:00,9.45,,,,,,,,,,,,,,,,,,,,False,,,,,,,,,later of earliest sustained bottom response and modeled 80% available storage,threshold times use event-average strip flow; start/end readings are contextual
2025,2025-06-27_S1_S2_ff537961,S2,S1_S2,control,2025-06-27 15:33:00,2025-06-28 07:49:00,95500.0,False,one_or_more_sensor_events_not_trustworthy,,,,,,,,,nominal_47ft_strip_by_centerline_zone_length,three 6-inch layers spanning approximately 3-21 inches,modeled water not retained; not measured runoff,16.27,5870.9,97.8,195.7,210.0,200.0,1.0,RAN OVERNIGHT.,2025-06-27 16:00:00,0.45,2025-06-27 16:00:00,0.45,True,2025-06-27 16:00:00,0.45,2025-06-27 17:00:00,1.45,2025-06-27 17:00:00,1.45,True,2025-06-27 17:00:00,1.45,2025-06-27 18:30:00,2.95,2025-06-27 18:30:00,2.95,True,2025-06-27 19:15:00,3.7,,,,,,,,,,,,,,,,,,,,False,,,,,,,,,later of earliest sustained bottom response and modeled 80% available storage,threshold times use event-average strip flow; start/end readings are contextual
2025,2025-06-28_S3_S4_d9252a87,S3,S3_S4,biochar,2025-06-28 08:50:00,2025-06-28 16:15:00,43550.0,False,one_or_more_sensor_events_not_trustworthy,,,,,,,,,nominal_47ft_strip_by_centerline_zone_length,three 6-inch layers spanning approximately 3-21 inches,modeled water not retained; not measured runoff,7.42,5871.9,97.9,195.7,200.0,120.0,1.0,,2025-06-28 11:15:00,2.42,2025-06-28 11:15:00,2.42,True,2025-06-28 14:00:00,5.17,2025-06-28 09:30:00,0.67,2025-06-28 10:15:00,1.42,True,2025-06-28 10:15:00,1.42,2025-06-28 11:00:00,2.17,2025-06-28 11:45:00,2.92,False,,,,,,,,,,,,,,,,,,,,,,False,,,,,,,,,later of earliest sustained bottom response and modeled 80% available storage,threshold times use event-average strip flow; start/end readings are contextual
2025,2025-06-28_S3_S4_d9252a87,S4,S3_S4,control,2025-06-28 08:50:00,2025-06-28 16:15:00,43550.0,False,one_or_more_sensor_events_not_trustworthy,,,,,,,,,nominal_47ft_strip_by_centerline_zone_length,three 6-inch layers spanning approximately 3-21 inches,modeled water not retained; not measured runoff,7.42,5871.9,97.9,195.7,200.0,120.0,1.0,,2025-06-28 09:15:00,0.42,2025-06-28 09:30:00,0.67,True,2025-06-28 09:30:00,0.67,2025-06-28 11:15:00,2.42,2025-06-28 12:00:00,3.17,True,2025-06-28 12:00:00,3.17,2025-06-28 11:45:00,2.92,2025-06-28 11:45:00,2.92,False,,,,,,,,,,,,,,,,,,,,,,False,,,,,,,,,later of earliest sustained bottom response and modeled 80% available storage,threshold times use event-average strip flow; start/end readings are contextual
2025,2025-07-11_S3_S4_e179d57e,S3,S3_S4,biochar,2025-07-11 08:30:00,2025-07-11 18:12:00,46400.0,False,one_or_more_sensor_events_not_trustworthy,,,,,,,,,nominal_47ft_strip_by_centerline_zone_length,three 6-inch layers spanning approximately 3-21 inches,modeled water not retained; not measured runoff,9.7,4783.5,79.7,159.5,190.0,180.0,1.0,,2025-07-11 11:00:00,2.5,2025-07-11 11:00:00,2.5,True,2025-07-11 13:15:00,4.75,2025-07-11 09:45:00,1.25,2025-07-11 09:45:00,1.25,True,2025-07-11 10:00:00,1.5,2025-07-11 11:15:00,2.75,2025-07-11 11:15:00,2.75,True,2025-07-11 11:30:00,3.0,,,,,,,,,,,,,,,,,,,,False,,,,,,,,,later of earliest sustained bottom response and modeled 80% available storage,threshold times use event-average strip flow; start/end readings are contextual
2025,2025-07-11_S3_S4_e179d57e,S4,S3_S4,control,2025-07-11 08:30:00,2025-07-11 18:12:00,46400.0,True,,50183.86,68363.11,18179.25,0.0,28220.75,28220.75,2.55,True,nominal_47ft_strip_by_centerline_zone_length,three 6-inch layers spanning approximately 3-21 inches,modeled water not retained; not measured runoff,9.7,4783.5,79.7,159.5,190.0,180.0,1.0,,2025-07-11 09:00:00,0.5,2025-07-11 09:00:00,0.5,True,2025-07-11 09:00:00,0.5,2025-07-11 11:30:00,3.0,2025-07-11 12:00:00,3.5,True,2025-07-11 12:00:00,3.5,2025-07-11 12:15:00,3.75,2025-07-11 12:45:00,4.25,True,2025-07-11 12:45:00,4.25,1.9,2025-07-11 10:24:00.733772343,True,3.04,2025-07-11 11:32:25.174035747,True,3.42,2025-07-11 11:55:13.320790215,True,3.8,2025-07-11 12:18:01.467544683,True,2391.75,0.13,14350.5,0.79,17938.12,0.99,2025-07-11 12:15:00.000000000,True,True,5.95,28461.82,5.9,28220.7,1874.15,2909.35,0.61,later of earliest sustained bottom response and modeled 80% available storage,threshold times use event-average strip flow; start/end readings are contextual
2025,2025-07-26_S1_S2_98e2053f,S1,S1_S2,biochar,2025-07-26 08:45:00,2025-07-26 17:50:00,53225.0,True,,33264.32,76557.57,43293.26,0.0,9931.74,9931.74,1.23,True,nominal_47ft_strip_by_centerline_zone_length,three 6-inch layers spanning approximately 3-21 inches,modeled water not retained; not measured runoff,9.08,5859.6,97.7,195.3,350.0,290.0,0.5,,2025-07-26 09:15:00,0.5,2025-07-26 09:15:00,0.5,True,2025-07-26 09:30:00,0.75,2025-07-26 11:30:00,2.75,2025-07-26 11:30:00,2.75,True,2025-07-26 12:45:00,4.0,2025-07-26 15:00:00,6.25,2025-07-26 15:00:00,6.25,True,2025-07-26 15:30:00,6.75,3.69,2025-07-26 12:26:39.178783536,True,5.91,2025-07-26 14:39:38.686053654,True,6.65,2025-07-26 15:23:58.521810361,True,7.39,2025-07-26 16:08:18.357567068,True,2929.8,0.07,16113.9,0.37,36622.5,0.85,2025-07-26 15:00:00.000000000,True,True,2.83,16602.2,1.69,9931.44,4766.25,1093.35,0.19,later of earliest sustained bottom response and modeled 80% available storage,threshold times use event-average strip flow; start/end readings are contextual
2025,2025-07-26_S1_S2_98e2053f,S2,S1_S2,control,2025-07-26 08:45:00,2025-07-26 17:50:00,53225.0,True,,34347.57,74231.44,39883.88,0.0,13341.12,13341.12,1.33,True,nominal_47ft_strip_by_centerline_zone_length,three 6-inch layers spanning approximately 3-21 inches,modeled water not retained; not measured runoff,9.08,5859.6,97.7,195.3,350.0,290.0,0.5,,2025-07-26 09:15:00,0.5,2025-07-26 09:15:00,0.5,False,,,2025-07-26 10:00:00,1.25,2025-07-26 10:00:00,1.25,True,2025-07-26 10:00:00,1.25,2025-07-26 12:15:00,3.5,2025-07-26 12:15:00,3.5,True,2025-07-26 12:30:00,3.75,3.4,2025-07-26 12:09:11.857464673,True,5.45,2025-07-26 14:11:42.971943476,True,6.13,2025-07-26 14:52:33.343436413,True,6.81,2025-07-26 15:33:23.714929346,True,2929.8,0.07,7324.5,0.18,20508.6,0.51,2025-07-26 14:11:42.971943424,True,True,3.64,21317.6,2.28,13340.82,4390.9,1468.7,0.25,later of earliest sustained bottom response and modeled 80% available storage,threshold times use event-average strip flow; start/end readings are contextual
2025,2025-07-26_S3_S4_b4053dcf,S3,S3_S4,biochar,2025-07-26 08:45:00,2025-07-26 17:50:00,53225.0,False,one_or_more_sensor_events_not_trustworthy,,,,,,,,,nominal_47ft_strip_by_centerline_zone_length,three 6-inch layers spanning approximately 3-21 inches,modeled water not retained; not measured runoff,9.08,5859.6,97.7,195.3,350.0,290.0,0.5,,2025-07-26 11:45:00,3.0,2025-07-26 11:45:00,3.0,True,2025-07-26 16:00:00,7.25,2025-07-26 10:15:00,1.5,2025-07-26 10:15:00,1.5,True,2025-07-26 10:15:00,1.5,2025-07-26 12:15:00,3.5,2025-07-26 12:15:00,3.5,True,2025-07-26 13:00:00,4.25,,,,,,,,,,,,,,,,,,,,False,,,,,,,,,later of earliest sustained bottom response and modeled 80% available storage,threshold times use event-average strip flow; start/end readings are contextual
2025,2025-07-26_S3_S4_b4053dcf,S4,S3_S4,control,2025-07-26 08:45:00,2025-07-26 17:50:00,53225.0,True,,39513.66,68363.11,28849.45,0.0,24375.55,24375.55,1.84,True,nominal_47ft_strip_by_centerline_zone_length,three 6-inch layers spanning approximately 3-21 inches,modeled water not retained; not measured runoff,9.08,5859.6,97.7,195.3,350.0,290.0,0.5,,2025-07-26 09:30:00,0.75,2025-07-26 09:30:00,0.75,True,2025-07-26 09:30:00,0.75,2025-07-26 12:45:00,4.0,2025-07-26 12:45:00,4.0,True,2025-07-26 13:45:00,5.0,2025-07-26 16:30:00,7.75,2025-07-26 16:30:00,7.75,True,2025-07-26 18:00:00,9.25,2.46,2025-07-26 11:12:42.210731109,True,3.94,2025-07-26 12:41:19.537169773,True,4.43,2025-07-26 13:10:51.979315994,True,4.92,2025-07-26 13:40:24.421462215,True,4394.7,0.15,23438.4,0.81,45411.9,1.57,2025-07-26 16:30:00.000000000,True,True,1.33,7812.8,4.16,24375.25,3176.1,2683.5,0.46,later of earliest sustained bottom response and modeled 80% available storage,threshold times use event-average strip flow; start/end readings are contextual
2025,2025-08-08_S3_S4_7c793582,S3,S3_S4,biochar,2025-08-08 13:14:00,2025-08-08 19:28:00,38750.0,True,,45304.23,68190.0,22885.77,0.0,15864.23,15864.23,1.69,True,nominal_47ft_strip_by_centerline_zone_length,three 6-inch layers spanning approximately 3-21 inches,modeled water not retained; not measured runoff,6.23,6216.6,103.6,207.2,150.0,240.0,1.0,,2025-08-08 15:45:00,2.52,2025-08-08 15:45:00,2.52,False,,,2025-08-08 14:45:00,1.52,2025-08-08 14:45:00,1.52,True,2025-08-08 14:45:00,1.52,2025-08-08 16:30:00,3.27,2025-08-08 16:30:00,3.27,True,2025-08-08 17:00:00,3.77,1.84,2025-08-08 15:04:26.513850015,True,2.95,2025-08-08 16:10:42.422160022,True,3.31,2025-08-08 16:32:47.724930025,True,3.68,2025-08-08 16:54:53.027700027,True,15645.11,0.68,9428.51,0.41,20307.56,0.89,2025-08-08 16:30:00.000000000,True,True,2.97,18442.58,2.55,15864.37,3671.53,2545.07,0.41,later of earliest sustained bottom response and modeled 80% available storage,threshold times use event-average strip flow; start/end readings are contextual
2025,2025-08-08_S3_S4_7c793582,S4,S3_S4,control,2025-08-08 13:14:00,2025-08-08 19:28:00,38750.0,True,,45403.38,68363.11,22959.74,0.0,15790.26,15790.26,1.69,True,nominal_47ft_strip_by_centerline_zone_length,three 6-inch layers spanning approximately 3-21 inches,modeled water not retained; not measured runoff,6.23,6216.6,103.6,207.2,150.0,240.0,1.0,,2025-08-08 13:45:00,0.52,2025-08-08 14:00:00,0.77,True,2025-08-08 14:00:00,0.77,2025-08-08 16:30:00,3.27,2025-08-08 16:30:00,3.27,True,2025-08-08 17:00:00,3.77,2025-08-08 20:00:00,6.77,2025-08-08 20:00:00,6.77,False,,,1.85,2025-08-08 15:04:47.931666828,True,2.95,2025-08-08 16:11:16.690666924,True,3.32,2025-08-08 16:33:26.277000290,True,3.69,2025-08-08 16:55:35.863333656,True,3211.91,0.14,20307.56,0.88,42065.66,1.83,2025-08-08 20:00:00.000000000,True,False,,,2.54,15790.4,3683.4,2533.2,0.41,later of earliest sustained bottom response and modeled 80% available storage,threshold times use event-average strip flow; start/end readings are contextual
2025,2025-08-22_S1_S2_9f8675d7,S1,S1_S2,biochar,2025-08-22 09:07:00,2025-08-22 19:04:00,30625.0,True,,32166.27,76557.57,44391.3,0.0,-13766.3,0.0,0.69,False,nominal_47ft_strip_by_centerline_zone_length,three 6-inch layers spanning approximately 3-21 inches,modeled water not retained; not measured runoff,9.95,3077.9,51.3,102.6,200.0,300.0,0.5,TURNED OFF FROM APX. 9:45AM - 11AM FOR SYSTEM REPAIRS.,2025-08-22 10:15:00,1.13,2025-08-22 10:15:00,1.13,True,2025-08-22 13:00:00,3.88,2025-08-22 15:45:00,6.63,2025-08-22 15:45:00,6.63,True,2025-08-22 17:00:00,7.88,2025-08-22 19:45:00,10.63,2025-08-22 19:45:00,10.63,True,2025-08-22 23:00:00,13.88,7.21,2025-08-22 16:19:40.667987912,True,11.54,2025-08-22 20:39:17.068780662,False,12.98,2025-08-22 22:05:49.202378245,False,14.42,2025-08-22 23:32:21.335975828,False,3488.29,0.08,20416.74,0.46,32728.34,0.74,2025-08-22 20:39:17.068780544,True,False,,,,,4461.44,0.0,0.0,later of earliest sustained bottom response and modeled 80% available storage,threshold times use event-average strip flow; start/end readings are contextual
2025,2025-08-22_S1_S2_9f8675d7,S2,S1_S2,control,2025-08-22 09:07:00,2025-08-22 19:04:00,30625.0,True,,33088.91,74231.44,41142.53,0.0,-10517.53,0.0,0.74,False,nominal_47ft_strip_by_centerline_zone_length,three 6-inch layers spanning approximately 3-21 inches,modeled water not retained; not measured runoff,9.95,3077.9,51.3,102.6,200.0,300.0,0.5,TURNED OFF FROM APX. 9:45AM - 11AM FOR SYSTEM REPAIRS.,2025-08-22 09:30:00,0.38,2025-08-22 09:45:00,0.63,True,2025-08-22 09:45:00,0.63,2025-08-22 13:30:00,4.38,2025-08-22 13:30:00,4.38,True,2025-08-22 13:30:00,4.38,2025-08-22 14:30:00,5.38,2025-08-22 14:30:00,5.38,True,2025-08-22 15:15:00,6.13,6.68,2025-08-22 15:48:00.740764806,True,10.69,2025-08-22 19:48:37.185223693,False,12.03,2025-08-22 21:08:49.333376654,False,13.37,2025-08-22 22:29:01.481529615,False,1179.86,0.03,13491.46,0.33,16569.36,0.4,2025-08-22 19:48:37.185223680,True,False,,,,,4134.93,0.0,0.0,later of earliest sustained bottom response and modeled 80% available storage,threshold times use event-average strip flow; start/end readings are contextual
2025,2025-08-22_S3_S4_1b405e4b,S3,S3_S4,biochar,2025-08-22 09:07:00,2025-08-22 19:04:00,30625.0,False,one_or_more_sensor_events_not_trustworthy,,,,,,,,,nominal_47ft_strip_by_centerline_zone_length,three 6-inch layers spanning approximately 3-21 inches,modeled water not retained; not measured runoff,9.95,3077.9,51.3,102.6,200.0,300.0,0.5,TURNED OFF FROM APX. 9:45AM - 11AM FOR SYSTEM REPAIRS.,2025-08-22 16:15:00,7.13,2025-08-22 16:15:00,7.13,False,,,2025-08-22 14:30:00,5.38,2025-08-22 14:30:00,5.38,True,2025-08-22 14:30:00,5.38,2025-08-22 16:30:00,7.38,2025-08-22 16:30:00,7.38,True,2025-08-22 18:15:00,9.13,,,,,,,,,,,,,,,,,,,,False,,,,,,,,,later of earliest sustained bottom response and modeled 80% available storage,threshold times use event-average strip flow; start/end readings are contextual
2025,2025-08-22_S3_S4_1b405e4b,S4,S3_S4,control,2025-08-22 09:07:00,2025-08-22 19:04:00,30625.0,True,,36769.22,68363.11,31593.9,0.0,-968.9,0.0,0.97,False,nominal_47ft_strip_by_centerline_zone_length,three 6-inch layers spanning approximately 3-21 inches,modeled water not retained; not measured runoff,9.95,3077.9,51.3,102.6,200.0,300.0,0.5,TURNED OFF FROM APX. 9:45AM - 11AM FOR SYSTEM REPAIRS.,2025-08-22 13:15:00,4.13,2025-08-22 13:15:00,4.13,True,2025-08-22 13:30:00,4.38,2025-08-22 17:30:00,8.38,2025-08-22 17:30:00,8.38,True,2025-08-22 18:45:00,9.63,,,,,False,,,5.13,2025-08-22 14:14:56.565190552,True,8.21,2025-08-22 17:19:42.504304881,True,9.24,2025-08-22 18:21:17.817342993,True,10.26,2025-08-22 19:22:53.130381105,False,12721.99,0.4,25803.06,0.82,,,,False,,,,,,3175.27,0.0,0.0,later of earliest sustained bottom response and modeled 80% available storage,threshold times use event-average strip flow; start/end readings are contextual
2025,2025-09-20_S1_S2_81d8ab0f,S1,S1_S2,biochar,2025-09-20 10:42:00,2025-09-20 17:31:00,86100.0,True,,35940.75,76557.57,40616.82,0.0,45483.18,45483.18,2.12,True,nominal_47ft_strip_by_centerline_zone_length,three 6-inch layers spanning approximately 3-21 inches,modeled water not retained; not measured runoff,6.82,12630.8,210.5,421.0,160.0,175.0,0.5,WATERED AT THE SAME TIME.,2025-09-20 11:15:00,0.55,2025-09-20 11:15:00,0.55,True,2025-09-20 12:30:00,1.8,2025-09-20 13:45:00,3.05,2025-09-20 13:45:00,3.05,True,2025-09-20 14:15:00,3.55,2025-09-20 16:15:00,5.55,2025-09-20 16:15:00,5.55,True,2025-09-20 18:15:00,7.55,1.61,2025-09-20 12:18:28.253792318,True,2.57,2025-09-20 13:16:21.206067708,True,2.89,2025-09-20 13:35:38.856826172,True,3.22,2025-09-20 13:54:56.507584633,True,6946.94,0.17,38523.94,0.95,70100.94,1.73,2025-09-20 16:15:00.000000000,True,True,1.27,15999.01,3.6,45483.13,5958.43,6672.37,0.53,later of earliest sustained bottom response and modeled 80% available storage,threshold times use event-average strip flow; start/end readings are contextual
2025,2025-09-20_S1_S2_81d8ab0f,S2,S1_S2,control,2025-09-20 10:42:00,2025-09-20 17:31:00,86100.0,True,,35789.29,74231.44,38442.15,0.0,47657.85,47657.85,2.24,True,nominal_47ft_strip_by_centerline_zone_length,three 6-inch layers spanning approximately 3-21 inches,modeled water not retained; not measured runoff,6.82,12630.8,210.5,421.0,160.0,175.0,0.5,WATERED AT THE SAME TIME.,2025-09-20 11:00:00,0.3,2025-09-20 11:00:00,0.3,True,2025-09-20 11:00:00,0.3,2025-09-20 11:45:00,1.05,2025-09-20 11:45:00,1.05,True,2025-09-20 11:45:00,1.05,2025-09-20 12:45:00,2.05,2025-09-20 12:45:00,2.05,True,2025-09-20 12:45:00,2.05,1.52,2025-09-20 12:13:18.344206225,True,2.43,2025-09-20 13:08:05.350729963,True,2.74,2025-09-20 13:26:21.019571206,True,3.04,2025-09-20 13:44:36.688412450,True,3789.24,0.1,13262.34,0.34,25893.14,0.67,2025-09-20 13:08:05.350729984,True,True,4.38,55346.23,3.77,47657.8,5639.41,6991.39,0.55,later of earliest sustained bottom response and modeled 80% available storage,threshold times use event-average strip flow; start/end readings are contextual
2025,2025-09-20_S3_S4_f86ee2c5,S3,S3_S4,biochar,2025-09-20 10:42:00,2025-09-20 17:31:00,86100.0,False,one_or_more_sensor_events_not_trustworthy,,,,,,,,,nominal_47ft_strip_by_centerline_zone_length,three 6-inch layers spanning approximately 3-21 inches,modeled water not retained; not measured runoff,6.82,12630.8,210.5,421.0,160.0,175.0,0.5,WATERED AT THE SAME TIME.,2025-09-20 14:00:00,3.3,2025-09-20 14:00:00,3.3,False,,,2025-09-20 12:15:00,1.55,2025-09-20 12:15:00,1.55,True,2025-09-20 12:30:00,1.8,2025-09-20 13:45:00,3.05,2025-09-20 13:45:00,3.05,True,2025-09-20 14:15:00,3.55,,,,,,,,,,,,,,,,,,,,False,,,,,,,,,later of earliest sustained bottom response and modeled 80% available storage,threshold times use event-average strip flow; start/end readings are contextual
2025,2025-09-20_S3_S4_f86ee2c5,S4,S3_S4,control,2025-09-20 10:42:00,2025-09-20 17:31:00,86100.0,True,,48729.51,68363.11,19633.6,0.0,66466.4,66466.4,4.39,True,nominal_47ft_strip_by_centerline_zone_length,three 6-inch layers spanning approximately 3-21 inches,modeled water not retained; not measured runoff,6.82,12630.8,210.5,421.0,160.0,175.0,0.5,WATERED AT THE SAME TIME.,2025-09-20 11:15:00,0.55,2025-09-20 11:15:00,0.55,True,2025-09-20 11:15:00,0.55,2025-09-20 14:15:00,3.55,2025-09-20 14:30:00,3.8,True,2025-09-20 14:30:00,3.8,2025-09-20 14:15:00,3.55,2025-09-20 14:15:00,3.55,True,2025-09-20 14:45:00,4.05,0.78,2025-09-20 11:28:37.960540899,True,1.24,2025-09-20 11:56:36.736865440,True,1.4,2025-09-20 12:05:56.328973620,True,1.55,2025-09-20 12:15:15.921081799,True,6946.94,0.35,44839.34,2.28,44839.34,2.28,2025-09-20 14:15:00.000000000,True,True,3.27,41260.61,5.26,66466.35,2880.22,9750.58,0.77,later of earliest sustained bottom response and modeled 80% available storage,threshold times use event-average strip flow; start/end readings are contextual
2025,2025-10-04_S3_S4_4439230e,S3,S3_S4,biochar,2025-10-04 10:12:00,2025-10-04 17:06:00,51800.0,False,one_or_more_sensor_events_not_trustworthy,,,,,,,,,nominal_47ft_strip_by_centerline_zone_length,three 6-inch layers spanning approximately 3-21 inches,modeled water not retained; not measured runoff,6.9,7507.2,125.1,250.2,250.0,250.0,1.0,,2025-10-04 14:00:00,3.8,2025-10-04 14:00:00,3.8,False,,,2025-10-04 11:15:00,1.05,2025-10-04 11:15:00,1.05,True,2025-10-04 11:15:00,1.05,2025-10-04 12:15:00,2.05,2025-10-04 12:15:00,2.05,True,2025-10-04 12:45:00,2.55,,,,,,,,,,,,,,,,,,,,False,,,,,,,,,later of earliest sustained bottom response and modeled 80% available storage,threshold times use event-average strip flow; start/end readings are contextual
2025,2025-10-04_S3_S4_4439230e,S4,S3_S4,control,2025-10-04 10:12:00,2025-10-04 17:06:00,51800.0,True,,45601.49,68363.11,22761.62,0.0,29038.38,29038.38,2.28,True,nominal_47ft_strip_by_centerline_zone_length,three 6-inch layers spanning approximately 3-21 inches,modeled water not retained; not measured runoff,6.9,7507.2,125.1,250.2,250.0,250.0,1.0,,2025-10-04 10:45:00,0.55,2025-10-04 10:45:00,0.55,True,2025-10-04 10:45:00,0.55,2025-10-04 12:15:00,2.05,2025-10-04 12:15:00,2.05,True,2025-10-04 13:15:00,3.05,2025-10-04 18:45:00,8.55,2025-10-04 18:45:00,8.55,False,,,1.52,2025-10-04 11:42:57.549552429,True,2.43,2025-10-04 12:37:32.079283888,True,2.73,2025-10-04 12:55:43.589194374,True,3.03,2025-10-04 13:13:55.099104859,True,4128.96,0.18,15389.76,0.68,64186.56,2.82,2025-10-04 18:45:00.000000000,True,False,,,3.87,29038.06,3298.79,4208.41,0.56,later of earliest sustained bottom response and modeled 80% available storage,threshold times use event-average strip flow; start/end readings are contextual
2026,2026-04-21_S1_S2_001c30f6,S1,S1_S2,biochar,2026-04-21 14:54:00,2026-04-22 08:52:00,110850.0,False,one_or_more_sensor_events_not_trustworthy,,,,,,,,,nominal_47ft_strip_by_centerline_zone_length,three 6-inch layers spanning approximately 3-21 inches,modeled water not retained; not measured runoff,17.97,6169.8,102.8,205.7,410.0,310.0,0.5,Ran overnight.,2026-04-21 15:30:00,0.6,2026-04-21 15:30:00,0.6,True,2026-04-21 15:30:00,0.6,2026-04-21 18:30:00,3.6,2026-04-21 18:30:00,3.6,True,2026-04-21 20:45:00,5.85,2026-04-21 23:15:00,8.35,2026-04-21 23:15:00,8.35,True,2026-04-22 02:30:00,11.6,,,,,,,,,,,,,,,,,,,,False,,,,,,,,,later of earliest sustained bottom response and modeled 80% available storage,threshold times use event-average strip flow; start/end readings are contextual
2026,2026-04-21_S1_S2_001c30f6,S2,S1_S2,control,2026-04-21 14:54:00,2026-04-22 08:52:00,110850.0,False,one_or_more_sensor_events_not_trustworthy,,,,,,,,,nominal_47ft_strip_by_centerline_zone_length,three 6-inch layers spanning approximately 3-21 inches,modeled water not retained; not measured runoff,17.97,6169.8,102.8,205.7,410.0,310.0,0.5,Ran overnight.,2026-04-21 15:15:00,0.35,2026-04-21 15:15:00,0.35,True,2026-04-21 15:15:00,0.35,2026-04-21 15:45:00,0.85,2026-04-21 15:45:00,0.85,True,2026-04-21 15:45:00,0.85,2026-04-21 17:45:00,2.85,2026-04-21 17:45:00,2.85,True,2026-04-21 18:00:00,3.1,,,,,,,,,,,,,,,,,,,,False,,,,,,,,,later of earliest sustained bottom response and modeled 80% available storage,threshold times use event-average strip flow; start/end readings are contextual
2026,2026-04-21_S3_S4_ed1ed131,S3,S3_S4,biochar,2026-04-21 14:54:00,2026-04-22 08:52:00,110850.0,False,one_or_more_sensor_events_not_trustworthy,,,,,,,,,nominal_47ft_strip_by_centerline_zone_length,three 6-inch layers spanning approximately 3-21 inches,modeled water not retained; not measured runoff,17.97,6169.8,102.8,205.7,410.0,310.0,0.5,Ran overnight.,2026-04-21 16:15:00,1.35,2026-04-21 16:15:00,1.35,True,2026-04-21 23:30:00,8.6,2026-04-21 15:45:00,0.85,2026-04-21 15:45:00,0.85,True,2026-04-21 16:00:00,1.1,2026-04-21 16:30:00,1.6,2026-04-21 16:30:00,1.6,True,2026-04-21 17:15:00,2.35,,,,,,,,,,,,,,,,,,,,False,,,,,,,,,later of earliest sustained bottom response and modeled 80% available storage,threshold times use event-average strip flow; start/end readings are contextual
2026,2026-04-21_S3_S4_ed1ed131,S4,S3_S4,control,2026-04-21 14:54:00,2026-04-22 08:52:00,110850.0,False,one_or_more_sensor_events_not_trustworthy,,,,,,,,,nominal_47ft_strip_by_centerline_zone_length,three 6-inch layers spanning approximately 3-21 inches,modeled water not retained; not measured runoff,17.97,6169.8,102.8,205.7,410.0,310.0,0.5,Ran overnight.,2026-04-21 15:15:00,0.35,2026-04-21 15:15:00,0.35,True,2026-04-21 15:15:00,0.35,2026-04-21 17:00:00,2.1,2026-04-21 17:00:00,2.1,True,2026-04-21 17:30:00,2.6,2026-04-22 02:30:00,11.6,2026-04-22 02:30:00,11.6,True,2026-04-22 05:30:00,14.6,,,,,,,,,,,,,,,,,,,,False,,,,,,,,,later of earliest sustained bottom response and modeled 80% available storage,threshold times use event-average strip flow; start/end readings are contextual
2026,2026-05-08_S3_S4_989607cc,S3,S3_S4,biochar,2026-05-08 09:00:00,2026-05-08 19:14:00,90350.0,True,,43018.3,68190.0,25171.7,0.0,65178.3,65178.3,3.59,True,nominal_47ft_strip_by_centerline_zone_length,three 6-inch layers spanning approximately 3-21 inches,modeled water not retained; not measured runoff,10.23,8829.0,147.1,294.3,240.0,375.0,1.0,,2026-05-08 11:15:00,2.25,2026-05-08 11:15:00,2.25,True,2026-05-08 18:30:00,9.5,2026-05-08 10:15:00,1.25,2026-05-08 10:15:00,1.25,True,2026-05-08 10:15:00,1.25,2026-05-08 11:00:00,2.0,2026-05-08 11:00:00,2.0,True,2026-05-08 11:30:00,2.5,1.43,2026-05-08 10:25:31.845056066,True,2.28,2026-05-08 11:16:50.952089704,True,2.57,2026-05-08 11:33:57.321100918,True,2.85,2026-05-08 11:51:03.690112129,True,19865.25,0.79,11036.25,0.44,17658.0,0.7,2026-05-08 11:16:50.952089600,True,True,7.95,70212.74,7.38,65178.4,2459.78,6369.22,0.72,later of earliest sustained bottom response and modeled 80% available storage,threshold times use event-average strip flow; start/end readings are contextual
2026,2026-05-08_S3_S4_989607cc,S4,S3_S4,control,2026-05-08 09:00:00,2026-05-08 19:14:00,90350.0,True,,41892.5,68363.11,26470.61,0.0,63879.39,63879.39,3.41,True,nominal_47ft_strip_by_centerline_zone_length,three 6-inch layers spanning approximately 3-21 inches,modeled water not retained; not measured runoff,10.23,8829.0,147.1,294.3,240.0,375.0,1.0,,2026-05-08 09:30:00,0.5,2026-05-08 09:30:00,0.5,True,2026-05-08 09:30:00,0.5,2026-05-08 10:30:00,1.5,2026-05-08 10:30:00,1.5,True,2026-05-08 10:45:00,1.75,2026-05-08 15:30:00,6.5,2026-05-08 15:30:00,6.5,True,2026-05-08 19:00:00,10.0,1.5,2026-05-08 10:29:56.658511723,True,2.4,2026-05-08 11:23:54.653618756,True,2.7,2026-05-08 11:41:53.985321099,True,3.0,2026-05-08 11:59:53.317023446,True,4414.5,0.17,13243.5,0.5,57388.5,2.17,2026-05-08 15:30:00.000000000,True,True,3.73,32961.6,7.24,63879.49,2586.71,6242.29,0.71,later of earliest sustained bottom response and modeled 80% available storage,threshold times use event-average strip flow; start/end readings are contextual
2026,2026-05-20_S1_S2_49743b7c,S1,S1_S2,biochar,2026-05-20 11:23:00,2026-05-20 17:53:00,54400.0,True,,41868.64,76557.57,34688.93,0.0,19711.07,19711.07,1.57,True,nominal_47ft_strip_by_centerline_zone_length,three 6-inch layers spanning approximately 3-21 inches,modeled water not retained; not measured runoff,6.5,8369.2,139.5,279.0,250.0,275.0,1.0,,2026-05-20 11:45:00,0.37,2026-05-20 11:45:00,0.37,True,2026-05-20 12:30:00,1.12,2026-05-20 13:15:00,1.87,2026-05-20 13:15:00,1.87,True,2026-05-20 14:15:00,2.87,2026-05-20 17:45:00,6.37,2026-05-20 17:45:00,6.37,True,2026-05-20 20:45:00,9.37,2.07,2026-05-20 13:27:20.698035654,True,3.32,2026-05-20 14:41:57.116857046,True,3.73,2026-05-20 15:06:49.256464177,True,4.14,2026-05-20 15:31:41.396071308,True,3068.71,0.09,15622.51,0.45,53283.91,1.54,2026-05-20 17:45:00.000000000,True,True,0.13,1115.89,2.36,19710.87,5336.76,3032.44,0.36,later of earliest sustained bottom response and modeled 80% available storage,threshold times use event-average strip flow; start/end readings are contextual
2026,2026-05-20_S1_S2_49743b7c,S2,S1_S2,control,2026-05-20 11:23:00,2026-05-20 17:53:00,54400.0,True,,31839.63,74231.44,42391.81,0.0,12008.19,12008.19,1.28,True,nominal_47ft_strip_by_centerline_zone_length,three 6-inch layers spanning approximately 3-21 inches,modeled water not retained; not measured runoff,6.5,8369.2,139.5,279.0,250.0,275.0,1.0,,2026-05-20 11:45:00,0.37,2026-05-20 11:45:00,0.37,True,2026-05-20 11:45:00,0.37,2026-05-20 12:15:00,0.87,2026-05-20 12:15:00,0.87,True,2026-05-20 12:15:00,0.87,2026-05-20 12:45:00,1.37,2026-05-20 12:45:00,1.37,True,2026-05-20 13:15:00,1.87,2.53,2026-05-20 13:54:57.389714666,True,4.05,2026-05-20 15:26:07.823543468,True,4.56,2026-05-20 15:56:31.301486402,True,5.07,2026-05-20 16:26:54.779429336,True,3068.71,0.07,7253.31,0.17,11437.91,0.27,2026-05-20 15:26:07.823543552,True,True,2.45,20486.35,1.43,12007.99,6521.82,1847.38,0.22,later of earliest sustained bottom response and modeled 80% available storage,threshold times use event-average strip flow; start/end readings are contextual
2026,2026-05-21_S3_S4_272f948e,S3,S3_S4,biochar,2026-05-21 13:27:00,2026-05-21 19:54:00,59850.0,True,,41754.66,68190.0,26435.34,0.0,33414.66,33414.66,2.26,True,nominal_47ft_strip_by_centerline_zone_length,three 6-inch layers spanning approximately 3-21 inches,modeled water not retained; not measured runoff,6.45,9279.1,154.7,309.3,325.0,300.0,1.0,,2026-05-21 15:00:00,1.55,2026-05-21 15:00:00,1.55,False,,,2026-05-21 14:15:00,0.8,2026-05-21 14:15:00,0.8,True,2026-05-21 14:30:00,1.05,2026-05-21 15:00:00,1.55,2026-05-21 15:00:00,1.55,True,2026-05-21 15:30:00,2.05,1.42,2026-05-21 14:52:28.041728185,True,2.28,2026-05-21 15:43:44.866765095,True,2.56,2026-05-21 16:00:50.475110731,True,2.85,2026-05-21 16:17:56.083456370,True,14382.61,0.54,7423.28,0.28,14382.61,0.54,2026-05-21 15:43:44.866765056,True,True,4.17,38701.92,3.6,33414.85,4098.5,5180.6,0.56,later of earliest sustained bottom response and modeled 80% available storage,threshold times use event-average strip flow; start/end readings are contextual
2026,2026-05-21_S3_S4_272f948e,S4,S3_S4,control,2026-05-21 13:27:00,2026-05-21 19:54:00,59850.0,False,one_or_more_sensor_events_not_trustworthy,,,,,,,,,nominal_47ft_strip_by_centerline_zone_length,three 6-inch layers spanning approximately 3-21 inches,modeled water not retained; not measured runoff,6.45,9279.1,154.7,309.3,325.0,300.0,1.0,,2026-05-21 13:45:00,0.3,2026-05-21 13:45:00,0.3,True,2026-05-21 13:45:00,0.3,2026-05-21 14:30:00,1.05,2026-05-21 14:30:00,1.05,True,2026-05-21 14:45:00,1.3,2026-05-21 16:15:00,2.8,2026-05-21 19:15:00,5.8,False,,,,,,,,,,,,,,,,,,,,,,False,,,,,,,,,later of earliest sustained bottom response and modeled 80% available storage,threshold times use event-average strip flow; start/end readings are contextual
2026,2026-06-05_S3_S4_f5beba0a,S3,S3_S4,biochar,2026-06-05 14:19:00,2026-06-05 20:47:00,53900.0,True,,38771.78,68190.0,29418.22,0.0,24481.78,24481.78,1.83,True,nominal_47ft_strip_by_centerline_zone_length,three 6-inch layers spanning approximately 3-21 inches,modeled water not retained; not measured runoff,6.47,8335.1,138.9,277.8,260.0,250.0,1.0,,2026-06-05 17:15:00,2.93,2026-06-05 17:15:00,2.93,False,,,2026-06-05 15:30:00,1.18,2026-06-05 15:30:00,1.18,True,2026-06-05 15:30:00,1.18,2026-06-05 16:30:00,2.18,2026-06-05 16:30:00,2.18,True,2026-06-05 17:15:00,2.93,1.76,2026-06-05 16:04:52.988686398,True,2.82,2026-06-05 17:08:24.781898236,True,3.18,2026-06-05 17:29:35.379635516,True,3.53,2026-06-05 17:50:45.977372796,True,24449.63,0.83,9863.2,0.34,18198.3,0.62,2026-06-05 17:08:24.781898240,True,True,3.64,30365.74,2.94,24482.09,4549.19,3785.91,0.45,later of earliest sustained bottom response and modeled 80% available storage,threshold times use event-average strip flow; start/end readings are contextual
2026,2026-06-05_S3_S4_f5beba0a,S4,S3_S4,control,2026-06-05 14:19:00,2026-06-05 20:47:00,53900.0,True,,38503.98,68363.11,29859.13,0.0,24040.87,24040.87,1.81,True,nominal_47ft_strip_by_centerline_zone_length,three 6-inch layers spanning approximately 3-21 inches,modeled water not retained; not measured runoff,6.47,8335.1,138.9,277.8,260.0,250.0,1.0,,2026-06-05 14:45:00,0.43,2026-06-05 14:45:00,0.43,True,2026-06-05 14:45:00,0.43,2026-06-05 15:30:00,1.18,2026-06-05 15:30:00,1.18,True,2026-06-05 16:00:00,1.68,2026-06-05 19:45:00,5.43,2026-06-05 21:45:00,7.43,False,,,1.79,2026-06-05 16:06:28.205060528,True,2.87,2026-06-05 17:10:57.128096844,True,3.22,2026-06-05 17:32:26.769108950,True,3.58,2026-06-05 17:53:56.410121053,True,3611.88,0.12,9863.2,0.33,45287.38,1.52,2026-06-05 19:45:00.000000000,True,True,1.03,8612.94,2.88,24041.18,4617.37,3717.73,0.45,later of earliest sustained bottom response and modeled 80% available storage,threshold times use event-average strip flow; start/end readings are contextual
2026,2026-06-20_S1_S2_ba82572f,S1,S1_S2,biochar,2026-06-20 08:00:00,2026-06-20 17:03:00,65700.0,True,,31937.63,76557.57,44619.94,0.0,21080.06,21080.06,1.47,True,nominal_47ft_strip_by_centerline_zone_length,three 6-inch layers spanning approximately 3-21 inches,modeled water not retained; not measured runoff,9.05,7259.7,121.0,242.0,425.0,500.0,0.5,,2026-06-20 08:45:00,0.75,2026-06-20 08:45:00,0.75,True,2026-06-20 08:45:00,0.75,2026-06-20 10:30:00,2.5,2026-06-20 10:30:00,2.5,True,2026-06-20 11:30:00,3.5,2026-06-20 16:00:00,8.0,2026-06-20 16:00:00,8.0,True,2026-06-20 17:45:00,9.75,3.07,2026-06-20 11:04:23.252200503,True,4.92,2026-06-20 12:55:01.203520807,True,5.53,2026-06-20 13:31:53.853960907,True,6.15,2026-06-20 14:08:46.504401007,True,5444.78,0.12,18149.25,0.41,58077.6,1.3,2026-06-20 16:00:00.000000000,True,True,1.05,7622.68,2.9,21080.35,4930.38,2329.32,0.32,later of earliest sustained bottom response and modeled 80% available storage,threshold times use event-average strip flow; start/end readings are contextual
2026,2026-06-20_S1_S2_ba82572f,S2,S1_S2,control,2026-06-20 08:00:00,2026-06-20 17:03:00,65700.0,False,one_or_more_sensor_events_not_trustworthy,,,,,,,,,nominal_47ft_strip_by_centerline_zone_length,three 6-inch layers spanning approximately 3-21 inches,modeled water not retained; not measured runoff,9.05,7259.7,121.0,242.0,425.0,500.0,0.5,,2026-06-20 08:30:00,0.5,2026-06-20 08:30:00,0.5,True,2026-06-20 08:30:00,0.5,2026-06-20 09:15:00,1.25,2026-06-20 09:30:00,1.5,True,2026-06-20 09:30:00,1.5,2026-06-20 11:00:00,3.0,2026-06-20 11:00:00,3.0,True,2026-06-20 11:15:00,3.25,,,,,,,,,,,,,,,,,,,,False,,,,,,,,,later of earliest sustained bottom response and modeled 80% available storage,threshold times use event-average strip flow; start/end readings are contextual
2026,2026-06-20_S3_S4_47159afc,S3,S3_S4,biochar,2026-06-20 08:00:00,2026-06-20 17:03:00,65700.0,True,,47983.83,68190.0,20828.27,622.09,44871.73,44871.73,3.15,True,nominal_47ft_strip_by_centerline_zone_length,three 6-inch layers spanning approximately 3-21 inches,modeled water not retained; not measured runoff,9.05,7259.7,121.0,242.0,425.0,500.0,0.5,,2026-06-20 11:45:00,3.75,2026-06-20 11:45:00,3.75,False,,,2026-06-20 09:15:00,1.25,2026-06-20 09:15:00,1.25,True,2026-06-20 09:15:00,1.25,2026-06-20 10:15:00,2.25,2026-06-20 10:15:00,2.25,True,2026-06-20 10:30:00,2.5,1.43,2026-06-20 09:26:04.247282947,True,2.3,2026-06-20 10:17:42.795652711,True,2.58,2026-06-20 10:34:55.645109302,True,2.87,2026-06-20 10:52:08.494565890,True,27223.88,1.31,9074.62,0.44,16334.32,0.78,2026-06-20 10:17:42.795652608,True,True,6.75,49037.67,6.18,44872.02,2301.47,4958.23,0.68,later of earliest sustained bottom response and modeled 80% available storage,threshold times use event-average strip flow; start/end readings are contextual
2026,2026-06-20_S3_S4_47159afc,S4,S3_S4,control,2026-06-20 08:00:00,2026-06-20 17:03:00,65700.0,False,one_or_more_sensor_events_not_trustworthy,,,,,,,,,nominal_47ft_strip_by_centerline_zone_length,three 6-inch layers spanning approximately 3-21 inches,modeled water not retained; not measured runoff,9.05,7259.7,121.0,242.0,425.0,500.0,0.5,,2026-06-20 08:30:00,0.5,2026-06-20 08:30:00,0.5,False,,,2026-06-20 09:15:00,1.25,2026-06-20 09:15:00,1.25,True,2026-06-20 13:30:00,5.5,2026-06-20 10:30:00,2.5,2026-06-20 10:45:00,2.75,True,2026-06-20 10:45:00,2.75,,,,,,,,,,,,,,,,,,,,False,,,,,,,,,later of earliest sustained bottom response and modeled 80% available storage,threshold times use event-average strip flow; start/end readings are contextual
2026,2026-06-27_S1_S2_be4e641a,S1,S1_S2,biochar,2026-06-27 11:05:00,2026-06-27 16:34:00,33511.0,True,,55150.53,76557.57,21407.04,0.0,12103.96,12103.96,1.57,True,nominal_47ft_strip_by_centerline_zone_length,three 6-inch layers spanning approximately 3-21 inches,modeled water not retained; not measured runoff,5.48,6111.4,101.9,203.7,,,0.5,Irrigating in Fertilizer. Flowmeter not turning. Totals estimated using an average flow rate of 201 gal/min,2026-06-27 11:45:00,0.67,2026-06-27 11:45:00,0.67,True,2026-06-27 12:00:00,0.92,2026-06-27 13:30:00,2.42,2026-06-27 13:30:00,2.42,True,2026-06-27 13:30:00,2.42,2026-06-27 15:30:00,4.42,2026-06-27 15:30:00,4.42,True,2026-06-27 16:30:00,5.42,1.75,2026-06-27 12:50:05.048270445,True,2.8,2026-06-27 13:53:08.077232714,True,3.15,2026-06-27 14:14:09.086886802,True,3.5,2026-06-27 14:35:10.096540891,True,4074.27,0.19,14769.22,0.69,26992.02,1.26,2026-06-27 15:30:00.000000000,True,True,1.07,6518.83,1.98,12103.8,3904.04,2207.36,0.36,later of earliest sustained bottom response and modeled 80% available storage,threshold times use event-average strip flow; start/end readings are contextual
2026,2026-06-27_S1_S2_be4e641a,S2,S1_S2,control,2026-06-27 11:05:00,2026-06-27 16:34:00,33511.0,True,,50410.51,74231.44,23820.93,0.0,9690.07,9690.07,1.41,True,nominal_47ft_strip_by_centerline_zone_length,three 6-inch layers spanning approximately 3-21 inches,modeled water not retained; not measured runoff,5.48,6111.4,101.9,203.7,,,0.5,Irrigating in Fertilizer. Flowmeter not turning. Totals estimated using an average flow rate of 201 gal/min,2026-06-27 11:30:00,0.42,2026-06-27 11:30:00,0.42,True,2026-06-27 11:30:00,0.42,2026-06-27 12:00:00,0.92,2026-06-27 12:15:00,1.17,True,2026-06-27 12:15:00,1.17,2026-06-27 13:30:00,2.42,2026-06-27 13:30:00,2.42,True,2026-06-27 13:30:00,2.42,1.95,2026-06-27 13:01:56.014988380,True,3.12,2026-06-27 14:12:05.623981410,True,3.51,2026-06-27 14:35:28.826979087,True,3.9,2026-06-27 14:58:52.029976765,True,2546.42,0.11,5602.12,0.24,14769.22,0.62,2026-06-27 14:12:05.623981312,True,True,2.37,14454.1,1.59,9689.91,4344.27,1767.13,0.29,later of earliest sustained bottom response and modeled 80% available storage,threshold times use event-average strip flow; start/end readings are contextual
2026,2026-06-27_S3_S4_dc68d0eb,S3,S3_S4,biochar,2026-06-27 11:05:00,2026-06-27 16:34:00,33511.0,False,one_or_more_sensor_events_not_trustworthy,,,,,,,,,nominal_47ft_strip_by_centerline_zone_length,three 6-inch layers spanning approximately 3-21 inches,modeled water not retained; not measured runoff,5.48,6111.4,101.9,203.7,,,0.5,Irrigating in Fertilizer. Flowmeter not turning. Totals estimated using an average flow rate of 201 gal/min,2026-06-27 14:15:00,3.17,2026-06-27 14:15:00,3.17,False,,,2026-06-27 12:15:00,1.17,2026-06-27 12:15:00,1.17,True,2026-06-27 12:15:00,1.17,2026-06-27 12:45:00,1.67,2026-06-27 13:00:00,1.92,True,2026-06-27 13:15:00,2.17,,,,,,,,,,,,,,,,,,,,False,,,,,,,,,later of earliest sustained bottom response and modeled 80% available storage,threshold times use event-average strip flow; start/end readings are contextual
2026,2026-06-27_S3_S4_dc68d0eb,S4,S3_S4,control,2026-06-27 11:05:00,2026-06-27 16:34:00,33511.0,True,,55005.59,68363.11,13357.52,0.0,20153.48,20153.48,2.51,True,nominal_47ft_strip_by_centerline_zone_length,three 6-inch layers spanning approximately 3-21 inches,modeled water not retained; not measured runoff,5.48,6111.4,101.9,203.7,,,0.5,Irrigating in Fertilizer. Flowmeter not turning. Totals estimated using an average flow rate of 201 gal/min,2026-06-27 11:30:00,0.42,2026-06-27 11:30:00,0.42,True,2026-06-27 11:30:00,0.42,2026-06-27 12:30:00,1.42,2026-06-27 12:30:00,1.42,True,2026-06-27 12:30:00,1.42,2026-06-27 14:00:00,2.92,2026-06-27 14:00:00,2.92,False,,,1.09,2026-06-27 12:10:34.210819125,True,1.75,2026-06-27 12:49:54.737310598,True,1.97,2026-06-27 13:03:01.579474423,True,2.19,2026-06-27 13:16:08.421638251,True,2546.42,0.19,8657.82,0.65,17824.92,1.33,2026-06-27 14:00:00.000000000,True,True,2.57,15685.93,3.3,20153.32,2436.04,3675.36,0.6,later of earliest sustained bottom response and modeled 80% available storage,threshold times use event-average strip flow; start/end readings are contextual
2026,2026-07-05_S3_S4_b3db7964,S3,S3_S4,biochar,2026-07-05 11:24:00,2026-07-05 18:13:00,56650.0,True,,50170.01,68190.0,19146.8,1126.81,37503.2,37503.2,2.96,True,nominal_47ft_strip_by_centerline_zone_length,three 6-inch layers spanning approximately 3-21 inches,modeled water not retained; not measured runoff,6.82,8310.5,138.5,277.0,250.0,325.0,1.0,"Repaired flow meter, due to a piece of gravel.",2026-07-05 16:15:00,4.85,2026-07-05 16:15:00,4.85,False,,,2026-07-05 12:30:00,1.1,2026-07-05 12:30:00,1.1,True,2026-07-05 12:30:00,1.1,2026-07-05 13:15:00,1.85,2026-07-05 13:15:00,1.85,True,2026-07-05 13:45:00,2.35,1.15,2026-07-05 12:33:07.071776668,True,1.84,2026-07-05 13:14:35.314842667,True,2.07,2026-07-05 13:28:24.729198002,True,2.3,2026-07-05 13:42:14.143553337,True,40305.92,2.11,9141.55,0.48,15374.42,0.8,2026-07-05 13:15:00.000000000,True,True,4.97,41275.48,4.51,37503.11,2808.81,5501.69,0.66,later of earliest sustained bottom response and modeled 80% available storage,threshold times use event-average strip flow; start/end readings are contextual
2026,2026-07-05_S3_S4_b3db7964,S4,S3_S4,control,2026-07-05 11:24:00,2026-07-05 18:13:00,56650.0,True,,48471.31,68363.11,19891.8,0.0,36758.2,36758.2,2.85,True,nominal_47ft_strip_by_centerline_zone_length,three 6-inch layers spanning approximately 3-21 inches,modeled water not retained; not measured runoff,6.82,8310.5,138.5,277.0,250.0,325.0,1.0,"Repaired flow meter, due to a piece of gravel.",2026-07-05 11:45:00,0.35,2026-07-05 11:45:00,0.35,True,2026-07-05 11:45:00,0.35,2026-07-05 12:30:00,1.1,2026-07-05 12:30:00,1.1,True,2026-07-05 12:45:00,1.35,2026-07-05 16:45:00,5.35,2026-07-05 16:45:00,5.35,True,2026-07-05 17:30:00,6.1,1.2,2026-07-05 12:35:48.433908912,True,1.91,2026-07-05 13:18:53.494254255,True,2.15,2026-07-05 13:33:15.181036038,True,2.39,2026-07-05 13:47:36.867817820,True,2908.68,0.15,9141.55,0.46,44461.18,2.24,2026-07-05 16:45:00.000000000,True,True,1.47,12188.73,4.42,36758.11,2918.1,5392.4,0.65,later of earliest sustained bottom response and modeled 80% available storage,threshold times use event-average strip flow; start/end readings are contextual
2026,2026-07-24_S1_S2_63eb5228,S1,S1_S2,biochar,2026-07-24 08:25:00,2026-07-24 15:43:00,34125.0,True,,32602.82,76557.57,43954.75,0.0,-9829.75,0.0,0.78,False,nominal_47ft_strip_by_centerline_zone_length,three 6-inch layers spanning approximately 3-21 inches,modeled water not retained; not measured runoff,7.3,4674.7,77.9,155.8,275.0,350.0,0.5,,2026-07-24 09:15:00,0.83,2026-07-24 09:15:00,0.83,True,2026-07-24 09:15:00,0.83,2026-07-24 11:45:00,3.33,2026-07-24 12:00:00,3.58,True,2026-07-24 12:00:00,3.58,2026-07-24 15:45:00,7.33,2026-07-24 15:45:00,7.33,True,2026-07-24 16:15:00,7.83,4.7,2026-07-24 13:07:04.840096690,True,7.52,2026-07-24 15:56:19.744154706,False,8.46,2026-07-24 16:52:44.712174042,False,9.4,2026-07-24 17:49:09.680193381,False,3895.58,0.09,15582.33,0.35,34281.13,0.78,2026-07-24 15:56:19.744154624,True,False,,,,,6021.2,0.0,0.0,later of earliest sustained bottom response and modeled 80% available storage,threshold times use event-average strip flow; start/end readings are contextual
2026,2026-07-24_S1_S2_63eb5228,S2,S1_S2,control,2026-07-24 08:25:00,2026-07-24 15:43:00,34125.0,True,,32746.37,74231.44,41485.07,0.0,-7360.07,0.0,0.82,False,nominal_47ft_strip_by_centerline_zone_length,three 6-inch layers spanning approximately 3-21 inches,modeled water not retained; not measured runoff,7.3,4674.7,77.9,155.8,275.0,350.0,0.5,,2026-07-24 09:00:00,0.58,2026-07-24 09:00:00,0.58,True,2026-07-24 09:00:00,0.58,2026-07-24 10:00:00,1.58,2026-07-24 10:15:00,1.83,True,2026-07-24 10:15:00,1.83,2026-07-24 12:45:00,4.33,2026-07-24 13:00:00,4.58,True,2026-07-24 13:00:00,4.58,4.44,2026-07-24 12:51:13.886238688,True,7.1,2026-07-24 15:30:58.217981902,True,7.99,2026-07-24 16:24:12.995229642,False,8.87,2026-07-24 17:17:27.772477377,False,2726.91,0.07,7401.61,0.18,20257.03,0.49,2026-07-24 15:30:58.217981952,True,True,0.2,937.25,,,5682.89,0.0,0.0,later of earliest sustained bottom response and modeled 80% available storage,threshold times use event-average strip flow; start/end readings are contextual
2026,2026-07-24_S3_S4_d28f9731,S3,S3_S4,biochar,2026-07-24 08:25:00,2026-07-24 15:43:00,34125.0,False,one_or_more_sensor_events_not_trustworthy,,,,,,,,,nominal_47ft_strip_by_centerline_zone_length,three 6-inch layers spanning approximately 3-21 inches,modeled water not retained; not measured runoff,7.3,4674.7,77.9,155.8,275.0,350.0,0.5,,2026-07-24 13:30:00,5.08,2026-07-24 13:30:00,5.08,False,,,2026-07-24 10:15:00,1.83,2026-07-24 10:45:00,2.33,True,2026-07-24 10:45:00,2.33,2026-07-24 12:00:00,3.58,2026-07-24 12:00:00,3.58,True,2026-07-24 13:15:00,4.83,,,,,,,,,,,,,,,,,,,,False,,,,,,,,,later of earliest sustained bottom response and modeled 80% available storage,threshold times use event-average strip flow; start/end readings are contextual
2026,2026-07-24_S3_S4_d28f9731,S4,S3_S4,control,2026-07-24 08:25:00,2026-07-24 15:43:00,34125.0,True,,35772.28,68363.11,32590.84,0.0,1534.16,1534.16,1.05,True,nominal_47ft_strip_by_centerline_zone_length,three 6-inch layers spanning approximately 3-21 inches,modeled water not retained; not measured runoff,7.3,4674.7,77.9,155.8,275.0,350.0,0.5,,2026-07-24 09:00:00,0.58,2026-07-24 09:00:00,0.58,True,2026-07-24 09:00:00,0.58,2026-07-24 10:30:00,2.08,2026-07-24 10:45:00,2.33,True,2026-07-24 11:00:00,2.58,2026-07-24 13:30:00,5.08,2026-07-25 00:15:00,15.83,False,,,3.49,2026-07-24 11:54:09.150105890,True,5.58,2026-07-24 13:59:38.640169423,True,6.27,2026-07-24 14:41:28.470190602,True,6.97,2026-07-24 15:23:18.300211777,True,2726.91,0.08,9738.96,0.3,23763.06,0.73,2026-07-24 13:59:38.640169472,True,True,1.72,8052.64,0.33,1534.47,4464.5,210.2,0.04,later of earliest sustained bottom response and modeled 80% available storage,threshold times use event-average strip flow; start/end readings are contextual
2026,2026-08-14_S1_S2_72b4c1d7,S1,S1_S2,biochar,2026-08-14 10:25:00,2026-08-14 13:47:00,21350.0,True,,36330.02,76557.57,40227.55,0.0,-18877.55,0.0,0.53,False,nominal_47ft_strip_by_centerline_zone_length,three 6-inch layers spanning approximately 3-21 inches,modeled water not retained; not measured runoff,3.37,6341.6,105.7,211.4,280.0,425.0,0.5,Irrigated together after cutting and raking so we can spray broadleafs. Also received significant rain.,2026-08-14 11:00:00,0.58,2026-08-14 11:00:00,0.58,True,2026-08-14 11:00:00,0.58,2026-08-14 12:45:00,2.33,2026-08-14 13:45:00,3.33,True,2026-08-14 13:45:00,3.33,2026-08-14 15:00:00,4.58,2026-08-14 17:30:00,7.08,False,,,3.17,2026-08-14 13:35:18.189415920,True,5.07,2026-08-14 15:29:29.103065471,False,5.71,2026-08-14 16:07:32.740948656,False,6.34,2026-08-14 16:45:36.378831840,False,3699.27,0.09,14797.07,0.37,29065.67,0.72,2026-08-14 15:29:29.103065344,True,False,,,,,11948.66,0.0,0.0,later of earliest sustained bottom response and modeled 80% available storage,threshold times use event-average strip flow; start/end readings are contextual
2026,2026-08-14_S1_S2_72b4c1d7,S2,S1_S2,control,2026-08-14 10:25:00,2026-08-14 13:47:00,21350.0,True,,33976.05,74231.44,40255.39,0.0,-18905.39,0.0,0.53,False,nominal_47ft_strip_by_centerline_zone_length,three 6-inch layers spanning approximately 3-21 inches,modeled water not retained; not measured runoff,3.37,6341.6,105.7,211.4,280.0,425.0,0.5,Irrigated together after cutting and raking so we can spray broadleafs. Also received significant rain.,2026-08-14 10:45:00,0.33,2026-08-14 10:45:00,0.33,True,2026-08-14 10:45:00,0.33,2026-08-14 11:30:00,1.08,2026-08-14 11:30:00,1.08,True,2026-08-14 11:30:00,1.08,2026-08-14 12:15:00,1.83,2026-08-14 12:15:00,1.83,True,2026-08-14 13:00:00,2.58,3.17,2026-08-14 13:35:26.091522645,True,5.08,2026-08-14 15:29:41.746436230,False,5.71,2026-08-14 16:07:46.964740759,False,6.35,2026-08-14 16:45:52.183045287,False,2113.87,0.05,6870.07,0.17,11626.27,0.29,2026-08-14 15:29:41.746436352,True,False,,,,,11956.93,0.0,0.0,later of earliest sustained bottom response and modeled 80% available storage,threshold times use event-average strip flow; start/end readings are contextual
2026,2026-08-14_S3_S4_1912adab,S3,S3_S4,biochar,2026-08-14 10:25:00,2026-08-14 13:47:00,21350.0,False,one_or_more_sensor_events_not_trustworthy,,,,,,,,,nominal_47ft_strip_by_centerline_zone_length,three 6-inch layers spanning approximately 3-21 inches,modeled water not retained; not measured runoff,3.37,6341.6,105.7,211.4,280.0,425.0,0.5,Irrigated together after cutting and raking so we can spray broadleafs. Also received significant rain.,,,,,False,,,2026-08-14 11:45:00,1.33,2026-08-14 11:45:00,1.33,True,2026-08-14 12:00:00,1.58,2026-08-14 12:30:00,2.08,2026-08-14 12:30:00,2.08,True,2026-08-14 13:45:00,3.33,,,,,,,,,,,,,,,,,,,,False,,,,,,,,,later of earliest sustained bottom response and modeled 80% available storage,threshold times use event-average strip flow; start/end readings are contextual
2026,2026-08-14_S3_S4_1912adab,S4,S3_S4,control,2026-08-14 10:25:00,2026-08-14 13:47:00,21350.0,True,,33652.92,68363.11,34710.19,0.0,-13360.19,0.0,0.62,False,nominal_47ft_strip_by_centerline_zone_length,three 6-inch layers spanning approximately 3-21 inches,modeled water not retained; not measured runoff,3.37,6341.6,105.7,211.4,280.0,425.0,0.5,Irrigated together after cutting and raking so we can spray broadleafs. Also received significant rain.,2026-08-14 11:00:00,0.58,2026-08-14 11:00:00,0.58,True,2026-08-14 11:00:00,0.58,2026-08-14 12:00:00,1.58,2026-08-14 12:00:00,1.58,True,2026-08-14 12:15:00,1.83,2026-08-14 12:15:00,1.83,2026-08-14 12:15:00,1.83,False,,,2.74,2026-08-14 13:09:12.141730795,True,4.38,2026-08-14 14:47:43.426769268,False,4.93,2026-08-14 15:20:33.855115429,False,5.47,2026-08-14 15:53:24.283461586,False,3699.27,0.11,10040.87,0.29,11626.27,0.33,2026-08-14 14:47:43.426769152,True,False,,,,,10309.86,0.0,0.0,later of earliest sustained bottom response and modeled 80% available storage,threshold times use event-average strip flow; start/end readings are contextual
