flag_pre_start_response,flag_unexplained_pre_start_response,likely_precip_driven_pre_start_response,possible_battery_or_logger_issue,year,strip_group,location,strip,event_id,sensor_col,logger_position,depth_index,depth_inches,irrigation_start,irrigation_end,window_start,first_vwc,last_pre_start_vwc,max_pre_start_vwc,max_pre_start_time,pre_start_increase,last_minus_first,threshold,vwc_missing_fraction_pre_start_window,precip_col,precip_threshold_in,total_precip_in_pre_start_window,max_precip_in_pre_start_window,battery_col,flag_battery_low_pre_start,flag_battery_out_of_range_pre_start,flag_battery_low_event,flag_battery_out_of_range_event,bottom_response_delay_hr,time_to_peak_hours,time_to_plateau_hours,event_duration_hours,gallons_strip,first_precip_time_pre_start_window,last_precip_time_pre_start_window,battery_pre_start_min_v,battery_pre_start_median_v,battery_pre_start_max_v,battery_pre_start_low_count,battery_pre_start_high_count,battery_pre_start_out_of_range_count,battery_pre_start_out_of_range_fraction,battery_event_min_v,battery_event_median_v,battery_event_max_v,battery_event_low_count,battery_event_high_count,battery_event_out_of_range_count,battery_event_out_of_range_fraction
True,True,False,False,2023,S1_S2,west,S1,2023-05-23_S1_S2_176caf9a,VWC_1_raw_S1_B,B,1,6,2023-05-23 15:25:00,2023-05-23 19:19:00,2023-05-23 09:25:00,13.503,14.262,14.821,2023-05-23 14:15:00,1.318,0.759,0.5,0.0,precip_in,0.01,0.0,0.0,BattV_Min_S1_B,False,False,False,False,23.8333,23.8333,27.8333,3.9,72500.0,,,,,,,,,,,,,,,,
True,True,False,False,2023,S1_S2,west,S1,2023-05-23_S1_S2_176caf9a,VWC_2_raw_S1_B,B,2,12,2023-05-23 15:25:00,2023-05-23 19:19:00,2023-05-23 09:25:00,16.077,16.963,16.963,2023-05-23 15:15:00,0.886,0.886,0.5,0.0,precip_in,0.01,0.0,0.0,BattV_Min_S1_B,False,False,False,False,0.0833,0.0833,,3.9,72500.0,,,,,,,,,,,,,,,,
True,True,False,False,2023,S1_S2,west,S2,2023-05-23_S1_S2_176caf9a,VWC_1_raw_S2_B,B,1,6,2023-05-23 15:25:00,2023-05-23 19:19:00,2023-05-23 09:25:00,8.332,8.271,8.955,2023-05-23 13:00:00,0.623,-0.061,0.5,0.0,precip_in,0.01,0.0,0.0,BattV_Min_S2_B,False,False,False,False,3.5833,3.5833,15.0833,3.9,72500.0,,,,,,,,,,,,,,,,
True,True,False,False,2023,S1_S2,west,S2,2023-05-23_S1_S2_176caf9a,VWC_2_raw_S2_B,B,2,12,2023-05-23 15:25:00,2023-05-23 19:19:00,2023-05-23 09:25:00,6.931,7.481,7.757,2023-05-23 13:00:00,0.826,0.55,0.5,0.0,precip_in,0.01,0.0,0.0,BattV_Min_S2_B,False,False,False,False,4.0833,4.0833,11.0833,3.9,72500.0,,,,,,,,,,,,,,,,
True,True,False,False,2023,S1_S2,west,S2,2023-08-05_S1_S2_efaa9d14,VWC_3_raw_S2_B,B,3,18,2023-08-05 08:48:00,2023-08-05 14:56:00,2023-08-05 02:48:00,18.144,21.095,21.095,2023-08-05 08:45:00,2.951,2.951,0.5,0.0,precip_in,0.01,0.0,0.0,BattV_Min_S2_B,False,False,False,False,5.7,5.7,9.7,6.1333,49250.0,,,,,,,,,,,,,,,,
True,True,False,False,2023,S3_S4,east,S4,2023-07-17_S3_S4_a04fe807,VWC_1_raw_S4_B,B,1,6,2023-07-17 19:19:00,2023-07-18 05:53:00,2023-07-17 13:19:00,7.661,8.299,8.299,2023-07-17 19:15:00,0.638,0.638,0.5,0.0,precip_in,0.01,0.0,0.0,BattV_Min_S4_B,False,False,False,False,14.6833,14.6833,18.6833,10.5667,80450.0,,,,,,,,,,,,,,,,
False,False,False,True,2023,S3_S4,east,S4,2023-08-10_S3_S4_7fce3d7b,VWC_1_raw_S4_B,B,1,6,2023-08-10 13:57:00,2023-08-10 19:37:00,2023-08-10 07:57:00,7.26,7.435,7.435,2023-08-10 13:45:00,0.175,0.175,0.5,0.4167,precip_in,0.01,0.0,0.0,BattV_Min_S4_B,False,False,False,False,20.55,20.55,20.8,5.6667,52850.0,,,,,,,,,,,,,,,,
False,False,False,True,2023,S3_S4,east,S4,2023-08-10_S3_S4_7fce3d7b,VWC_2_raw_S4_B,B,2,12,2023-08-10 13:57:00,2023-08-10 19:37:00,2023-08-10 07:57:00,24.05,23.81,24.085,2023-08-10 10:45:00,0.035,-0.24,0.5,0.4167,precip_in,0.01,0.0,0.0,BattV_Min_S4_B,False,False,False,False,20.55,20.55,20.8,5.6667,52850.0,,,,,,,,,,,,,,,,
False,False,False,True,2023,S3_S4,east,S4,2023-08-10_S3_S4_7fce3d7b,VWC_3_raw_S4_B,B,3,18,2023-08-10 13:57:00,2023-08-10 19:37:00,2023-08-10 07:57:00,16.978,16.605,16.978,2023-08-10 10:30:00,0.0,-0.373,0.5,0.4167,precip_in,0.01,0.0,0.0,BattV_Min_S4_B,False,False,False,False,20.55,20.55,29.8,5.6667,52850.0,,,,,,,,,,,,,,,,
False,False,False,True,2023,S3_S4,east,S4,2023-08-24_S3_S4_a4b6ae2a,VWC_1_raw_S4_B,B,1,6,2023-08-24 13:47:00,2023-08-24 18:16:00,2023-08-24 07:47:00,7.48,7.524,7.539,2023-08-24 13:00:00,0.059,0.044,0.5,0.5417,precip_in,0.01,0.0,0.0,BattV_Min_S4_B,False,False,False,False,4.7167,4.7167,,4.4833,30125.0,,,,,,,,,,,,,,,,
False,False,False,True,2023,S3_S4,east,S4,2023-08-24_S3_S4_a4b6ae2a,VWC_2_raw_S4_B,B,2,12,2023-08-24 13:47:00,2023-08-24 18:16:00,2023-08-24 07:47:00,26.98,26.889,26.999,2023-08-24 11:45:00,0.019,-0.091,0.5,0.5417,precip_in,0.01,0.0,0.0,BattV_Min_S4_B,False,False,False,False,0.4667,0.4667,,4.4833,30125.0,,,,,,,,,,,,,,,,
False,False,False,True,2023,S3_S4,east,S4,2023-08-24_S3_S4_a4b6ae2a,VWC_3_raw_S4_B,B,3,18,2023-08-24 13:47:00,2023-08-24 18:16:00,2023-08-24 07:47:00,19.168,19.015,19.175,2023-08-24 11:30:00,0.007,-0.153,0.5,0.5417,precip_in,0.01,0.0,0.0,BattV_Min_S4_B,False,False,False,False,21.9667,21.9667,,4.4833,30125.0,,,,,,,,,,,,,,,,
False,False,False,False,2023,S1_S2,west,S1,2023-05-23_S1_S2_176caf9a,VWC_3_raw_S1_B,B,3,18,2023-05-23 15:25:00,2023-05-23 19:19:00,2023-05-23 09:25:00,7.841,2.997,7.923,2023-05-23 11:00:00,0.082,-4.844,0.5,0.0,precip_in,0.01,0.0,0.0,BattV_Min_S1_B,False,False,False,False,23.5833,23.5833,23.8333,3.9,72500.0,,,,,,,,,,,,,,,,
False,False,False,False,2023,S1_S2,west,S1,2023-06-01_S1_S2_5b27ce31,VWC_1_raw_S1_B,B,1,6,2023-06-01 11:16:08,2023-06-01 18:45:00,2023-06-01 05:16:08,20.108,19.765,20.108,2023-06-01 05:30:00,0.0,-0.343,0.5,0.0,precip_in,0.01,0.0,0.0,BattV_Min_S1_B,False,False,False,False,7.2311,7.2311,17.2311,7.4811,33650.0,,,,,,,,,,,,,,,,
False,False,False,False,2023,S1_S2,west,S1,2023-06-01_S1_S2_5b27ce31,VWC_2_raw_S1_B,B,2,12,2023-06-01 11:16:08,2023-06-01 18:45:00,2023-06-01 05:16:08,16.817,16.583,16.822,2023-06-01 06:15:00,0.005,-0.234,0.5,0.0,precip_in,0.01,0.0,0.0,BattV_Min_S1_B,False,False,False,False,7.9811,7.9811,,7.4811,33650.0,,,,,,,,,,,,,,,,
False,False,False,False,2023,S1_S2,west,S1,2023-06-01_S1_S2_5b27ce31,VWC_3_raw_S1_B,B,3,18,2023-06-01 11:16:08,2023-06-01 18:45:00,2023-06-01 05:16:08,11.523,11.486,11.678,2023-06-01 06:30:00,0.155,-0.037,0.5,0.0,precip_in,0.01,0.0,0.0,BattV_Min_S1_B,False,False,False,False,12.2311,12.2311,,7.4811,33650.0,,,,,,,,,,,,,,,,
False,False,False,False,2023,S1_S2,west,S1,2023-06-26_S1_S2_69e5d9b6,VWC_1_raw_S1_B,B,1,6,2023-06-26 09:31:00,2023-06-26 16:02:00,2023-06-26 03:31:00,18.899,17.954,18.9,2023-06-26 04:00:00,0.001,-0.945,0.5,0.0,precip_in,0.01,0.0,0.0,BattV_Min_S1_B,False,False,False,False,8.2333,8.2333,8.4833,6.5167,44700.0,,,,,,,,,,,,,,,,
False,False,False,False,2023,S1_S2,west,S1,2023-06-26_S1_S2_69e5d9b6,VWC_2_raw_S1_B,B,2,12,2023-06-26 09:31:00,2023-06-26 16:02:00,2023-06-26 03:31:00,22.125,21.157,22.125,2023-06-26 03:45:00,0.0,-0.968,0.5,0.0,precip_in,0.01,0.0,0.0,BattV_Min_S1_B,False,False,False,False,12.9833,12.9833,13.9833,6.5167,44700.0,,,,,,,,,,,,,,,,
False,False,False,False,2023,S1_S2,west,S1,2023-06-26_S1_S2_69e5d9b6,VWC_3_raw_S1_B,B,3,18,2023-06-26 09:31:00,2023-06-26 16:02:00,2023-06-26 03:31:00,19.144,18.493,19.144,2023-06-26 03:45:00,0.0,-0.651,0.5,0.0,precip_in,0.01,0.0,0.0,BattV_Min_S1_B,False,False,False,False,13.7333,13.7333,,6.5167,44700.0,,,,,,,,,,,,,,,,
False,False,False,False,2023,S1_S2,west,S1,2023-07-17_S1_S2_ae0a89b4,VWC_1_raw_S1_B,B,1,6,2023-07-17 08:04:00,2023-07-17 16:04:00,2023-07-17 02:04:00,21.216,19.949,21.216,2023-07-17 02:15:00,0.0,-1.267,0.5,0.0,precip_in,0.01,0.0,0.0,BattV_Min_S1_B,False,False,False,False,9.1833,9.1833,,8.0,60450.0,,,,,,,,,,,,,,,,
False,False,False,False,2023,S1_S2,west,S1,2023-07-17_S1_S2_ae0a89b4,VWC_2_raw_S1_B,B,2,12,2023-07-17 08:04:00,2023-07-17 16:04:00,2023-07-17 02:04:00,24.123,23.387,24.185,2023-07-17 03:00:00,0.062,-0.736,0.5,0.0,precip_in,0.01,0.0,0.0,BattV_Min_S1_B,False,False,False,False,23.9333,23.9333,27.9333,8.0,60450.0,,,,,,,,,,,,,,,,
False,False,False,False,2023,S1_S2,west,S1,2023-07-17_S1_S2_ae0a89b4,VWC_3_raw_S1_B,B,3,18,2023-07-17 08:04:00,2023-07-17 16:04:00,2023-07-17 02:04:00,25.712,25.492,26.126,2023-07-17 03:00:00,0.414,-0.22,0.5,0.0,precip_in,0.01,0.0,0.0,BattV_Min_S1_B,False,False,False,False,23.9333,23.9333,27.9333,8.0,60450.0,,,,,,,,,,,,,,,,
False,False,False,False,2023,S1_S2,west,S1,2023-08-05_S1_S2_efaa9d14,VWC_1_raw_S1_B,B,1,6,2023-08-05 08:48:00,2023-08-05 14:56:00,2023-08-05 02:48:00,24.873,23.638,24.873,2023-08-05 03:00:00,0.0,-1.235,0.5,0.0,precip_in,0.01,0.0,0.0,BattV_Min_S1_B,False,False,False,False,10.95,10.95,23.95,6.1333,49250.0,,,,,,,,,,,,,,,,
False,False,False,False,2023,S1_S2,west,S1,2023-08-05_S1_S2_efaa9d14,VWC_2_raw_S1_B,B,2,12,2023-08-05 08:48:00,2023-08-05 14:56:00,2023-08-05 02:48:00,32.872,31.867,32.917,2023-08-05 03:30:00,0.045,-1.005,0.5,0.0,precip_in,0.01,0.0,0.0,BattV_Min_S1_B,False,False,False,False,23.45,23.45,23.7,6.1333,49250.0,,,,,,,,,,,,,,,,
False,False,False,False,2023,S1_S2,west,S1,2023-08-05_S1_S2_efaa9d14,VWC_3_raw_S1_B,B,3,18,2023-08-05 08:48:00,2023-08-05 14:56:00,2023-08-05 02:48:00,39.089,38.703,39.345,2023-08-05 04:15:00,0.256,-0.386,0.5,0.0,precip_in,0.01,0.0,0.0,BattV_Min_S1_B,False,False,False,False,13.95,13.95,17.95,6.1333,49250.0,,,,,,,,,,,,,,,,
False,False,False,False,2023,S1_S2,west,S1,2023-08-24_S1_S2_6cc99259,VWC_1_raw_S1_B,B,1,6,2023-08-24 13:47:00,2023-08-24 18:16:00,2023-08-24 07:47:00,25.965,25.789,25.965,2023-08-24 08:00:00,0.0,-0.176,0.5,0.0,precip_in,0.01,0.0,0.0,BattV_Min_S1_B,False,False,False,False,2.4667,2.4667,15.7167,4.4833,30125.0,,,,,,,,,,,,,,,,
False,False,False,False,2023,S1_S2,west,S1,2023-08-24_S1_S2_6cc99259,VWC_2_raw_S1_B,B,2,12,2023-08-24 13:47:00,2023-08-24 18:16:00,2023-08-24 07:47:00,33.415,32.979,33.845,2023-08-24 08:30:00,0.43,-0.436,0.5,0.0,precip_in,0.01,0.0,0.0,BattV_Min_S1_B,False,False,False,False,6.4667,6.4667,,4.4833,30125.0,,,,,,,,,,,,,,,,
False,False,False,False,2023,S1_S2,west,S1,2023-08-24_S1_S2_6cc99259,VWC_3_raw_S1_B,B,3,18,2023-08-24 13:47:00,2023-08-24 18:16:00,2023-08-24 07:47:00,39.852,39.792,40.191,2023-08-24 08:15:00,0.339,-0.06,0.5,0.0,precip_in,0.01,0.0,0.0,BattV_Min_S1_B,False,False,False,False,3.4667,3.4667,,4.4833,30125.0,,,,,,,,,,,,,,,,
False,False,False,False,2023,S1_S2,west,S1,2023-09-21_S1_S2_6dbb0789,VWC_1_raw_S1_B,B,1,6,2023-09-21 09:07:00,2023-09-21 16:09:00,2023-09-21 03:07:00,22.135,21.388,22.135,2023-09-21 03:15:00,0.0,-0.747,0.5,0.0,precip_in,0.01,0.0,0.0,BattV_Min_S1_B,False,False,False,False,3.6333,3.6333,,7.0333,37650.0,,,,,,,,,,,,,,,,
False,False,False,False,2023,S1_S2,west,S1,2023-09-21_S1_S2_6dbb0789,VWC_2_raw_S1_B,B,2,12,2023-09-21 09:07:00,2023-09-21 16:09:00,2023-09-21 03:07:00,25.889,25.597,26.069,2023-09-21 03:45:00,0.18,-0.292,0.5,0.0,precip_in,0.01,0.0,0.0,BattV_Min_S1_B,False,False,False,False,15.1333,15.1333,15.3833,7.0333,37650.0,,,,,,,,,,,,,,,,
False,False,False,False,2023,S1_S2,west,S1,2023-09-21_S1_S2_6dbb0789,VWC_3_raw_S1_B,B,3,18,2023-09-21 09:07:00,2023-09-21 16:09:00,2023-09-21 03:07:00,32.476,32.506,32.653,2023-09-21 03:30:00,0.177,0.03,0.5,0.0,precip_in,0.01,0.0,0.0,BattV_Min_S1_B,False,False,False,False,23.8833,23.8833,25.1333,7.0333,37650.0,,,,,,,,,,,,,,,,
False,False,False,False,2023,S1_S2,west,S2,2023-05-23_S1_S2_176caf9a,VWC_3_raw_S2_B,B,3,18,2023-05-23 15:25:00,2023-05-23 19:19:00,2023-05-23 09:25:00,6.047,6.495,6.504,2023-05-23 14:45:00,0.457,0.448,0.5,0.0,precip_in,0.01,0.0,0.0,BattV_Min_S2_B,False,False,False,False,3.5833,3.5833,7.5833,3.9,72500.0,,,,,,,,,,,,,,,,
False,False,False,False,2023,S1_S2,west,S2,2023-06-01_S1_S2_5b27ce31,VWC_1_raw_S2_B,B,1,6,2023-06-01 11:16:08,2023-06-01 18:45:00,2023-06-01 05:16:08,24.481,24.277,24.481,2023-06-01 05:30:00,0.0,-0.204,0.5,0.0,precip_in,0.01,0.0,0.0,BattV_Min_S2_B,False,False,False,False,6.7311,6.7311,12.9811,7.4811,33650.0,,,,,,,,,,,,,,,,
False,False,False,False,2023,S1_S2,west,S2,2023-06-01_S1_S2_5b27ce31,VWC_2_raw_S2_B,B,2,12,2023-06-01 11:16:08,2023-06-01 18:45:00,2023-06-01 05:16:08,26.079,25.933,26.094,2023-06-01 06:00:00,0.015,-0.146,0.5,0.0,precip_in,0.01,0.0,0.0,BattV_Min_S2_B,False,False,False,False,6.9811,6.9811,11.7311,7.4811,33650.0,,,,,,,,,,,,,,,,
False,False,False,False,2023,S1_S2,west,S2,2023-06-01_S1_S2_5b27ce31,VWC_3_raw_S2_B,B,3,18,2023-06-01 11:16:08,2023-06-01 18:45:00,2023-06-01 05:16:08,25.887,25.772,25.917,2023-06-01 06:45:00,0.03,-0.115,0.5,0.0,precip_in,0.01,0.0,0.0,BattV_Min_S2_B,False,False,False,False,6.7311,6.7311,10.7311,7.4811,33650.0,,,,,,,,,,,,,,,,
False,False,False,False,2023,S1_S2,west,S2,2023-06-26_S1_S2_69e5d9b6,VWC_1_raw_S2_B,B,1,6,2023-06-26 09:31:00,2023-06-26 16:02:00,2023-06-26 03:31:00,8.743,8.565,8.751,2023-06-26 04:00:00,0.008,-0.178,0.5,0.0,precip_in,0.01,0.0,0.0,BattV_Min_S2_B,False,False,False,False,5.9833,5.9833,20.2333,6.5167,44700.0,,,,,,,,,,,,,,,,
False,False,False,False,2023,S1_S2,west,S2,2023-06-26_S1_S2_69e5d9b6,VWC_2_raw_S2_B,B,2,12,2023-06-26 09:31:00,2023-06-26 16:02:00,2023-06-26 03:31:00,7.249,7.055,7.253,2023-06-26 04:00:00,0.004,-0.194,0.5,0.0,precip_in,0.01,0.0,0.0,BattV_Min_S2_B,False,False,False,False,5.4833,5.4833,15.2333,6.5167,44700.0,,,,,,,,,,,,,,,,
False,False,False,False,2023,S1_S2,west,S2,2023-06-26_S1_S2_69e5d9b6,VWC_3_raw_S2_B,B,3,18,2023-06-26 09:31:00,2023-06-26 16:02:00,2023-06-26 03:31:00,10.089,9.765,10.089,2023-06-26 03:45:00,0.0,-0.324,0.5,0.0,precip_in,0.01,0.0,0.0,BattV_Min_S2_B,False,False,False,False,5.9833,5.9833,9.9833,6.5167,44700.0,,,,,,,,,,,,,,,,
False,False,False,False,2023,S1_S2,west,S2,2023-07-17_S1_S2_ae0a89b4,VWC_1_raw_S2_B,B,1,6,2023-07-17 08:04:00,2023-07-17 16:04:00,2023-07-17 02:04:00,8.685,8.457,8.699,2023-07-17 02:45:00,0.014,-0.228,0.5,0.0,precip_in,0.01,0.0,0.0,BattV_Min_S2_B,False,False,False,False,6.4333,6.4333,10.4333,8.0,60450.0,,,,,,,,,,,,,,,,
False,False,False,False,2023,S1_S2,west,S2,2023-07-17_S1_S2_ae0a89b4,VWC_2_raw_S2_B,B,2,12,2023-07-17 08:04:00,2023-07-17 16:04:00,2023-07-17 02:04:00,7.03,6.873,7.036,2023-07-17 02:30:00,0.006,-0.157,0.5,0.0,precip_in,0.01,0.0,0.0,BattV_Min_S2_B,False,False,False,False,6.4333,6.4333,6.6833,8.0,60450.0,,,,,,,,,,,,,,,,
False,False,False,False,2023,S1_S2,west,S2,2023-07-17_S1_S2_ae0a89b4,VWC_3_raw_S2_B,B,3,18,2023-07-17 08:04:00,2023-07-17 16:04:00,2023-07-17 02:04:00,7.264,7.159,7.274,2023-07-17 04:45:00,0.01,-0.105,0.5,0.0,precip_in,0.01,0.0,0.0,BattV_Min_S2_B,False,False,False,False,7.4333,7.4333,11.4333,8.0,60450.0,,,,,,,,,,,,,,,,
False,False,False,False,2023,S1_S2,west,S2,2023-08-05_S1_S2_efaa9d14,VWC_1_raw_S2_B,B,1,6,2023-08-05 08:48:00,2023-08-05 14:56:00,2023-08-05 02:48:00,9.779,9.603,9.779,2023-08-05 03:00:00,0.0,-0.176,0.5,0.0,precip_in,0.01,0.0,0.0,BattV_Min_S2_B,False,False,False,False,5.45,5.45,18.95,6.1333,49250.0,,,,,,,,,,,,,,,,
False,False,False,False,2023,S1_S2,west,S2,2023-08-05_S1_S2_efaa9d14,VWC_2_raw_S2_B,B,2,12,2023-08-05 08:48:00,2023-08-05 14:56:00,2023-08-05 02:48:00,8.984,8.872,8.998,2023-08-05 03:45:00,0.014,-0.112,0.5,0.0,precip_in,0.01,0.0,0.0,BattV_Min_S2_B,False,False,False,False,5.7,5.7,15.45,6.1333,49250.0,,,,,,,,,,,,,,,,
False,False,False,False,2023,S1_S2,west,S2,2023-08-24_S1_S2_6cc99259,VWC_1_raw_S2_B,B,1,6,2023-08-24 13:47:00,2023-08-24 18:16:00,2023-08-24 07:47:00,9.146,9.273,9.273,2023-08-24 13:45:00,0.127,0.127,0.5,0.0,precip_in,0.01,0.0,0.0,BattV_Min_S2_B,False,False,False,False,3.7167,3.7167,15.2167,4.4833,30125.0,,,,,,,,,,,,,,,,
False,False,False,False,2023,S1_S2,west,S2,2023-08-24_S1_S2_6cc99259,VWC_2_raw_S2_B,B,2,12,2023-08-24 13:47:00,2023-08-24 18:16:00,2023-08-24 07:47:00,8.219,8.175,8.241,2023-08-24 11:45:00,0.022,-0.044,0.5,0.0,precip_in,0.01,0.0,0.0,BattV_Min_S2_B,False,False,False,False,3.9667,3.9667,13.9667,4.4833,30125.0,,,,,,,,,,,,,,,,
False,False,False,False,2023,S1_S2,west,S2,2023-08-24_S1_S2_6cc99259,VWC_3_raw_S2_B,B,3,18,2023-08-24 13:47:00,2023-08-24 18:16:00,2023-08-24 07:47:00,18.773,18.336,18.779,2023-08-24 09:30:00,0.006,-0.437,0.5,0.0,precip_in,0.01,0.0,0.0,BattV_Min_S2_B,False,False,False,False,3.9667,3.9667,7.9667,4.4833,30125.0,,,,,,,,,,,,,,,,
False,False,False,False,2023,S1_S2,west,S2,2023-09-21_S1_S2_6dbb0789,VWC_1_raw_S2_B,B,1,6,2023-09-21 09:07:00,2023-09-21 16:09:00,2023-09-21 03:07:00,8.401,8.271,8.411,2023-09-21 05:00:00,0.01,-0.13,0.5,0.0,precip_in,0.01,0.0,0.0,BattV_Min_S2_B,False,False,False,False,6.3833,6.3833,20.1333,7.0333,37650.0,,,,,,,,,,,,,,,,
False,False,False,False,2023,S1_S2,west,S2,2023-09-21_S1_S2_6dbb0789,VWC_2_raw_S2_B,B,2,12,2023-09-21 09:07:00,2023-09-21 16:09:00,2023-09-21 03:07:00,7.016,6.94,7.045,2023-09-21 05:45:00,0.029,-0.076,0.5,0.0,precip_in,0.01,0.0,0.0,BattV_Min_S2_B,False,False,False,False,6.3833,6.3833,18.8833,7.0333,37650.0,,,,,,,,,,,,,,,,
False,False,False,False,2023,S1_S2,west,S2,2023-09-21_S1_S2_6dbb0789,VWC_3_raw_S2_B,B,3,18,2023-09-21 09:07:00,2023-09-21 16:09:00,2023-09-21 03:07:00,7.826,7.645,7.835,2023-09-21 06:00:00,0.009,-0.181,0.5,0.0,precip_in,0.01,0.0,0.0,BattV_Min_S2_B,False,False,False,False,6.3833,6.3833,10.3833,7.0333,37650.0,,,,,,,,,,,,,,,,
False,False,False,False,2023,S3_S4,east,S3,2023-05-24_S3_S4_31cada45,VWC_1_raw_S3_B,B,1,6,2023-05-24 09:25:00,2023-05-24 13:19:00,2023-05-24 03:25:00,6.531,6.267,6.545,2023-05-24 04:30:00,0.014,-0.264,0.5,0.0,precip_in,0.01,0.0,0.0,BattV_Min_S3_B,False,False,False,False,16.3333,16.3333,16.5833,3.9,73300.0,,,,,,,,,,,,,,,,
False,False,False,False,2023,S3_S4,east,S3,2023-05-24_S3_S4_31cada45,VWC_2_raw_S3_B,B,2,12,2023-05-24 09:25:00,2023-05-24 13:19:00,2023-05-24 03:25:00,7.014,6.843,7.044,2023-05-24 04:15:00,0.03,-0.171,0.5,0.0,precip_in,0.01,0.0,0.0,BattV_Min_S3_B,False,False,False,False,23.8333,23.8333,24.0833,3.9,73300.0,,,,,,,,,,,,,,,,
False,False,False,False,2023,S3_S4,east,S3,2023-05-24_S3_S4_31cada45,VWC_3_raw_S3_B,B,3,18,2023-05-24 09:25:00,2023-05-24 13:19:00,2023-05-24 03:25:00,4.846,4.838,4.846,2023-05-24 03:30:00,0.0,-0.008,0.5,0.0,precip_in,0.01,0.0,0.0,BattV_Min_S3_B,False,False,False,False,9.8333,9.8333,10.0833,3.9,73300.0,,,,,,,,,,,,,,,,
False,False,False,False,2023,S3_S4,east,S3,2023-06-02_S3_S4_e824e1bc,VWC_1_raw_S3_B,B,1,6,2023-06-02 15:43:00,2023-06-02 22:12:00,2023-06-02 09:43:00,20.163,20.207,20.243,2023-06-02 14:45:00,0.08,0.044,0.5,0.0,precip_in,0.01,0.0,0.0,BattV_Min_S3_B,False,False,False,False,6.0333,6.0333,12.2833,6.4833,33750.0,,,,,,,,,,,,,,,,
False,False,False,False,2023,S3_S4,east,S3,2023-06-02_S3_S4_e824e1bc,VWC_2_raw_S3_B,B,2,12,2023-06-02 15:43:00,2023-06-02 22:12:00,2023-06-02 09:43:00,16.95,16.851,16.95,2023-06-02 09:45:00,0.0,-0.099,0.5,0.0,precip_in,0.01,0.0,0.0,BattV_Min_S3_B,False,False,False,False,8.0333,8.0333,10.5333,6.4833,33750.0,,,,,,,,,,,,,,,,
False,False,False,False,2023,S3_S4,east,S3,2023-06-02_S3_S4_e824e1bc,VWC_3_raw_S3_B,B,3,18,2023-06-02 15:43:00,2023-06-02 22:12:00,2023-06-02 09:43:00,10.367,10.267,10.367,2023-06-02 09:45:00,0.0,-0.1,0.5,0.0,precip_in,0.01,0.0,0.0,BattV_Min_S3_B,False,False,False,False,6.2833,6.2833,19.7833,6.4833,33750.0,,,,,,,,,,,,,,,,
False,False,False,False,2023,S3_S4,east,S3,2023-06-14_S3_S4_71ac748b,VWC_1_raw_S3_B,B,1,6,2023-06-14 08:25:00,2023-06-14 17:29:00,2023-06-14 02:25:00,17.151,16.823,17.164,2023-06-14 02:45:00,0.013,-0.328,0.5,0.0,precip_in,0.01,0.0,0.0,BattV_Min_S3_B,False,False,False,False,9.5833,9.5833,9.8333,9.0667,64100.0,,,,,,,,,,,,,,,,
False,False,False,False,2023,S3_S4,east,S3,2023-06-14_S3_S4_71ac748b,VWC_2_raw_S3_B,B,2,12,2023-06-14 08:25:00,2023-06-14 17:29:00,2023-06-14 02:25:00,19.845,19.755,19.867,2023-06-14 04:00:00,0.022,-0.09,0.5,0.0,precip_in,0.01,0.0,0.0,BattV_Min_S3_B,False,False,False,False,10.5833,10.5833,16.3333,9.0667,64100.0,,,,,,,,,,,,,,,,
False,False,False,False,2023,S3_S4,east,S3,2023-06-14_S3_S4_71ac748b,VWC_3_raw_S3_B,B,3,18,2023-06-14 08:25:00,2023-06-14 17:29:00,2023-06-14 02:25:00,12.967,12.913,12.971,2023-06-14 04:30:00,0.004,-0.054,0.5,0.0,precip_in,0.01,0.0,0.0,BattV_Min_S3_B,False,False,False,False,10.5833,10.5833,14.5833,9.0667,64100.0,,,,,,,,,,,,,,,,
False,False,False,False,2023,S3_S4,east,S3,2023-06-27_S3_S4_87f629e2,VWC_1_raw_S3_B,B,1,6,2023-06-27 07:53:00,2023-06-27 16:14:00,2023-06-27 01:53:00,12.365,12.007,12.365,2023-06-27 02:00:00,0.0,-0.358,0.5,0.0,precip_in,0.01,0.0,0.0,BattV_Min_S3_B,False,False,False,False,9.6167,9.6167,20.8667,8.35,67850.0,,,,,,,,,,,,,,,,
False,False,False,False,2023,S3_S4,east,S3,2023-06-27_S3_S4_87f629e2,VWC_2_raw_S3_B,B,2,12,2023-06-27 07:53:00,2023-06-27 16:14:00,2023-06-27 01:53:00,17.329,17.058,17.329,2023-06-27 02:00:00,0.0,-0.271,0.5,0.0,precip_in,0.01,0.0,0.0,BattV_Min_S3_B,False,False,False,False,9.8667,9.8667,15.1167,8.35,67850.0,,,,,,,,,,,,,,,,
False,False,False,False,2023,S3_S4,east,S3,2023-06-27_S3_S4_87f629e2,VWC_3_raw_S3_B,B,3,18,2023-06-27 07:53:00,2023-06-27 16:14:00,2023-06-27 01:53:00,13.753,13.746,13.753,2023-06-27 02:00:00,0.0,-0.007,0.5,0.0,precip_in,0.01,0.0,0.0,BattV_Min_S3_B,False,False,False,False,9.8667,9.8667,13.8667,8.35,67850.0,,,,,,,,,,,,,,,,
False,False,False,False,2023,S3_S4,east,S3,2023-07-07_S3_S4_bf19b251,VWC_1_raw_S3_B,B,1,6,2023-07-07 07:46:00,2023-07-07 15:46:00,2023-07-07 01:46:00,13.543,13.144,13.547,2023-07-07 02:15:00,0.004,-0.399,0.5,0.0,precip_in,0.01,0.0,0.0,BattV_Min_S3_B,False,False,False,False,9.4833,9.4833,22.4833,8.0,64250.0,,,,,,,,,,,,,,,,
False,False,False,False,2023,S3_S4,east,S3,2023-07-07_S3_S4_bf19b251,VWC_2_raw_S3_B,B,2,12,2023-07-07 07:46:00,2023-07-07 15:46:00,2023-07-07 01:46:00,17.437,17.276,17.439,2023-07-07 02:15:00,0.002,-0.161,0.5,0.0,precip_in,0.01,0.0,0.0,BattV_Min_S3_B,False,False,False,False,9.4833,9.4833,14.7333,8.0,64250.0,,,,,,,,,,,,,,,,
False,False,False,False,2023,S3_S4,east,S3,2023-07-07_S3_S4_bf19b251,VWC_3_raw_S3_B,B,3,18,2023-07-07 07:46:00,2023-07-07 15:46:00,2023-07-07 01:46:00,14.069,14.071,14.071,2023-07-07 07:45:00,0.002,0.002,0.5,0.0,precip_in,0.01,0.0,0.0,BattV_Min_S3_B,False,False,False,False,4.7333,4.7333,7.4833,8.0,64250.0,,,,,,,,,,,,,,,,
False,False,False,False,2023,S3_S4,east,S3,2023-07-17_S3_S4_a04fe807,VWC_1_raw_S3_B,B,1,6,2023-07-17 19:19:00,2023-07-18 05:53:00,2023-07-17 13:19:00,10.686,10.756,10.791,2023-07-17 17:00:00,0.105,0.07,0.5,0.0,precip_in,0.01,0.0,0.0,BattV_Min_S3_B,False,False,False,False,12.1833,12.1833,16.1833,10.5667,80450.0,,,,,,,,,,,,,,,,
False,False,False,False,2023,S3_S4,east,S3,2023-07-17_S3_S4_a04fe807,VWC_2_raw_S3_B,B,2,12,2023-07-17 19:19:00,2023-07-18 05:53:00,2023-07-17 13:19:00,11.686,11.011,11.686,2023-07-17 13:30:00,0.0,-0.675,0.5,0.0,precip_in,0.01,0.0,0.0,BattV_Min_S3_B,False,False,False,False,11.9333,11.9333,25.9333,10.5667,80450.0,,,,,,,,,,,,,,,,
False,False,False,False,2023,S3_S4,east,S3,2023-07-17_S3_S4_a04fe807,VWC_3_raw_S3_B,B,3,18,2023-07-17 19:19:00,2023-07-18 05:53:00,2023-07-17 13:19:00,11.142,10.22,11.142,2023-07-17 13:30:00,0.0,-0.922,0.5,0.0,precip_in,0.01,0.0,0.0,BattV_Min_S3_B,False,False,False,False,12.1833,12.1833,16.1833,10.5667,80450.0,,,,,,,,,,,,,,,,
False,False,False,False,2023,S3_S4,east,S3,2023-07-27_S3_S4_89a0fecc,VWC_1_raw_S3_B,B,1,6,2023-07-27 10:00:00,2023-07-27 17:29:00,2023-07-27 04:00:00,13.35,13.12,13.365,2023-07-27 04:45:00,0.015,-0.23,0.5,0.0,precip_in,0.01,0.0,0.0,BattV_Min_S3_B,False,False,False,False,9.5,9.5,21.25,7.4833,25200.0,,,,,,,,,,,,,,,,
False,False,False,False,2023,S3_S4,east,S3,2023-07-27_S3_S4_89a0fecc,VWC_2_raw_S3_B,B,2,12,2023-07-27 10:00:00,2023-07-27 17:29:00,2023-07-27 04:00:00,17.309,17.132,17.323,2023-07-27 04:45:00,0.014,-0.177,0.5,0.0,precip_in,0.01,0.0,0.0,BattV_Min_S3_B,False,False,False,False,9.25,9.25,14.75,7.4833,25200.0,,,,,,,,,,,,,,,,
False,False,False,False,2023,S3_S4,east,S3,2023-07-27_S3_S4_89a0fecc,VWC_3_raw_S3_B,B,3,18,2023-07-27 10:00:00,2023-07-27 17:29:00,2023-07-27 04:00:00,14.074,14.069,14.092,2023-07-27 09:45:00,0.018,-0.005,0.5,0.0,precip_in,0.01,0.0,0.0,BattV_Min_S3_B,False,False,False,False,9.25,9.25,13.25,7.4833,25200.0,,,,,,,,,,,,,,,,
False,False,False,False,2023,S3_S4,east,S3,2023-08-05_S3_S4_0f92146d,VWC_1_raw_S3_B,B,1,6,2023-08-05 08:51:00,2023-08-05 11:03:00,2023-08-05 02:51:00,20.351,20.07,20.351,2023-08-05 03:00:00,0.0,-0.281,0.5,0.0,precip_in,0.01,0.0,0.0,BattV_Min_S3_B,False,False,False,False,3.65,3.65,13.15,2.2,18300.0,,,,,,,,,,,,,,,,
False,False,False,False,2023,S3_S4,east,S3,2023-08-05_S3_S4_0f92146d,VWC_2_raw_S3_B,B,2,12,2023-08-05 08:51:00,2023-08-05 11:03:00,2023-08-05 02:51:00,24.678,24.657,24.713,2023-08-05 04:30:00,0.035,-0.021,0.5,0.0,precip_in,0.01,0.0,0.0,BattV_Min_S3_B,False,False,False,False,3.65,3.65,10.9,2.2,18300.0,,,,,,,,,,,,,,,,
False,False,False,False,2023,S3_S4,east,S3,2023-08-05_S3_S4_0f92146d,VWC_3_raw_S3_B,B,3,18,2023-08-05 08:51:00,2023-08-05 11:03:00,2023-08-05 02:51:00,16.037,16.051,16.052,2023-08-05 08:00:00,0.015,0.014,0.5,0.0,precip_in,0.01,0.0,0.0,BattV_Min_S3_B,False,False,False,False,3.65,3.65,7.65,2.2,18300.0,,,,,,,,,,,,,,,,
False,False,False,False,2023,S3_S4,east,S3,2023-08-10_S3_S4_7fce3d7b,VWC_1_raw_S3_B,B,1,6,2023-08-10 13:57:00,2023-08-10 19:37:00,2023-08-10 07:57:00,20.469,19.8,20.485,2023-08-10 08:45:00,0.016,-0.669,0.5,0.0,precip_in,0.01,0.0,0.0,BattV_Min_S3_B,False,False,False,False,7.3,7.3,16.3,5.6667,52850.0,,,,,,,,,,,,,,,,
False,False,False,False,2023,S3_S4,east,S3,2023-08-10_S3_S4_7fce3d7b,VWC_2_raw_S3_B,B,2,12,2023-08-10 13:57:00,2023-08-10 19:37:00,2023-08-10 07:57:00,25.288,24.911,25.288,2023-08-10 08:00:00,0.0,-0.377,0.5,0.0,precip_in,0.01,0.0,0.0,BattV_Min_S3_B,False,False,False,False,7.3,7.3,15.05,5.6667,52850.0,,,,,,,,,,,,,,,,
False,False,False,False,2023,S3_S4,east,S3,2023-08-10_S3_S4_7fce3d7b,VWC_3_raw_S3_B,B,3,18,2023-08-10 13:57:00,2023-08-10 19:37:00,2023-08-10 07:57:00,16.561,16.405,16.561,2023-08-10 08:00:00,0.0,-0.156,0.5,0.0,precip_in,0.01,0.0,0.0,BattV_Min_S3_B,False,False,False,False,7.05,7.05,11.05,5.6667,52850.0,,,,,,,,,,,,,,,,
False,False,False,False,2023,S3_S4,east,S3,2023-08-24_S3_S4_a4b6ae2a,VWC_1_raw_S3_B,B,1,6,2023-08-24 13:47:00,2023-08-24 18:16:00,2023-08-24 07:47:00,11.101,11.053,11.123,2023-08-24 10:15:00,0.022,-0.048,0.5,0.0,precip_in,0.01,0.0,0.0,BattV_Min_S3_B,False,False,False,False,5.9667,5.9667,15.9667,4.4833,30125.0,,,,,,,,,,,,,,,,
False,False,False,False,2023,S3_S4,east,S3,2023-08-24_S3_S4_a4b6ae2a,VWC_2_raw_S3_B,B,2,12,2023-08-24 13:47:00,2023-08-24 18:16:00,2023-08-24 07:47:00,13.267,13.079,13.279,2023-08-24 09:45:00,0.012,-0.188,0.5,0.0,precip_in,0.01,0.0,0.0,BattV_Min_S3_B,False,False,False,False,6.2167,6.2167,12.9667,4.4833,30125.0,,,,,,,,,,,,,,,,
False,False,False,False,2023,S3_S4,east,S3,2023-08-24_S3_S4_a4b6ae2a,VWC_3_raw_S3_B,B,3,18,2023-08-24 13:47:00,2023-08-24 18:16:00,2023-08-24 07:47:00,13.833,13.753,13.84,2023-08-24 09:15:00,0.007,-0.08,0.5,0.0,precip_in,0.01,0.0,0.0,BattV_Min_S3_B,False,False,False,False,5.9667,5.9667,9.9667,4.4833,30125.0,,,,,,,,,,,,,,,,
False,False,False,False,2023,S3_S4,east,S3,2023-09-07_S3_S4_ea877a99,VWC_1_raw_S3_B,B,1,6,2023-09-07 07:38:00,2023-09-07 18:19:00,2023-09-07 01:38:00,11.821,11.535,11.821,2023-09-07 01:45:00,0.0,-0.286,0.5,0.0,precip_in,0.01,0.0,0.0,BattV_Min_S3_B,False,False,False,False,7.8667,7.8667,8.1167,10.6833,78850.0,,,,,,,,,,,,,,,,
False,False,False,False,2023,S3_S4,east,S3,2023-09-07_S3_S4_ea877a99,VWC_2_raw_S3_B,B,2,12,2023-09-07 07:38:00,2023-09-07 18:19:00,2023-09-07 01:38:00,14.487,14.347,14.511,2023-09-07 04:00:00,0.024,-0.14,0.5,0.0,precip_in,0.01,0.0,0.0,BattV_Min_S3_B,False,False,False,False,12.1167,12.1167,19.1167,10.6833,78850.0,,,,,,,,,,,,,,,,
False,False,False,False,2023,S3_S4,east,S3,2023-09-07_S3_S4_ea877a99,VWC_3_raw_S3_B,B,3,18,2023-09-07 07:38:00,2023-09-07 18:19:00,2023-09-07 01:38:00,13.022,13.031,13.031,2023-09-07 07:30:00,0.009,0.009,0.5,0.0,precip_in,0.01,0.0,0.0,BattV_Min_S3_B,False,False,False,False,12.1167,12.1167,16.1167,10.6833,78850.0,,,,,,,,,,,,,,,,
False,False,False,False,2023,S3_S4,east,S3,2023-09-22_S3_S4_157133f5,VWC_1_raw_S3_B,B,1,6,2023-09-22 07:20:00,2023-09-22 16:18:00,2023-09-22 01:20:00,15.997,15.809,16.015,2023-09-22 02:00:00,0.018,-0.188,0.5,0.0,precip_in,0.01,0.0,0.0,BattV_Min_S3_B,False,False,False,False,10.6667,10.6667,23.6667,8.9667,72300.0,,,,,,,,,,,,,,,,
False,False,False,False,2023,S3_S4,east,S3,2023-09-22_S3_S4_157133f5,VWC_2_raw_S3_B,B,2,12,2023-09-22 07:20:00,2023-09-22 16:18:00,2023-09-22 01:20:00,19.763,19.671,19.769,2023-09-22 03:45:00,0.006,-0.092,0.5,0.0,precip_in,0.01,0.0,0.0,BattV_Min_S3_B,False,False,False,False,10.6667,10.6667,20.9167,8.9667,72300.0,,,,,,,,,,,,,,,,
False,False,False,False,2023,S3_S4,east,S3,2023-09-22_S3_S4_157133f5,VWC_3_raw_S3_B,B,3,18,2023-09-22 07:20:00,2023-09-22 16:18:00,2023-09-22 01:20:00,13.34,13.302,13.347,2023-09-22 07:00:00,0.007,-0.038,0.5,0.0,precip_in,0.01,0.0,0.0,BattV_Min_S3_B,False,False,False,False,10.4167,10.4167,14.4167,8.9667,72300.0,,,,,,,,,,,,,,,,
False,False,False,False,2023,S3_S4,east,S4,2023-05-24_S3_S4_31cada45,VWC_1_raw_S4_B,B,1,6,2023-05-24 09:25:00,2023-05-24 13:19:00,2023-05-24 03:25:00,6.677,6.617,6.734,2023-05-24 07:00:00,0.057,-0.06,0.5,0.0,precip_in,0.01,0.0,0.0,BattV_Min_S4_B,False,False,False,False,20.0833,20.0833,20.3333,3.9,73300.0,,,,,,,,,,,,,,,,
False,False,False,False,2023,S3_S4,east,S4,2023-05-24_S3_S4_31cada45,VWC_2_raw_S4_B,B,2,12,2023-05-24 09:25:00,2023-05-24 13:19:00,2023-05-24 03:25:00,22.23,21.765,22.23,2023-05-24 03:30:00,0.0,-0.465,0.5,0.0,precip_in,0.01,0.0,0.0,BattV_Min_S4_B,False,False,False,False,0.0833,0.0833,,3.9,73300.0,,,,,,,,,,,,,,,,
False,False,False,False,2023,S3_S4,east,S4,2023-05-24_S3_S4_31cada45,VWC_3_raw_S4_B,B,3,18,2023-05-24 09:25:00,2023-05-24 13:19:00,2023-05-24 03:25:00,9.729,9.797,9.801,2023-05-24 08:15:00,0.072,0.068,0.5,0.0,precip_in,0.01,0.0,0.0,BattV_Min_S4_B,False,False,False,False,23.0833,23.0833,23.3333,3.9,73300.0,,,,,,,,,,,,,,,,
False,False,False,False,2023,S3_S4,east,S4,2023-06-02_S3_S4_e824e1bc,VWC_1_raw_S4_B,B,1,6,2023-06-02 15:43:00,2023-06-02 22:12:00,2023-06-02 09:43:00,12.897,12.768,12.921,2023-06-02 11:00:00,0.024,-0.129,0.5,0.0,precip_in,0.01,0.0,0.0,BattV_Min_S4_B,False,False,False,False,0.7833,0.7833,,6.4833,33750.0,,,,,,,,,,,,,,,,
False,False,False,False,2023,S3_S4,east,S4,2023-06-02_S3_S4_e824e1bc,VWC_2_raw_S4_B,B,2,12,2023-06-02 15:43:00,2023-06-02 22:12:00,2023-06-02 09:43:00,21.409,21.343,21.425,2023-06-02 10:15:00,0.016,-0.066,0.5,0.0,precip_in,0.01,0.0,0.0,BattV_Min_S4_B,False,False,False,False,7.5333,7.5333,,6.4833,33750.0,,,,,,,,,,,,,,,,
False,False,False,False,2023,S3_S4,east,S4,2023-06-02_S3_S4_e824e1bc,VWC_3_raw_S4_B,B,3,18,2023-06-02 15:43:00,2023-06-02 22:12:00,2023-06-02 09:43:00,11.972,12.043,12.074,2023-06-02 14:45:00,0.102,0.071,0.5,0.0,precip_in,0.01,0.0,0.0,BattV_Min_S4_B,False,False,False,False,21.2833,21.2833,,6.4833,33750.0,,,,,,,,,,,,,,,,
False,False,False,False,2023,S3_S4,east,S4,2023-06-14_S3_S4_71ac748b,VWC_1_raw_S4_B,B,1,6,2023-06-14 08:25:00,2023-06-14 17:29:00,2023-06-14 02:25:00,8.542,8.201,8.551,2023-06-14 02:45:00,0.009,-0.341,0.5,0.0,precip_in,0.01,0.0,0.0,BattV_Min_S4_B,False,False,False,False,17.8333,17.8333,18.0833,9.0667,64100.0,,,,,,,,,,,,,,,,
False,False,False,False,2023,S3_S4,east,S4,2023-06-14_S3_S4_71ac748b,VWC_2_raw_S4_B,B,2,12,2023-06-14 08:25:00,2023-06-14 17:29:00,2023-06-14 02:25:00,22.719,22.483,22.751,2023-06-14 03:45:00,0.032,-0.236,0.5,0.0,precip_in,0.01,0.0,0.0,BattV_Min_S4_B,False,False,False,False,14.3333,14.3333,15.5833,9.0667,64100.0,,,,,,,,,,,,,,,,
False,False,False,False,2023,S3_S4,east,S4,2023-06-14_S3_S4_71ac748b,VWC_3_raw_S4_B,B,3,18,2023-06-14 08:25:00,2023-06-14 17:29:00,2023-06-14 02:25:00,12.105,12.094,12.135,2023-06-14 04:30:00,0.03,-0.011,0.5,0.0,precip_in,0.01,0.0,0.0,BattV_Min_S4_B,False,False,False,False,23.8333,23.8333,38.8333,9.0667,64100.0,,,,,,,,,,,,,,,,
False,False,False,False,2023,S3_S4,east,S4,2023-07-17_S3_S4_a04fe807,VWC_2_raw_S4_B,B,2,12,2023-07-17 19:19:00,2023-07-18 05:53:00,2023-07-17 13:19:00,25.383,24.69,25.446,2023-07-17 13:45:00,0.063,-0.693,0.5,0.0,precip_in,0.01,0.0,0.0,BattV_Min_S4_B,False,False,False,False,14.9333,14.9333,24.9333,10.5667,80450.0,,,,,,,,,,,,,,,,
False,False,False,False,2023,S3_S4,east,S4,2023-07-17_S3_S4_a04fe807,VWC_3_raw_S4_B,B,3,18,2023-07-17 19:19:00,2023-07-18 05:53:00,2023-07-17 13:19:00,17.404,16.595,17.404,2023-07-17 13:30:00,0.0,-0.809,0.5,0.0,precip_in,0.01,0.0,0.0,BattV_Min_S4_B,False,False,False,False,14.6833,14.6833,18.6833,10.5667,80450.0,,,,,,,,,,,,,,,,
True,True,False,False,2024,S1_S2,west,S1,2024-06-01_S1_S2_ef46e32f,VWC_1_raw_S1_B,B,1,6,2024-06-01 18:05:00,2024-06-02 07:46:00,2024-06-01 12:05:00,29.812,31.623,31.623,2024-06-01 18:00:00,1.811,1.811,0.5,0.0,precip_in,0.01,0.0,0.0,BattV_Min_S1_B,False,False,False,False,14.4167,14.4167,18.4167,13.6833,81250.0,,,13.33,13.365,13.471,0.0,0.0,0.0,0.0,12.768,12.916,13.379,0.0,0.0,0.0,0.0
True,True,False,False,2024,S3_S4,east,S4,2024-07-26_S3_S4_fd133a4c,VWC_1_raw_S4_B,B,1,6,2024-07-26 19:02:00,2024-07-27 07:21:00,2024-07-26 13:02:00,17.535,18.141,18.141,2024-07-26 18:00:00,0.606,0.606,0.5,0.0,precip_in,0.01,0.0,0.0,BattV_Min_S4_B,False,False,False,False,22.9667,22.9667,23.9667,12.3167,71850.0,,,12.195,12.252,12.259,0.0,0.0,0.0,0.0,12.218,12.233,12.261,0.0,0.0,0.0,0.0
False,False,False,True,2024,S3_S4,east,S4,2024-07-26_S3_S4_fd133a4c,VWC_3_raw_S4_B,B,3,18,2024-07-26 19:02:00,2024-07-27 07:21:00,2024-07-26 13:02:00,23.358,23.333,23.358,2024-07-26 13:15:00,0.0,-0.025,0.5,0.8333,precip_in,0.01,0.0,0.0,BattV_Min_S4_B,False,False,False,False,,,,12.3167,71850.0,,,12.195,12.252,12.259,0.0,0.0,0.0,0.0,12.218,12.233,12.261,0.0,0.0,0.0,0.0
False,False,False,False,2024,S1_S2,west,S1,2024-04-20_S1_S2_5f2fb725,VWC_1_raw_S1_B,B,1,6,2024-04-20 10:11:00,2024-04-20 17:54:00,2024-04-20 04:11:00,23.876,22.777,23.876,2024-04-20 04:15:00,0.0,-1.099,0.5,0.0,precip_in,0.01,0.0,0.0,BattV_Min_S1_B,False,False,False,False,16.5667,16.5667,17.5667,7.7167,62950.0,,,12.743,12.7995,13.851,0.0,0.0,0.0,0.0,13.462,13.499,13.618,0.0,0.0,0.0,0.0
False,False,False,False,2024,S1_S2,west,S1,2024-04-20_S1_S2_5f2fb725,VWC_2_raw_S1_B,B,2,12,2024-04-20 10:11:00,2024-04-20 17:54:00,2024-04-20 04:11:00,27.813,27.119,27.813,2024-04-20 04:15:00,0.0,-0.694,0.5,0.0,precip_in,0.01,0.0,0.0,BattV_Min_S1_B,False,False,False,False,22.5667,22.5667,22.8167,7.7167,62950.0,,,12.743,12.7995,13.851,0.0,0.0,0.0,0.0,13.462,13.499,13.618,0.0,0.0,0.0,0.0
False,False,False,False,2024,S1_S2,west,S1,2024-04-20_S1_S2_5f2fb725,VWC_3_raw_S1_B,B,3,18,2024-04-20 10:11:00,2024-04-20 17:54:00,2024-04-20 04:11:00,23.422,23.26,23.558,2024-04-20 04:30:00,0.136,-0.162,0.5,0.0,precip_in,0.01,0.0,0.0,BattV_Min_S1_B,False,False,False,False,16.3167,16.3167,22.0667,7.7167,62950.0,,,12.743,12.7995,13.851,0.0,0.0,0.0,0.0,13.462,13.499,13.618,0.0,0.0,0.0,0.0
False,False,False,False,2024,S1_S2,west,S1,2024-05-11_S1_S2_4c1cd284,VWC_1_raw_S1_B,B,1,6,2024-05-11 06:55:00,2024-05-11 16:18:00,2024-05-11 00:55:00,34.666,33.219,34.666,2024-05-11 01:00:00,0.0,-1.447,0.5,0.0,precip_in,0.01,0.0,0.0,BattV_Min_S1_B,False,False,False,False,14.5833,14.5833,18.5833,9.3833,66500.0,,,12.855,12.9035,12.973,0.0,0.0,0.0,0.0,12.861,13.7735,14.02,0.0,0.0,0.0,0.0
False,False,False,False,2024,S1_S2,west,S1,2024-05-11_S1_S2_4c1cd284,VWC_2_raw_S1_B,B,2,12,2024-05-11 06:55:00,2024-05-11 16:18:00,2024-05-11 00:55:00,39.345,38.686,39.429,2024-05-11 01:30:00,0.084,-0.659,0.5,0.0,precip_in,0.01,0.0,0.0,BattV_Min_S1_B,False,False,False,False,15.0833,15.0833,,9.3833,66500.0,,,12.855,12.9035,12.973,0.0,0.0,0.0,0.0,12.861,13.7735,14.02,0.0,0.0,0.0,0.0
False,False,False,False,2024,S1_S2,west,S1,2024-05-11_S1_S2_4c1cd284,VWC_3_raw_S1_B,B,3,18,2024-05-11 06:55:00,2024-05-11 16:18:00,2024-05-11 00:55:00,36.965,36.82,37.003,2024-05-11 01:30:00,0.038,-0.145,0.5,0.0,precip_in,0.01,0.0,0.0,BattV_Min_S1_B,False,False,False,False,0.0833,0.0833,,9.3833,66500.0,,,12.855,12.9035,12.973,0.0,0.0,0.0,0.0,12.861,13.7735,14.02,0.0,0.0,0.0,0.0
False,False,False,False,2024,S1_S2,west,S1,2024-06-01_S1_S2_ef46e32f,VWC_2_raw_S1_B,B,2,12,2024-06-01 18:05:00,2024-06-02 07:46:00,2024-06-01 12:05:00,31.703,31.929,31.929,2024-06-01 18:00:00,0.226,0.226,0.5,0.0,precip_in,0.01,0.0,0.0,BattV_Min_S1_B,False,False,False,False,15.4167,15.4167,19.4167,13.6833,81250.0,,,13.33,13.365,13.471,0.0,0.0,0.0,0.0,12.768,12.916,13.379,0.0,0.0,0.0,0.0
False,False,False,False,2024,S1_S2,west,S1,2024-06-01_S1_S2_ef46e32f,VWC_3_raw_S1_B,B,3,18,2024-06-01 18:05:00,2024-06-02 07:46:00,2024-06-01 12:05:00,31.376,30.917,31.437,2024-06-01 12:30:00,0.061,-0.459,0.5,0.0,precip_in,0.01,0.0,0.0,BattV_Min_S1_B,False,False,False,False,17.6667,17.6667,21.6667,13.6833,81250.0,,,13.33,13.365,13.471,0.0,0.0,0.0,0.0,12.768,12.916,13.379,0.0,0.0,0.0,0.0
False,False,False,False,2024,S1_S2,west,S1,2024-06-22_S1_S2_e95bd875,VWC_1_raw_S1_B,B,1,6,2024-06-22 08:00:00,2024-06-22 15:49:00,2024-06-22 02:00:00,27.028,26.117,27.028,2024-06-22 02:00:00,0.0,-0.911,0.5,0.0,precip_in,0.01,0.0,0.0,BattV_Min_S1_B,False,False,False,False,11.25,11.25,19.0,7.8167,47100.0,,,12.773,12.833,13.142,0.0,0.0,0.0,0.0,13.142,13.468,13.653,0.0,0.0,0.0,0.0
False,False,False,False,2024,S1_S2,west,S1,2024-06-22_S1_S2_e95bd875,VWC_2_raw_S1_B,B,2,12,2024-06-22 08:00:00,2024-06-22 15:49:00,2024-06-22 02:00:00,26.091,25.718,26.347,2024-06-22 04:00:00,0.256,-0.373,0.5,0.0,precip_in,0.01,0.0,0.0,BattV_Min_S1_B,False,False,False,False,11.75,11.75,15.75,7.8167,47100.0,,,12.773,12.833,13.142,0.0,0.0,0.0,0.0,13.142,13.468,13.653,0.0,0.0,0.0,0.0
False,False,False,False,2024,S1_S2,west,S1,2024-06-22_S1_S2_e95bd875,VWC_3_raw_S1_B,B,3,18,2024-06-22 08:00:00,2024-06-22 15:49:00,2024-06-22 02:00:00,32.651,32.48,32.709,2024-06-22 02:30:00,0.058,-0.171,0.5,0.0,precip_in,0.01,0.0,0.0,BattV_Min_S1_B,False,False,False,False,11.0,11.0,14.0,7.8167,47100.0,,,12.773,12.833,13.142,0.0,0.0,0.0,0.0,13.142,13.468,13.653,0.0,0.0,0.0,0.0
False,False,False,False,2024,S1_S2,west,S1,2024-07-20_S1_S2_6d735351,VWC_1_raw_S1_B,B,1,6,2024-07-20 08:54:00,2024-07-20 17:43:00,2024-07-20 02:54:00,24.256,23.205,24.256,2024-07-20 03:00:00,0.0,-1.051,0.5,0.0,precip_in,0.01,0.0,0.0,BattV_Min_S1_B,False,False,False,False,11.85,11.85,21.1,8.8167,55550.0,,,12.786,12.8255,13.547,0.0,0.0,0.0,0.0,13.263,13.34,13.507,0.0,0.0,0.0,0.0
False,False,False,False,2024,S1_S2,west,S1,2024-07-20_S1_S2_6d735351,VWC_2_raw_S1_B,B,2,12,2024-07-20 08:54:00,2024-07-20 17:43:00,2024-07-20 02:54:00,20.151,19.624,20.151,2024-07-20 03:00:00,0.0,-0.527,0.5,0.0,precip_in,0.01,0.0,0.0,BattV_Min_S1_B,False,False,False,False,11.85,11.85,15.85,8.8167,55550.0,,,12.786,12.8255,13.547,0.0,0.0,0.0,0.0,13.263,13.34,13.507,0.0,0.0,0.0,0.0
False,False,False,False,2024,S1_S2,west,S1,2024-07-20_S1_S2_6d735351,VWC_3_raw_S1_B,B,3,18,2024-07-20 08:54:00,2024-07-20 17:43:00,2024-07-20 02:54:00,21.042,21.101,21.4,2024-07-20 06:00:00,0.358,0.059,0.5,0.0,precip_in,0.01,0.0,0.0,BattV_Min_S1_B,False,False,False,False,15.1,15.1,16.1,8.8167,55550.0,,,12.786,12.8255,13.547,0.0,0.0,0.0,0.0,13.263,13.34,13.507,0.0,0.0,0.0,0.0
False,False,False,False,2024,S1_S2,west,S1,2024-08-10_S1_S2_de427086,VWC_1_raw_S1_B,B,1,6,2024-08-10 08:50:00,2024-08-10 20:38:00,2024-08-10 02:50:00,27.278,26.474,27.278,2024-08-10 03:00:00,0.0,-0.804,0.5,0.0,precip_in,0.01,0.0,0.0,BattV_Min_S1_B,False,False,False,False,10.1667,10.1667,14.4167,11.8,84700.0,,,12.749,12.7745,13.582,0.0,0.0,0.0,0.0,13.3,13.384,13.582,0.0,0.0,0.0,0.0
False,False,False,False,2024,S1_S2,west,S1,2024-08-10_S1_S2_de427086,VWC_2_raw_S1_B,B,2,12,2024-08-10 08:50:00,2024-08-10 20:38:00,2024-08-10 02:50:00,23.917,23.528,23.951,2024-08-10 03:30:00,0.034,-0.389,0.5,0.0,precip_in,0.01,0.0,0.0,BattV_Min_S1_B,False,False,False,False,11.4167,11.4167,15.4167,11.8,84700.0,,,12.749,12.7745,13.582,0.0,0.0,0.0,0.0,13.3,13.384,13.582,0.0,0.0,0.0,0.0
False,False,False,False,2024,S1_S2,west,S1,2024-08-10_S1_S2_de427086,VWC_3_raw_S1_B,B,3,18,2024-08-10 08:50:00,2024-08-10 20:38:00,2024-08-10 02:50:00,33.154,33.029,33.453,2024-08-10 03:30:00,0.299,-0.125,0.5,0.0,precip_in,0.01,0.0,0.0,BattV_Min_S1_B,False,False,False,False,11.6667,11.6667,19.4167,11.8,84700.0,,,12.749,12.7745,13.582,0.0,0.0,0.0,0.0,13.3,13.384,13.582,0.0,0.0,0.0,0.0
False,False,False,False,2024,S1_S2,west,S1,2024-09-07_S1_S2_b15b9a0a,VWC_1_raw_S1_B,B,1,6,2024-09-07 08:23:00,2024-09-07 16:16:00,2024-09-07 02:23:00,27.73,27.369,27.73,2024-09-07 02:30:00,0.0,-0.361,0.5,0.0,precip_in,0.01,0.0,0.0,BattV_Min_S1_B,False,False,False,False,13.1167,13.1167,17.1167,7.8833,53000.0,,,12.741,12.791,12.817,0.0,0.0,0.0,0.0,12.887,13.435,13.738,0.0,0.0,0.0,0.0
False,False,False,False,2024,S1_S2,west,S1,2024-09-07_S1_S2_b15b9a0a,VWC_2_raw_S1_B,B,2,12,2024-09-07 08:23:00,2024-09-07 16:16:00,2024-09-07 02:23:00,28.134,27.001,28.134,2024-09-07 02:30:00,0.0,-1.133,0.5,0.0,precip_in,0.01,0.0,0.0,BattV_Min_S1_B,False,False,False,False,12.1167,12.1167,16.1167,7.8833,53000.0,,,12.741,12.791,12.817,0.0,0.0,0.0,0.0,12.887,13.435,13.738,0.0,0.0,0.0,0.0
False,False,False,False,2024,S1_S2,west,S1,2024-09-07_S1_S2_b15b9a0a,VWC_3_raw_S1_B,B,3,18,2024-09-07 08:23:00,2024-09-07 16:16:00,2024-09-07 02:23:00,31.198,31.096,31.261,2024-09-07 05:15:00,0.063,-0.102,0.5,0.0,precip_in,0.01,0.0,0.0,BattV_Min_S1_B,False,False,False,False,12.3667,12.3667,14.8667,7.8833,53000.0,,,12.741,12.791,12.817,0.0,0.0,0.0,0.0,12.887,13.435,13.738,0.0,0.0,0.0,0.0
False,False,False,False,2024,S1_S2,west,S2,2024-04-20_S1_S2_5f2fb725,VWC_1_raw_S2_B,B,1,6,2024-04-20 10:11:00,2024-04-20 17:54:00,2024-04-20 04:11:00,8.876,8.681,8.886,2024-04-20 04:45:00,0.01,-0.195,0.5,0.0,precip_in,0.01,0.0,0.0,BattV_Min_S2_B,False,False,False,False,8.3167,8.3167,21.0667,7.7167,62950.0,,,12.726,12.7995,13.726,0.0,0.0,0.0,0.0,13.41,13.438,13.491,0.0,0.0,0.0,0.0
False,False,False,False,2024,S1_S2,west,S2,2024-04-20_S1_S2_5f2fb725,VWC_2_raw_S2_B,B,2,12,2024-04-20 10:11:00,2024-04-20 17:54:00,2024-04-20 04:11:00,7.392,7.257,7.392,2024-04-20 04:15:00,0.0,-0.135,0.5,0.0,precip_in,0.01,0.0,0.0,BattV_Min_S2_B,False,False,False,False,8.3167,8.3167,17.5667,7.7167,62950.0,,,12.726,12.7995,13.726,0.0,0.0,0.0,0.0,13.41,13.438,13.491,0.0,0.0,0.0,0.0
False,False,False,False,2024,S1_S2,west,S2,2024-04-20_S1_S2_5f2fb725,VWC_3_raw_S2_B,B,3,18,2024-04-20 10:11:00,2024-04-20 17:54:00,2024-04-20 04:11:00,9.288,9.217,9.308,2024-04-20 08:30:00,0.02,-0.071,0.5,0.0,precip_in,0.01,0.0,0.0,BattV_Min_S2_B,False,False,False,False,8.0667,8.0667,12.0667,7.7167,62950.0,,,12.726,12.7995,13.726,0.0,0.0,0.0,0.0,13.41,13.438,13.491,0.0,0.0,0.0,0.0
False,False,False,False,2024,S1_S2,west,S2,2024-05-11_S1_S2_4c1cd284,VWC_1_raw_S2_B,B,1,6,2024-05-11 06:55:00,2024-05-11 16:18:00,2024-05-11 00:55:00,9.744,9.593,9.761,2024-05-11 01:45:00,0.017,-0.151,0.5,0.0,precip_in,0.01,0.0,0.0,BattV_Min_S2_B,False,False,False,False,14.5833,14.5833,,9.3833,66500.0,,,12.762,12.8115,12.86,0.0,0.0,0.0,0.0,13.025,13.6755,13.906,0.0,0.0,0.0,0.0
False,False,False,False,2024,S1_S2,west,S2,2024-05-11_S1_S2_4c1cd284,VWC_2_raw_S2_B,B,2,12,2024-05-11 06:55:00,2024-05-11 16:18:00,2024-05-11 00:55:00,11.317,11.245,11.323,2024-05-11 01:15:00,0.006,-0.072,0.5,0.0,precip_in,0.01,0.0,0.0,BattV_Min_S2_B,False,False,False,False,1.5833,1.5833,,9.3833,66500.0,,,12.762,12.8115,12.86,0.0,0.0,0.0,0.0,13.025,13.6755,13.906,0.0,0.0,0.0,0.0
False,False,False,False,2024,S1_S2,west,S2,2024-05-11_S1_S2_4c1cd284,VWC_3_raw_S2_B,B,3,18,2024-05-11 06:55:00,2024-05-11 16:18:00,2024-05-11 00:55:00,18.157,18.177,18.177,2024-05-11 06:45:00,0.02,0.02,0.5,0.0,precip_in,0.01,0.0,0.0,BattV_Min_S2_B,False,False,False,False,0.5833,0.5833,,9.3833,66500.0,,,12.762,12.8115,12.86,0.0,0.0,0.0,0.0,13.025,13.6755,13.906,0.0,0.0,0.0,0.0
False,False,False,False,2024,S1_S2,west,S2,2024-06-01_S1_S2_ef46e32f,VWC_1_raw_S2_B,B,1,6,2024-06-01 18:05:00,2024-06-02 07:46:00,2024-06-01 12:05:00,8.994,9.408,9.411,2024-06-01 17:30:00,0.417,0.414,0.5,0.0,precip_in,0.01,0.0,0.0,BattV_Min_S2_B,False,False,False,False,14.4167,14.4167,15.6667,13.6833,81250.0,,,13.261,13.3,13.35,0.0,0.0,0.0,0.0,12.735,12.875,13.699,0.0,0.0,0.0,0.0
False,False,False,False,2024,S1_S2,west,S2,2024-06-01_S1_S2_ef46e32f,VWC_2_raw_S2_B,B,2,12,2024-06-01 18:05:00,2024-06-02 07:46:00,2024-06-01 12:05:00,7.376,7.435,7.441,2024-06-01 17:45:00,0.065,0.059,0.5,0.0,precip_in,0.01,0.0,0.0,BattV_Min_S2_B,False,False,False,False,14.4167,14.4167,26.9167,13.6833,81250.0,,,13.261,13.3,13.35,0.0,0.0,0.0,0.0,12.735,12.875,13.699,0.0,0.0,0.0,0.0
False,False,False,False,2024,S1_S2,west,S2,2024-06-01_S1_S2_ef46e32f,VWC_3_raw_S2_B,B,3,18,2024-06-01 18:05:00,2024-06-02 07:46:00,2024-06-01 12:05:00,7.448,7.183,7.448,2024-06-01 12:15:00,0.0,-0.265,0.5,0.0,precip_in,0.01,0.0,0.0,BattV_Min_S2_B,False,False,False,False,14.4167,14.4167,18.4167,13.6833,81250.0,,,13.261,13.3,13.35,0.0,0.0,0.0,0.0,12.735,12.875,13.699,0.0,0.0,0.0,0.0
False,False,False,False,2024,S1_S2,west,S2,2024-06-22_S1_S2_e95bd875,VWC_1_raw_S2_B,B,1,6,2024-06-22 08:00:00,2024-06-22 15:49:00,2024-06-22 02:00:00,8.81,8.721,8.825,2024-06-22 03:15:00,0.015,-0.089,0.5,0.0,precip_in,0.01,0.0,0.0,BattV_Min_S2_B,False,False,False,False,10.5,10.5,22.5,7.8167,47100.0,,,12.72,12.782,13.564,0.0,0.0,0.0,0.0,13.273,13.378,13.564,0.0,0.0,0.0,0.0
False,False,False,False,2024,S1_S2,west,S2,2024-06-22_S1_S2_e95bd875,VWC_2_raw_S2_B,B,2,12,2024-06-22 08:00:00,2024-06-22 15:49:00,2024-06-22 02:00:00,7.086,6.988,7.087,2024-06-22 02:30:00,0.001,-0.098,0.5,0.0,precip_in,0.01,0.0,0.0,BattV_Min_S2_B,False,False,False,False,8.25,8.25,18.5,7.8167,47100.0,,,12.72,12.782,13.564,0.0,0.0,0.0,0.0,13.273,13.378,13.564,0.0,0.0,0.0,0.0
False,False,False,False,2024,S1_S2,west,S2,2024-06-22_S1_S2_e95bd875,VWC_3_raw_S2_B,B,3,18,2024-06-22 08:00:00,2024-06-22 15:49:00,2024-06-22 02:00:00,6.8,6.807,6.807,2024-06-22 08:00:00,0.007,0.007,0.5,0.0,precip_in,0.01,0.0,0.0,BattV_Min_S2_B,False,False,False,False,8.25,8.25,20.75,7.8167,47100.0,,,12.72,12.782,13.564,0.0,0.0,0.0,0.0,13.273,13.378,13.564,0.0,0.0,0.0,0.0
False,False,False,False,2024,S1_S2,west,S2,2024-07-20_S1_S2_6d735351,VWC_1_raw_S2_B,B,1,6,2024-07-20 08:54:00,2024-07-20 17:43:00,2024-07-20 02:54:00,8.607,8.407,8.617,2024-07-20 03:45:00,0.01,-0.2,0.5,0.0,precip_in,0.01,0.0,0.0,BattV_Min_S2_B,False,False,False,False,9.35,9.35,13.35,8.8167,55550.0,,,12.713,12.758,13.451,0.0,0.0,0.0,0.0,13.197,13.261,13.352,0.0,0.0,0.0,0.0
False,False,False,False,2024,S1_S2,west,S2,2024-07-20_S1_S2_6d735351,VWC_2_raw_S2_B,B,2,12,2024-07-20 08:54:00,2024-07-20 17:43:00,2024-07-20 02:54:00,6.897,6.817,6.933,2024-07-20 07:30:00,0.036,-0.08,0.5,0.0,precip_in,0.01,0.0,0.0,BattV_Min_S2_B,False,False,False,False,9.35,9.35,11.1,8.8167,55550.0,,,12.713,12.758,13.451,0.0,0.0,0.0,0.0,13.197,13.261,13.352,0.0,0.0,0.0,0.0
False,False,False,False,2024,S1_S2,west,S2,2024-07-20_S1_S2_6d735351,VWC_3_raw_S2_B,B,3,18,2024-07-20 08:54:00,2024-07-20 17:43:00,2024-07-20 02:54:00,5.885,5.897,5.897,2024-07-20 08:45:00,0.012,0.012,0.5,0.0,precip_in,0.01,0.0,0.0,BattV_Min_S2_B,False,False,False,False,9.35,9.35,13.35,8.8167,55550.0,,,12.713,12.758,13.451,0.0,0.0,0.0,0.0,13.197,13.261,13.352,0.0,0.0,0.0,0.0
False,False,False,False,2024,S1_S2,west,S2,2024-08-10_S1_S2_de427086,VWC_1_raw_S2_B,B,1,6,2024-08-10 08:50:00,2024-08-10 20:38:00,2024-08-10 02:50:00,9.827,9.625,9.829,2024-08-10 03:15:00,0.002,-0.202,0.5,0.0,precip_in,0.01,0.0,0.0,BattV_Min_S2_B,False,False,False,False,12.1667,12.1667,14.4167,11.8,84700.0,,,12.498,12.7435,13.526,0.0,0.0,0.0,0.0,13.018,13.302,13.439,0.0,0.0,0.0,0.0
False,False,False,False,2024,S1_S2,west,S2,2024-08-10_S1_S2_de427086,VWC_2_raw_S2_B,B,2,12,2024-08-10 08:50:00,2024-08-10 20:38:00,2024-08-10 02:50:00,8.311,8.183,8.338,2024-08-10 04:15:00,0.027,-0.128,0.5,0.0,precip_in,0.01,0.0,0.0,BattV_Min_S2_B,False,False,False,False,15.1667,15.1667,15.4167,11.8,84700.0,,,12.498,12.7435,13.526,0.0,0.0,0.0,0.0,13.018,13.302,13.439,0.0,0.0,0.0,0.0
False,False,False,False,2024,S1_S2,west,S2,2024-08-10_S1_S2_de427086,VWC_3_raw_S2_B,B,3,18,2024-08-10 08:50:00,2024-08-10 20:38:00,2024-08-10 02:50:00,9.304,9.305,9.372,2024-08-10 03:45:00,0.068,0.001,0.5,0.0,precip_in,0.01,0.0,0.0,BattV_Min_S2_B,False,False,False,False,14.4167,14.4167,18.4167,11.8,84700.0,,,12.498,12.7435,13.526,0.0,0.0,0.0,0.0,13.018,13.302,13.439,0.0,0.0,0.0,0.0
False,False,False,False,2024,S1_S2,west,S2,2024-09-07_S1_S2_b15b9a0a,VWC_1_raw_S2_B,B,1,6,2024-09-07 08:23:00,2024-09-07 16:16:00,2024-09-07 02:23:00,10.051,9.831,10.067,2024-09-07 03:00:00,0.016,-0.22,0.5,0.0,precip_in,0.01,0.0,0.0,BattV_Min_S2_B,False,False,False,False,8.6167,8.6167,12.6167,7.8833,53000.0,,,12.586,12.6585,13.482,0.0,0.0,0.0,0.0,13.251,13.3615,13.666,0.0,0.0,0.0,0.0
False,False,False,False,2024,S1_S2,west,S2,2024-09-07_S1_S2_b15b9a0a,VWC_2_raw_S2_B,B,2,12,2024-09-07 08:23:00,2024-09-07 16:16:00,2024-09-07 02:23:00,8.921,8.787,8.921,2024-09-07 02:30:00,0.0,-0.134,0.5,0.0,precip_in,0.01,0.0,0.0,BattV_Min_S2_B,False,False,False,False,8.3667,8.3667,10.1167,7.8833,53000.0,,,12.586,12.6585,13.482,0.0,0.0,0.0,0.0,13.251,13.3615,13.666,0.0,0.0,0.0,0.0
False,False,False,False,2024,S1_S2,west,S2,2024-09-07_S1_S2_b15b9a0a,VWC_3_raw_S2_B,B,3,18,2024-09-07 08:23:00,2024-09-07 16:16:00,2024-09-07 02:23:00,16.037,16.101,16.101,2024-09-07 08:15:00,0.064,0.064,0.5,0.0,precip_in,0.01,0.0,0.0,BattV_Min_S2_B,False,False,False,False,8.6167,8.6167,12.6167,7.8833,53000.0,,,12.586,12.6585,13.482,0.0,0.0,0.0,0.0,13.251,13.3615,13.666,0.0,0.0,0.0,0.0
False,False,False,False,2024,S3_S4,east,S3,2024-04-19_S3_S4_c5bf8374,VWC_1_raw_S3_B,B,1,6,2024-04-19 14:14:00,2024-04-19 21:33:00,2024-04-19 08:14:00,10.767,10.719,10.768,2024-04-19 08:30:00,0.001,-0.048,0.5,0.0,precip_in,0.01,0.0,0.0,BattV_Min_S3_B,False,False,False,False,7.7667,7.7667,18.2667,7.3167,54875.0,,,13.409,13.51,13.803,0.0,0.0,0.0,0.0,13.042,13.426,13.55,0.0,0.0,0.0,0.0
False,False,False,False,2024,S3_S4,east,S3,2024-04-19_S3_S4_c5bf8374,VWC_2_raw_S3_B,B,2,12,2024-04-19 14:14:00,2024-04-19 21:33:00,2024-04-19 08:14:00,12.821,12.473,12.821,2024-04-19 08:15:00,0.0,-0.348,0.5,0.0,precip_in,0.01,0.0,0.0,BattV_Min_S3_B,False,False,False,False,8.0167,8.0167,17.2667,7.3167,54875.0,,,13.409,13.51,13.803,0.0,0.0,0.0,0.0,13.042,13.426,13.55,0.0,0.0,0.0,0.0
False,False,False,False,2024,S3_S4,east,S3,2024-04-19_S3_S4_c5bf8374,VWC_3_raw_S3_B,B,3,18,2024-04-19 14:14:00,2024-04-19 21:33:00,2024-04-19 08:14:00,9.131,9.012,9.141,2024-04-19 10:00:00,0.01,-0.119,0.5,0.0,precip_in,0.01,0.0,0.0,BattV_Min_S3_B,False,False,False,False,8.0167,8.0167,12.0167,7.3167,54875.0,,,13.409,13.51,13.803,0.0,0.0,0.0,0.0,13.042,13.426,13.55,0.0,0.0,0.0,0.0
False,False,False,False,2024,S3_S4,east,S3,2024-05-03_S3_S4_13e4749a,VWC_1_raw_S3_B,B,1,6,2024-05-03 08:37:00,2024-05-03 15:28:00,2024-05-03 02:37:00,21.202,20.942,21.202,2024-05-03 02:45:00,0.0,-0.26,0.5,0.0,precip_in,0.01,0.0,0.0,BattV_Min_S3_B,False,False,False,False,7.6333,7.6333,16.8833,6.85,44600.0,,,12.739,12.864,14.045,0.0,0.0,0.0,0.0,13.458,13.491,13.732,0.0,0.0,0.0,0.0
False,False,False,False,2024,S3_S4,east,S3,2024-05-03_S3_S4_13e4749a,VWC_2_raw_S3_B,B,2,12,2024-05-03 08:37:00,2024-05-03 15:28:00,2024-05-03 02:37:00,23.12,23.142,23.187,2024-05-03 07:00:00,0.067,0.022,0.5,0.0,precip_in,0.01,0.0,0.0,BattV_Min_S3_B,False,False,False,False,7.6333,7.6333,14.3833,6.85,44600.0,,,12.739,12.864,14.045,0.0,0.0,0.0,0.0,13.458,13.491,13.732,0.0,0.0,0.0,0.0
False,False,False,False,2024,S3_S4,east,S3,2024-05-03_S3_S4_13e4749a,VWC_3_raw_S3_B,B,3,18,2024-05-03 08:37:00,2024-05-03 15:28:00,2024-05-03 02:37:00,13.102,13.111,13.113,2024-05-03 08:00:00,0.011,0.009,0.5,0.0,precip_in,0.01,0.0,0.0,BattV_Min_S3_B,False,False,False,False,7.3833,7.3833,11.3833,6.85,44600.0,,,12.739,12.864,14.045,0.0,0.0,0.0,0.0,13.458,13.491,13.732,0.0,0.0,0.0,0.0
False,False,False,False,2024,S3_S4,east,S3,2024-05-17_S3_S4_09c73fc7,VWC_1_raw_S3_B,B,1,6,2024-05-17 13:31:00,2024-05-17 19:09:00,2024-05-17 07:31:00,19.912,19.744,19.912,2024-05-17 07:45:00,0.0,-0.168,0.5,0.0,precip_in,0.01,0.0,0.0,BattV_Min_S3_B,False,False,False,False,6.4833,6.4833,16.7333,5.6333,47550.0,,,13.407,13.461,13.847,0.0,0.0,0.0,0.0,13.332,13.3635,13.395,0.0,0.0,0.0,0.0
False,False,False,False,2024,S3_S4,east,S3,2024-05-17_S3_S4_09c73fc7,VWC_2_raw_S3_B,B,2,12,2024-05-17 13:31:00,2024-05-17 19:09:00,2024-05-17 07:31:00,23.288,23.049,23.306,2024-05-17 08:30:00,0.018,-0.239,0.5,0.0,precip_in,0.01,0.0,0.0,BattV_Min_S3_B,False,False,False,False,6.4833,6.4833,15.4833,5.6333,47550.0,,,13.407,13.461,13.847,0.0,0.0,0.0,0.0,13.332,13.3635,13.395,0.0,0.0,0.0,0.0
False,False,False,False,2024,S3_S4,east,S3,2024-05-17_S3_S4_09c73fc7,VWC_3_raw_S3_B,B,3,18,2024-05-17 13:31:00,2024-05-17 19:09:00,2024-05-17 07:31:00,13.092,12.965,13.096,2024-05-17 08:30:00,0.004,-0.127,0.5,0.0,precip_in,0.01,0.0,0.0,BattV_Min_S3_B,False,False,False,False,6.2333,6.2333,10.2333,5.6333,47550.0,,,13.407,13.461,13.847,0.0,0.0,0.0,0.0,13.332,13.3635,13.395,0.0,0.0,0.0,0.0
False,False,False,False,2024,S3_S4,east,S3,2024-06-01_S3_S4_0880f850,VWC_1_raw_S3_B,B,1,6,2024-06-01 08:29:00,2024-06-01 17:57:00,2024-06-01 02:29:00,17.287,16.985,17.295,2024-06-01 02:45:00,0.008,-0.302,0.5,0.0,precip_in,0.01,0.0,0.0,BattV_Min_S3_B,False,False,False,False,10.5167,10.5167,23.0167,9.4667,61450.0,,,12.806,12.8665,13.819,0.0,0.0,0.0,0.0,13.296,13.3685,13.564,0.0,0.0,0.0,0.0
False,False,False,False,2024,S3_S4,east,S3,2024-06-01_S3_S4_0880f850,VWC_2_raw_S3_B,B,2,12,2024-06-01 08:29:00,2024-06-01 17:57:00,2024-06-01 02:29:00,21.889,21.763,21.895,2024-06-01 02:45:00,0.006,-0.126,0.5,0.0,precip_in,0.01,0.0,0.0,BattV_Min_S3_B,False,False,False,False,10.5167,10.5167,19.2667,9.4667,61450.0,,,12.806,12.8665,13.819,0.0,0.0,0.0,0.0,13.296,13.3685,13.564,0.0,0.0,0.0,0.0
False,False,False,False,2024,S3_S4,east,S3,2024-06-01_S3_S4_0880f850,VWC_3_raw_S3_B,B,3,18,2024-06-01 08:29:00,2024-06-01 17:57:00,2024-06-01 02:29:00,12.957,12.891,12.959,2024-06-01 05:00:00,0.002,-0.066,0.5,0.0,precip_in,0.01,0.0,0.0,BattV_Min_S3_B,False,False,False,False,9.7667,9.7667,13.7667,9.4667,61450.0,,,12.806,12.8665,13.819,0.0,0.0,0.0,0.0,13.296,13.3685,13.564,0.0,0.0,0.0,0.0
False,False,False,False,2024,S3_S4,east,S3,2024-06-15_S3_S4_b6aa9839,VWC_1_raw_S3_B,B,1,6,2024-06-15 07:29:00,2024-06-15 16:13:00,2024-06-15 01:29:00,14.784,14.529,14.813,2024-06-15 03:00:00,0.029,-0.255,0.5,0.0,precip_in,0.01,0.0,0.0,BattV_Min_S3_B,False,False,False,False,9.5167,9.5167,21.7667,8.7333,52500.0,,,12.823,12.873,13.701,0.0,0.0,0.0,0.0,13.249,13.375,13.661,0.0,0.0,0.0,0.0
False,False,False,False,2024,S3_S4,east,S3,2024-06-15_S3_S4_b6aa9839,VWC_2_raw_S3_B,B,2,12,2024-06-15 07:29:00,2024-06-15 16:13:00,2024-06-15 01:29:00,23.899,23.839,23.899,2024-06-15 01:30:00,0.0,-0.06,0.5,0.0,precip_in,0.01,0.0,0.0,BattV_Min_S3_B,False,False,False,False,10.0167,10.0167,17.5167,8.7333,52500.0,,,12.823,12.873,13.701,0.0,0.0,0.0,0.0,13.249,13.375,13.661,0.0,0.0,0.0,0.0
False,False,False,False,2024,S3_S4,east,S3,2024-06-15_S3_S4_b6aa9839,VWC_3_raw_S3_B,B,3,18,2024-06-15 07:29:00,2024-06-15 16:13:00,2024-06-15 01:29:00,16.828,16.766,16.833,2024-06-15 03:30:00,0.005,-0.062,0.5,0.0,precip_in,0.01,0.0,0.0,BattV_Min_S3_B,False,False,False,False,9.5167,9.5167,13.5167,8.7333,52500.0,,,12.823,12.873,13.701,0.0,0.0,0.0,0.0,13.249,13.375,13.661,0.0,0.0,0.0,0.0
False,False,False,False,2024,S3_S4,east,S3,2024-06-28_S3_S4_14b9d993,VWC_1_raw_S3_B,B,1,6,2024-06-28 08:19:00,2024-06-28 14:44:00,2024-06-28 02:19:00,19.493,19.253,19.493,2024-06-28 02:30:00,0.0,-0.24,0.5,0.0,precip_in,0.01,0.2,0.06,BattV_Min_S3_B,False,False,False,False,7.1833,7.1833,7.4333,6.4167,39650.0,2024-06-28 03:00:00,2024-06-28 04:15:00,12.802,12.8775,13.653,0.0,0.0,0.0,0.0,13.365,13.408,13.574,0.0,0.0,0.0,0.0
False,False,False,False,2024,S3_S4,east,S3,2024-06-28_S3_S4_14b9d993,VWC_2_raw_S3_B,B,2,12,2024-06-28 08:19:00,2024-06-28 14:44:00,2024-06-28 02:19:00,24.302,24.242,24.333,2024-06-28 04:30:00,0.031,-0.06,0.5,0.0,precip_in,0.01,0.2,0.06,BattV_Min_S3_B,False,False,False,False,6.6833,6.6833,13.6833,6.4167,39650.0,2024-06-28 03:00:00,2024-06-28 04:15:00,12.802,12.8775,13.653,0.0,0.0,0.0,0.0,13.365,13.408,13.574,0.0,0.0,0.0,0.0
False,False,False,False,2024,S3_S4,east,S3,2024-06-28_S3_S4_14b9d993,VWC_3_raw_S3_B,B,3,18,2024-06-28 08:19:00,2024-06-28 14:44:00,2024-06-28 02:19:00,15.009,14.947,15.012,2024-06-28 03:45:00,0.003,-0.062,0.5,0.0,precip_in,0.01,0.2,0.06,BattV_Min_S3_B,False,False,False,False,6.9333,6.9333,10.9333,6.4167,39650.0,2024-06-28 03:00:00,2024-06-28 04:15:00,12.802,12.8775,13.653,0.0,0.0,0.0,0.0,13.365,13.408,13.574,0.0,0.0,0.0,0.0
False,False,False,False,2024,S3_S4,east,S3,2024-07-11_S3_S4_d29231ea,VWC_1_raw_S3_B,B,1,6,2024-07-11 10:01:00,2024-07-11 17:39:00,2024-07-11 04:01:00,12.787,12.524,12.793,2024-07-11 04:30:00,0.006,-0.263,0.5,0.0,precip_in,0.01,0.01,0.01,BattV_Min_S3_B,False,False,False,False,8.4833,8.4833,8.7333,7.6333,46550.0,2024-07-11 09:15:00,2024-07-11 09:15:00,12.822,13.276,13.558,0.0,0.0,0.0,0.0,13.176,13.2755,13.335,0.0,0.0,0.0,0.0
False,False,False,False,2024,S3_S4,east,S3,2024-07-11_S3_S4_d29231ea,VWC_2_raw_S3_B,B,2,12,2024-07-11 10:01:00,2024-07-11 17:39:00,2024-07-11 04:01:00,19.043,18.581,19.045,2024-07-11 04:30:00,0.002,-0.462,0.5,0.0,precip_in,0.01,0.01,0.01,BattV_Min_S3_B,False,False,False,False,8.2333,8.2333,15.2333,7.6333,46550.0,2024-07-11 09:15:00,2024-07-11 09:15:00,12.822,13.276,13.558,0.0,0.0,0.0,0.0,13.176,13.2755,13.335,0.0,0.0,0.0,0.0
False,False,False,False,2024,S3_S4,east,S3,2024-07-11_S3_S4_d29231ea,VWC_3_raw_S3_B,B,3,18,2024-07-11 10:01:00,2024-07-11 17:39:00,2024-07-11 04:01:00,13.842,13.715,13.846,2024-07-11 05:30:00,0.004,-0.127,0.5,0.0,precip_in,0.01,0.01,0.01,BattV_Min_S3_B,False,False,False,False,7.9833,7.9833,11.9833,7.6333,46550.0,2024-07-11 09:15:00,2024-07-11 09:15:00,12.822,13.276,13.558,0.0,0.0,0.0,0.0,13.176,13.2755,13.335,0.0,0.0,0.0,0.0
False,False,False,False,2024,S3_S4,east,S3,2024-07-26_S3_S4_fd133a4c,VWC_1_raw_S3_B,B,1,6,2024-07-26 19:02:00,2024-07-27 07:21:00,2024-07-26 13:02:00,11.061,11.431,11.434,2024-07-26 18:30:00,0.373,0.37,0.5,0.0,precip_in,0.01,0.0,0.0,BattV_Min_S3_B,False,False,False,False,15.4667,15.4667,27.4667,12.3167,71850.0,,,13.19,13.2075,13.308,0.0,0.0,0.0,0.0,12.838,12.928,13.321,0.0,0.0,0.0,0.0
False,False,False,False,2024,S3_S4,east,S3,2024-07-26_S3_S4_fd133a4c,VWC_2_raw_S3_B,B,2,12,2024-07-26 19:02:00,2024-07-27 07:21:00,2024-07-26 13:02:00,11.173,11.195,11.195,2024-07-26 19:00:00,0.022,0.022,0.5,0.0,precip_in,0.01,0.0,0.0,BattV_Min_S3_B,False,False,False,False,13.4667,13.4667,13.7167,12.3167,71850.0,,,13.19,13.2075,13.308,0.0,0.0,0.0,0.0,12.838,12.928,13.321,0.0,0.0,0.0,0.0
False,False,False,False,2024,S3_S4,east,S3,2024-07-26_S3_S4_fd133a4c,VWC_3_raw_S3_B,B,3,18,2024-07-26 19:02:00,2024-07-27 07:21:00,2024-07-26 13:02:00,10.809,10.458,10.809,2024-07-26 13:15:00,0.0,-0.351,0.5,0.0,precip_in,0.01,0.0,0.0,BattV_Min_S3_B,False,False,False,False,12.7167,12.7167,16.7167,12.3167,71850.0,,,13.19,13.2075,13.308,0.0,0.0,0.0,0.0,12.838,12.928,13.321,0.0,0.0,0.0,0.0
False,False,False,False,2024,S3_S4,east,S3,2024-08-09_S3_S4_fd100e26,VWC_1_raw_S3_B,B,1,6,2024-08-09 08:45:00,2024-08-09 15:50:00,2024-08-09 02:45:00,13.279,13.076,13.298,2024-08-09 03:45:00,0.019,-0.203,0.5,0.0,precip_in,0.01,0.0,0.0,BattV_Min_S3_B,False,False,False,False,8.25,8.25,8.5,7.0833,46900.0,,,12.814,12.865,13.586,0.0,0.0,0.0,0.0,13.23,13.349,13.48,0.0,0.0,0.0,0.0
False,False,False,False,2024,S3_S4,east,S3,2024-08-09_S3_S4_fd100e26,VWC_2_raw_S3_B,B,2,12,2024-08-09 08:45:00,2024-08-09 15:50:00,2024-08-09 02:45:00,18.499,18.44,18.522,2024-08-09 04:00:00,0.023,-0.059,0.5,0.0,precip_in,0.01,0.0,0.0,BattV_Min_S3_B,False,False,False,False,7.5,7.5,18.25,7.0833,46900.0,,,12.814,12.865,13.586,0.0,0.0,0.0,0.0,13.23,13.349,13.48,0.0,0.0,0.0,0.0
False,False,False,False,2024,S3_S4,east,S3,2024-08-09_S3_S4_fd100e26,VWC_3_raw_S3_B,B,3,18,2024-08-09 08:45:00,2024-08-09 15:50:00,2024-08-09 02:45:00,14.41,14.351,14.424,2024-08-09 07:30:00,0.014,-0.059,0.5,0.0,precip_in,0.01,0.0,0.0,BattV_Min_S3_B,False,False,False,False,7.75,7.75,11.75,7.0833,46900.0,,,12.814,12.865,13.586,0.0,0.0,0.0,0.0,13.23,13.349,13.48,0.0,0.0,0.0,0.0
False,False,False,False,2024,S3_S4,east,S3,2024-08-23_S3_S4_0b64e5f5,VWC_1_raw_S3_B,B,1,6,2024-08-23 09:32:00,2024-08-23 15:04:00,2024-08-23 03:32:00,17.037,16.927,17.037,2024-08-23 03:45:00,0.0,-0.11,0.5,0.0,precip_in,0.01,0.02,0.01,BattV_Min_S3_B,False,False,False,False,6.4667,6.4667,6.7167,5.5333,30150.0,2024-08-23 04:45:00,2024-08-23 08:45:00,12.791,12.8455,13.587,0.0,0.0,0.0,0.0,13.417,13.506,13.559,0.0,0.0,0.0,0.0
False,False,False,False,2024,S3_S4,east,S3,2024-08-23_S3_S4_0b64e5f5,VWC_2_raw_S3_B,B,2,12,2024-08-23 09:32:00,2024-08-23 15:04:00,2024-08-23 03:32:00,22.245,22.155,22.251,2024-08-23 04:00:00,0.006,-0.09,0.5,0.0,precip_in,0.01,0.02,0.01,BattV_Min_S3_B,False,False,False,False,6.4667,6.4667,11.9667,5.5333,30150.0,2024-08-23 04:45:00,2024-08-23 08:45:00,12.791,12.8455,13.587,0.0,0.0,0.0,0.0,13.417,13.506,13.559,0.0,0.0,0.0,0.0
False,False,False,False,2024,S3_S4,east,S3,2024-08-23_S3_S4_0b64e5f5,VWC_3_raw_S3_B,B,3,18,2024-08-23 09:32:00,2024-08-23 15:04:00,2024-08-23 03:32:00,14.359,14.3,14.371,2024-08-23 07:00:00,0.012,-0.059,0.5,0.0,precip_in,0.01,0.02,0.01,BattV_Min_S3_B,False,False,False,False,6.4667,6.4667,12.4667,5.5333,30150.0,2024-08-23 04:45:00,2024-08-23 08:45:00,12.791,12.8455,13.587,0.0,0.0,0.0,0.0,13.417,13.506,13.559,0.0,0.0,0.0,0.0
False,False,False,False,2024,S3_S4,east,S3,2024-09-06_S3_S4_9e0ce675,VWC_1_raw_S3_B,B,1,6,2024-09-06 09:33:00,2024-09-06 16:29:00,2024-09-06 03:33:00,17.649,17.388,17.649,2024-09-06 03:45:00,0.0,-0.261,0.5,0.0,precip_in,0.01,0.0,0.0,BattV_Min_S3_B,False,False,False,False,7.2,7.2,18.95,6.9333,48950.0,,,12.744,12.807,13.675,0.0,0.0,0.0,0.0,13.279,13.392,13.468,0.0,0.0,0.0,0.0
False,False,False,False,2024,S3_S4,east,S3,2024-09-06_S3_S4_9e0ce675,VWC_2_raw_S3_B,B,2,12,2024-09-06 09:33:00,2024-09-06 16:29:00,2024-09-06 03:33:00,21.888,21.854,21.922,2024-09-06 08:45:00,0.034,-0.034,0.5,0.0,precip_in,0.01,0.0,0.0,BattV_Min_S3_B,False,False,False,False,7.7,7.7,16.45,6.9333,48950.0,,,12.744,12.807,13.675,0.0,0.0,0.0,0.0,13.279,13.392,13.468,0.0,0.0,0.0,0.0
False,False,False,False,2024,S3_S4,east,S3,2024-09-06_S3_S4_9e0ce675,VWC_3_raw_S3_B,B,3,18,2024-09-06 09:33:00,2024-09-06 16:29:00,2024-09-06 03:33:00,13.639,13.579,13.64,2024-09-06 04:15:00,0.001,-0.06,0.5,0.0,precip_in,0.01,0.0,0.0,BattV_Min_S3_B,False,False,False,False,7.45,7.45,11.45,6.9333,48950.0,,,12.744,12.807,13.675,0.0,0.0,0.0,0.0,13.279,13.392,13.468,0.0,0.0,0.0,0.0
False,False,False,False,2024,S3_S4,east,S3,2024-09-20_S3_S4_032d9e33,VWC_1_raw_S3_B,B,1,6,2024-09-20 14:27:00,2024-09-20 17:52:00,2024-09-20 08:27:00,18.791,18.704,18.791,2024-09-20 08:30:00,0.0,-0.087,0.5,0.0,precip_in,0.01,0.0,0.0,BattV_Min_S3_B,False,False,False,False,4.55,4.55,13.8,3.4167,16450.0,,,13.383,13.427,13.796,0.0,0.0,0.0,0.0,13.282,13.299,13.369,0.0,0.0,0.0,0.0
False,False,False,False,2024,S3_S4,east,S3,2024-09-20_S3_S4_032d9e33,VWC_2_raw_S3_B,B,2,12,2024-09-20 14:27:00,2024-09-20 17:52:00,2024-09-20 08:27:00,22.334,22.129,22.344,2024-09-20 09:15:00,0.01,-0.205,0.5,0.0,precip_in,0.01,0.0,0.0,BattV_Min_S3_B,False,False,False,False,4.8,4.8,10.55,3.4167,16450.0,,,13.383,13.427,13.796,0.0,0.0,0.0,0.0,13.282,13.299,13.369,0.0,0.0,0.0,0.0
False,False,False,False,2024,S3_S4,east,S3,2024-09-20_S3_S4_032d9e33,VWC_3_raw_S3_B,B,3,18,2024-09-20 14:27:00,2024-09-20 17:52:00,2024-09-20 08:27:00,13.321,13.268,13.332,2024-09-20 11:00:00,0.011,-0.053,0.5,0.0,precip_in,0.01,0.0,0.0,BattV_Min_S3_B,False,False,False,False,4.55,4.55,8.55,3.4167,16450.0,,,13.383,13.427,13.796,0.0,0.0,0.0,0.0,13.282,13.299,13.369,0.0,0.0,0.0,0.0
False,False,False,False,2024,S3_S4,east,S3,2024-10-04_S3_S4_bf53dc9a,VWC_1_raw_S3_B,B,1,6,2024-10-04 11:55:00,2024-10-04 18:02:00,2024-10-04 05:55:00,19.792,19.681,19.811,2024-10-04 06:45:00,0.019,-0.111,0.5,0.0,precip_in,0.01,0.0,0.0,BattV_Min_S3_B,False,False,False,False,7.0833,7.0833,8.5833,6.1167,47200.0,,,12.669,13.4665,13.868,0.0,0.0,0.0,0.0,13.289,13.35,13.453,0.0,0.0,0.0,0.0
False,False,False,False,2024,S3_S4,east,S3,2024-10-04_S3_S4_bf53dc9a,VWC_2_raw_S3_B,B,2,12,2024-10-04 11:55:00,2024-10-04 18:02:00,2024-10-04 05:55:00,22.328,22.167,22.345,2024-10-04 08:00:00,0.017,-0.161,0.5,0.0,precip_in,0.01,0.0,0.0,BattV_Min_S3_B,False,False,False,False,6.5833,6.5833,15.8333,6.1167,47200.0,,,12.669,13.4665,13.868,0.0,0.0,0.0,0.0,13.289,13.35,13.453,0.0,0.0,0.0,0.0
False,False,False,False,2024,S3_S4,east,S3,2024-10-04_S3_S4_bf53dc9a,VWC_3_raw_S3_B,B,3,18,2024-10-04 11:55:00,2024-10-04 18:02:00,2024-10-04 05:55:00,12.971,12.915,12.987,2024-10-04 11:15:00,0.016,-0.056,0.5,0.0,precip_in,0.01,0.0,0.0,BattV_Min_S3_B,False,False,False,False,6.8333,6.8333,10.8333,6.1167,47200.0,,,12.669,13.4665,13.868,0.0,0.0,0.0,0.0,13.289,13.35,13.453,0.0,0.0,0.0,0.0
False,False,False,False,2024,S3_S4,east,S3,2024-10-18_S3_S4_e3314155,VWC_1_raw_S3_B,B,1,6,2024-10-18 09:34:00,2024-10-18 17:17:00,2024-10-18 03:34:00,22.389,22.236,22.398,2024-10-18 04:15:00,0.009,-0.153,0.5,0.0,precip_in,0.01,0.0,0.0,BattV_Min_S3_B,False,False,False,False,8.9333,8.9333,9.9333,7.7167,53550.0,,,12.684,12.7745,13.775,0.0,0.0,0.0,0.0,13.699,13.76,13.819,0.0,0.0,0.0,0.0
False,False,False,False,2024,S3_S4,east,S3,2024-10-18_S3_S4_e3314155,VWC_2_raw_S3_B,B,2,12,2024-10-18 09:34:00,2024-10-18 17:17:00,2024-10-18 03:34:00,24.014,23.941,24.036,2024-10-18 06:15:00,0.022,-0.073,0.5,0.0,precip_in,0.01,0.0,0.0,BattV_Min_S3_B,False,False,False,False,8.9333,8.9333,20.1833,7.7167,53550.0,,,12.684,12.7745,13.775,0.0,0.0,0.0,0.0,13.699,13.76,13.819,0.0,0.0,0.0,0.0
False,False,False,False,2024,S3_S4,east,S3,2024-10-18_S3_S4_e3314155,VWC_3_raw_S3_B,B,3,18,2024-10-18 09:34:00,2024-10-18 17:17:00,2024-10-18 03:34:00,13.616,13.625,13.625,2024-10-18 09:15:00,0.009,0.009,0.5,0.0,precip_in,0.01,0.0,0.0,BattV_Min_S3_B,False,False,False,False,7.6833,7.6833,11.6833,7.7167,53550.0,,,12.684,12.7745,13.775,0.0,0.0,0.0,0.0,13.699,13.76,13.819,0.0,0.0,0.0,0.0
False,False,False,False,2024,S3_S4,east,S4,2024-04-19_S3_S4_c5bf8374,VWC_1_raw_S4_B,B,1,6,2024-04-19 14:14:00,2024-04-19 21:33:00,2024-04-19 08:14:00,7.907,8.289,8.289,2024-04-19 14:00:00,0.382,0.382,0.5,0.0,precip_in,0.01,0.0,0.0,BattV_Min_S4_B,False,False,False,False,23.7667,23.7667,25.5167,7.3167,54875.0,,,13.391,13.475,13.749,0.0,0.0,0.0,0.0,13.225,13.389,13.489,0.0,0.0,0.0,0.0
False,False,False,False,2024,S3_S4,east,S4,2024-04-19_S3_S4_c5bf8374,VWC_2_raw_S4_B,B,2,12,2024-04-19 14:14:00,2024-04-19 21:33:00,2024-04-19 08:14:00,21.229,20.776,21.229,2024-04-19 08:15:00,0.0,-0.453,0.5,0.0,precip_in,0.01,0.0,0.0,BattV_Min_S4_B,False,False,False,False,8.7667,8.7667,9.0167,7.3167,54875.0,,,13.391,13.475,13.749,0.0,0.0,0.0,0.0,13.225,13.389,13.489,0.0,0.0,0.0,0.0
False,False,False,False,2024,S3_S4,east,S4,2024-04-19_S3_S4_c5bf8374,VWC_3_raw_S4_B,B,3,18,2024-04-19 14:14:00,2024-04-19 21:33:00,2024-04-19 08:14:00,14.087,13.863,14.097,2024-04-19 08:30:00,0.01,-0.224,0.5,0.0,precip_in,0.01,0.0,0.0,BattV_Min_S4_B,False,False,False,False,12.2667,12.2667,12.5167,7.3167,54875.0,,,13.391,13.475,13.749,0.0,0.0,0.0,0.0,13.225,13.389,13.489,0.0,0.0,0.0,0.0
False,False,False,False,2024,S3_S4,east,S4,2024-05-17_S3_S4_09c73fc7,VWC_1_raw_S4_B,B,1,6,2024-05-17 13:31:00,2024-05-17 19:09:00,2024-05-17 07:31:00,11.725,11.481,11.736,2024-05-17 09:00:00,0.011,-0.244,0.5,0.0,precip_in,0.01,0.0,0.0,BattV_Min_S4_B,False,False,False,False,5.9833,5.9833,18.7333,5.6333,47550.0,,,13.355,13.405,13.852,0.0,0.0,0.0,0.0,13.277,13.313,13.338,0.0,0.0,0.0,0.0
False,False,False,False,2024,S3_S4,east,S4,2024-05-17_S3_S4_09c73fc7,VWC_2_raw_S4_B,B,2,12,2024-05-17 13:31:00,2024-05-17 19:09:00,2024-05-17 07:31:00,30.053,29.601,30.137,2024-05-17 08:00:00,0.084,-0.452,0.5,0.0,precip_in,0.01,0.0,0.0,BattV_Min_S4_B,False,False,False,False,4.4833,4.4833,14.7333,5.6333,47550.0,,,13.355,13.405,13.852,0.0,0.0,0.0,0.0,13.277,13.313,13.338,0.0,0.0,0.0,0.0
False,False,False,False,2024,S3_S4,east,S4,2024-05-17_S3_S4_09c73fc7,VWC_3_raw_S4_B,B,3,18,2024-05-17 13:31:00,2024-05-17 19:09:00,2024-05-17 07:31:00,23.021,22.621,23.03,2024-05-17 08:30:00,0.009,-0.4,0.5,0.0,precip_in,0.01,0.0,0.0,BattV_Min_S4_B,False,False,False,False,6.2333,6.2333,15.7333,5.6333,47550.0,,,13.355,13.405,13.852,0.0,0.0,0.0,0.0,13.277,13.313,13.338,0.0,0.0,0.0,0.0
False,False,False,False,2024,S3_S4,east,S4,2024-06-28_S3_S4_14b9d993,VWC_1_raw_S4_B,B,1,6,2024-06-28 08:19:00,2024-06-28 14:44:00,2024-06-28 02:19:00,12.349,12.423,12.479,2024-06-28 06:00:00,0.13,0.074,0.5,0.0,precip_in,0.01,0.2,0.06,BattV_Min_S4_B,False,False,False,False,6.9333,6.9333,14.4333,6.4167,39650.0,2024-06-28 03:00:00,2024-06-28 04:15:00,12.443,12.4925,12.502,0.0,0.0,0.0,0.0,12.486,12.498,12.51,0.0,0.0,0.0,0.0
False,False,False,False,2024,S3_S4,east,S4,2024-06-28_S3_S4_14b9d993,VWC_2_raw_S4_B,B,2,12,2024-06-28 08:19:00,2024-06-28 14:44:00,2024-06-28 02:19:00,36.575,36.079,36.809,2024-06-28 03:15:00,0.234,-0.496,0.5,0.0,precip_in,0.01,0.2,0.06,BattV_Min_S4_B,False,False,False,False,6.1833,6.1833,18.1833,6.4167,39650.0,2024-06-28 03:00:00,2024-06-28 04:15:00,12.443,12.4925,12.502,0.0,0.0,0.0,0.0,12.486,12.498,12.51,0.0,0.0,0.0,0.0
False,False,False,False,2024,S3_S4,east,S4,2024-06-28_S3_S4_14b9d993,VWC_3_raw_S4_B,B,3,18,2024-06-28 08:19:00,2024-06-28 14:44:00,2024-06-28 02:19:00,32.916,32.785,32.916,2024-06-28 02:30:00,0.0,-0.131,0.5,0.0,precip_in,0.01,0.2,0.06,BattV_Min_S4_B,False,False,False,False,6.9333,6.9333,12.1833,6.4167,39650.0,2024-06-28 03:00:00,2024-06-28 04:15:00,12.443,12.4925,12.502,0.0,0.0,0.0,0.0,12.486,12.498,12.51,0.0,0.0,0.0,0.0
False,False,False,False,2024,S3_S4,east,S4,2024-07-26_S3_S4_fd133a4c,VWC_2_raw_S4_B,B,2,12,2024-07-26 19:02:00,2024-07-27 07:21:00,2024-07-26 13:02:00,29.102,28.547,29.102,2024-07-26 13:15:00,0.0,-0.555,0.5,0.0,precip_in,0.01,0.0,0.0,BattV_Min_S4_B,False,False,False,False,23.9667,23.9667,24.2167,12.3167,71850.0,,,12.195,12.252,12.259,0.0,0.0,0.0,0.0,12.218,12.233,12.261,0.0,0.0,0.0,0.0
False,False,False,False,2024,S3_S4,east,S4,2024-08-09_S3_S4_fd100e26,VWC_1_raw_S4_B,B,1,6,2024-08-09 08:45:00,2024-08-09 15:50:00,2024-08-09 02:45:00,20.949,20.478,20.949,2024-08-09 02:45:00,0.0,-0.471,0.5,0.0,precip_in,0.01,0.0,0.0,BattV_Min_S4_B,False,False,False,False,12.75,12.75,13.0,7.0833,46900.0,,,12.128,12.132,12.139,0.0,0.0,0.0,0.0,12.127,12.144,12.163,0.0,0.0,0.0,0.0
False,False,False,False,2024,S3_S4,east,S4,2024-08-09_S3_S4_fd100e26,VWC_2_raw_S4_B,B,2,12,2024-08-09 08:45:00,2024-08-09 15:50:00,2024-08-09 02:45:00,34.122,33.918,34.122,2024-08-09 02:45:00,0.0,-0.204,0.5,0.0,precip_in,0.01,0.0,0.0,BattV_Min_S4_B,False,False,False,False,24.0,24.0,36.25,7.0833,46900.0,,,12.128,12.132,12.139,0.0,0.0,0.0,0.0,12.127,12.144,12.163,0.0,0.0,0.0,0.0
False,False,False,False,2024,S3_S4,east,S4,2024-08-23_S3_S4_0b64e5f5,VWC_1_raw_S4_B,B,1,6,2024-08-23 09:32:00,2024-08-23 15:04:00,2024-08-23 03:32:00,23.435,23.169,23.435,2024-08-23 03:45:00,0.0,-0.266,0.5,0.0,precip_in,0.01,0.02,0.01,BattV_Min_S4_B,False,False,False,False,18.7167,18.7167,21.7167,5.5333,30150.0,2024-08-23 04:45:00,2024-08-23 08:45:00,11.835,11.9475,11.955,0.0,0.0,0.0,0.0,11.938,11.9495,11.958,0.0,0.0,0.0,0.0
False,False,False,False,2024,S3_S4,east,S4,2024-08-23_S3_S4_0b64e5f5,VWC_2_raw_S4_B,B,2,12,2024-08-23 09:32:00,2024-08-23 15:04:00,2024-08-23 03:32:00,34.253,33.856,34.347,2024-08-23 04:45:00,0.094,-0.397,0.5,0.0,precip_in,0.01,0.02,0.01,BattV_Min_S4_B,False,False,False,False,23.2167,23.2167,26.2167,5.5333,30150.0,2024-08-23 04:45:00,2024-08-23 08:45:00,11.835,11.9475,11.955,0.0,0.0,0.0,0.0,11.938,11.9495,11.958,0.0,0.0,0.0,0.0
False,False,False,False,2024,S3_S4,east,S4,2024-09-06_S3_S4_9e0ce675,VWC_1_raw_S4_B,B,1,6,2024-09-06 09:33:00,2024-09-06 16:29:00,2024-09-06 03:33:00,24.187,23.437,24.187,2024-09-06 03:45:00,0.0,-0.75,0.5,0.0,precip_in,0.01,0.0,0.0,BattV_Min_S4_B,False,False,False,False,6.7,6.7,10.7,6.9333,48950.0,,,11.752,11.762,11.768,0.0,0.0,0.0,0.0,11.69,11.776,11.792,0.0,0.0,0.0,0.0
False,False,False,False,2024,S3_S4,east,S4,2024-09-06_S3_S4_9e0ce675,VWC_2_raw_S4_B,B,2,12,2024-09-06 09:33:00,2024-09-06 16:29:00,2024-09-06 03:33:00,34.737,34.253,34.984,2024-09-06 04:15:00,0.247,-0.484,0.5,0.0,precip_in,0.01,0.0,0.0,BattV_Min_S4_B,False,False,False,False,9.2,9.2,13.2,6.9333,48950.0,,,11.752,11.762,11.768,0.0,0.0,0.0,0.0,11.69,11.776,11.792,0.0,0.0,0.0,0.0
False,False,False,False,2024,S3_S4,east,S4,2024-09-20_S3_S4_032d9e33,VWC_1_raw_S4_B,B,1,6,2024-09-20 14:27:00,2024-09-20 17:52:00,2024-09-20 08:27:00,17.968,18.241,18.261,2024-09-20 14:00:00,0.293,0.273,0.5,0.0,precip_in,0.01,0.0,0.0,BattV_Min_S4_B,False,False,False,False,1.8,1.8,,3.4167,16450.0,,,11.55,11.5715,11.595,0.0,0.0,0.0,0.0,11.57,11.591,11.6,0.0,0.0,0.0,0.0
False,False,False,False,2024,S3_S4,east,S4,2024-09-20_S3_S4_032d9e33,VWC_2_raw_S4_B,B,2,12,2024-09-20 14:27:00,2024-09-20 17:52:00,2024-09-20 08:27:00,31.219,30.907,31.219,2024-09-20 08:30:00,0.0,-0.312,0.5,0.0,precip_in,0.01,0.0,0.0,BattV_Min_S4_B,False,False,False,False,8.8,8.8,10.3,3.4167,16450.0,,,11.55,11.5715,11.595,0.0,0.0,0.0,0.0,11.57,11.591,11.6,0.0,0.0,0.0,0.0
False,False,False,False,2024,S3_S4,east,S4,2024-09-20_S3_S4_032d9e33,VWC_3_raw_S4_B,B,3,18,2024-09-20 14:27:00,2024-09-20 17:52:00,2024-09-20 08:27:00,32.001,31.831,32.207,2024-09-20 09:45:00,0.206,-0.17,0.5,0.0,precip_in,0.01,0.0,0.0,BattV_Min_S4_B,False,False,False,False,12.55,12.55,,3.4167,16450.0,,,11.55,11.5715,11.595,0.0,0.0,0.0,0.0,11.57,11.591,11.6,0.0,0.0,0.0,0.0
False,False,False,False,2024,S3_S4,east,S4,2024-10-04_S3_S4_bf53dc9a,VWC_1_raw_S4_B,B,1,6,2024-10-04 11:55:00,2024-10-04 18:02:00,2024-10-04 05:55:00,15.954,15.78,15.96,2024-10-04 06:15:00,0.006,-0.174,0.5,0.0,precip_in,0.01,0.0,0.0,BattV_Min_S4_B,False,False,False,False,6.8333,6.8333,21.5833,6.1167,47200.0,,,11.165,11.2655,11.289,0.0,0.0,0.0,0.0,11.281,11.297,11.309,0.0,0.0,0.0,0.0
False,False,False,False,2024,S3_S4,east,S4,2024-10-04_S3_S4_bf53dc9a,VWC_2_raw_S4_B,B,2,12,2024-10-04 11:55:00,2024-10-04 18:02:00,2024-10-04 05:55:00,27.503,27.122,27.535,2024-10-04 06:15:00,0.032,-0.381,0.5,0.0,precip_in,0.01,0.0,0.0,BattV_Min_S4_B,False,False,False,False,6.8333,6.8333,14.5833,6.1167,47200.0,,,11.165,11.2655,11.289,0.0,0.0,0.0,0.0,11.281,11.297,11.309,0.0,0.0,0.0,0.0
False,False,False,False,2024,S3_S4,east,S4,2024-10-04_S3_S4_bf53dc9a,VWC_3_raw_S4_B,B,3,18,2024-10-04 11:55:00,2024-10-04 18:02:00,2024-10-04 05:55:00,26.005,25.845,26.1,2024-10-04 06:15:00,0.095,-0.16,0.5,0.0,precip_in,0.01,0.0,0.0,BattV_Min_S4_B,False,False,False,False,8.0833,8.0833,14.0833,6.1167,47200.0,,,11.165,11.2655,11.289,0.0,0.0,0.0,0.0,11.281,11.297,11.309,0.0,0.0,0.0,0.0
True,True,False,False,2025,S1_S2,west,S1,2025-06-27_S1_S2_ff537961,VWC_1_raw_S1_B,B,1,6,2025-06-27 15:33:00,2025-06-28 07:49:00,2025-06-27 09:33:00,13.735,14.53,14.53,2025-06-27 15:30:00,0.795,0.795,0.5,0.0,precip_in,0.01,0.0,0.0,BattV_Min_S1_B,False,False,False,False,20.7,20.7,29.45,16.2667,95500.0,,,13.264,13.334,13.459,0.0,0.0,0.0,0.0,12.723,12.921,13.686,0.0,0.0,0.0,0.0
True,True,False,False,2025,S1_S2,west,S2,2025-06-27_S1_S2_ff537961,VWC_1_raw_S2_B,B,1,6,2025-06-27 15:33:00,2025-06-28 07:49:00,2025-06-27 09:33:00,9.818,10.377,10.377,2025-06-27 15:30:00,0.559,0.559,0.5,0.0,precip_in,0.01,0.0,0.0,BattV_Min_S2_B,False,False,False,False,14.95,14.95,15.2,16.2667,95500.0,,,13.192,13.2705,13.368,0.0,0.0,0.0,0.0,12.386,12.808,13.496,0.0,0.0,0.0,0.0
True,True,False,False,2025,S3_S4,east,S3,2025-05-28_S3_S4_120d46ab,VWC_2_raw_S3_B,B,2,12,2025-05-28 18:58:00,2025-05-29 07:30:00,2025-05-28 12:58:00,17.905,18.698,18.698,2025-05-28 18:45:00,0.793,0.793,0.5,0.0,precip_in,0.01,0.0,0.0,BattV_Min_S3_B,False,False,False,False,15.5333,15.5333,15.7833,12.5333,64250.0,,,13.236,13.3145,13.42,0.0,0.0,0.0,0.0,12.655,12.842,13.746,0.0,0.0,0.0,0.0
True,True,False,False,2025,S3_S4,east,S3,2025-05-28_S3_S4_120d46ab,VWC_3_raw_S3_B,B,3,18,2025-05-28 18:58:00,2025-05-29 07:30:00,2025-05-28 12:58:00,25.493,26.265,26.274,2025-05-28 18:15:00,0.781,0.772,0.5,0.0,precip_in,0.01,0.0,0.0,BattV_Min_S3_B,False,False,False,False,16.7833,16.7833,17.0333,12.5333,64250.0,,,13.236,13.3145,13.42,0.0,0.0,0.0,0.0,12.655,12.842,13.746,0.0,0.0,0.0,0.0
True,True,False,False,2025,S3_S4,east,S3,2025-06-28_S3_S4_d9252a87,VWC_2_raw_S3_B,B,2,12,2025-06-28 08:50:00,2025-06-28 16:15:00,2025-06-28 02:50:00,23.207,24.995,24.995,2025-06-28 08:45:00,1.788,1.788,0.5,0.0,precip_in,0.01,0.0,0.0,BattV_Min_S3_B,False,False,False,False,11.6667,11.6667,11.9167,7.4167,43550.0,,,12.613,12.729,13.733,0.0,0.0,0.0,0.0,13.196,13.3145,13.441,0.0,0.0,0.0,0.0
True,True,False,False,2025,S3_S4,east,S3,2025-06-28_S3_S4_d9252a87,VWC_3_raw_S3_B,B,3,18,2025-06-28 08:50:00,2025-06-28 16:15:00,2025-06-28 02:50:00,27.447,37.327,37.327,2025-06-28 08:45:00,9.88,9.88,0.5,0.0,precip_in,0.01,0.0,0.0,BattV_Min_S3_B,False,False,False,False,20.1667,20.1667,20.4167,7.4167,43550.0,,,12.613,12.729,13.733,0.0,0.0,0.0,0.0,13.196,13.3145,13.441,0.0,0.0,0.0,0.0
True,True,False,False,2025,S3_S4,east,S4,2025-05-28_S3_S4_120d46ab,VWC_1_raw_S4_B,B,1,6,2025-05-28 18:58:00,2025-05-29 07:30:00,2025-05-28 12:58:00,37.828,39.178,39.361,2025-05-28 17:30:00,1.533,1.35,0.5,0.0,precip_in,0.01,0.0,0.0,BattV_Min_S4_B,False,False,False,False,18.5333,18.5333,22.5333,12.5333,64250.0,,,13.283,13.3365,13.437,0.0,0.0,0.0,0.0,12.858,12.93,13.561,0.0,0.0,0.0,0.0
True,True,False,False,2025,S3_S4,east,S4,2025-06-28_S3_S4_d9252a87,VWC_3_raw_S4_B,B,3,18,2025-06-28 08:50:00,2025-06-28 16:15:00,2025-06-28 02:50:00,39.381,40.195,40.195,2025-06-28 08:45:00,0.814,0.814,0.5,0.0,precip_in,0.01,0.0,0.0,BattV_Min_S4_B,False,False,False,False,15.4167,15.4167,15.9167,7.4167,43550.0,,,12.839,12.8665,13.783,0.0,0.0,0.0,0.0,13.249,13.32,13.591,0.0,0.0,0.0,0.0
False,False,False,False,2025,S1_S2,west,S1,2025-04-20_S1_S2_f3457ada,VWC_1_raw_S1_B,B,1,6,2025-04-20 08:15:00,2025-04-21 06:28:00,2025-04-20 02:15:00,20.525,19.467,20.525,2025-04-20 02:15:00,0.0,-1.058,0.5,0.0,precip_in,0.01,0.0,0.0,BattV_Min_S1_B,False,False,False,False,9.25,9.25,13.25,22.2167,132300.0,,,12.668,12.751,14.169,0.0,0.0,0.0,0.0,12.689,13.548,14.113,0.0,0.0,0.0,0.0
False,False,False,False,2025,S1_S2,west,S1,2025-04-20_S1_S2_f3457ada,VWC_2_raw_S1_B,B,2,12,2025-04-20 08:15:00,2025-04-21 06:28:00,2025-04-20 02:15:00,21.613,20.94,21.613,2025-04-20 02:15:00,0.0,-0.673,0.5,0.0,precip_in,0.01,0.0,0.0,BattV_Min_S1_B,False,False,False,False,10.25,10.25,14.25,22.2167,132300.0,,,12.668,12.751,14.169,0.0,0.0,0.0,0.0,12.689,13.548,14.113,0.0,0.0,0.0,0.0
False,False,False,False,2025,S1_S2,west,S1,2025-04-20_S1_S2_f3457ada,VWC_3_raw_S1_B,B,3,18,2025-04-20 08:15:00,2025-04-21 06:28:00,2025-04-20 02:15:00,19.969,19.728,19.969,2025-04-20 02:15:00,0.0,-0.241,0.5,0.0,precip_in,0.01,0.0,0.0,BattV_Min_S1_B,False,False,False,False,10.0,10.0,14.0,22.2167,132300.0,,,12.668,12.751,14.169,0.0,0.0,0.0,0.0,12.689,13.548,14.113,0.0,0.0,0.0,0.0
False,False,False,False,2025,S1_S2,west,S1,2025-05-16_S1_S2_799859ac,VWC_1_raw_S1_B,B,1,6,2025-05-16 15:36:41,2025-05-17 07:37:42,2025-05-16 09:36:41,14.626,15.032,15.032,2025-05-16 15:30:00,0.406,0.406,0.5,0.0,precip_in,0.01,0.0,0.0,BattV_Min_S1_B,False,False,False,False,18.6386,18.6386,22.1386,16.0169,92450.0,,,13.444,13.5655,13.672,0.0,0.0,0.0,0.0,12.704,12.9215,13.723,0.0,0.0,0.0,0.0
False,False,False,False,2025,S1_S2,west,S1,2025-05-16_S1_S2_799859ac,VWC_2_raw_S1_B,B,2,12,2025-05-16 15:36:41,2025-05-17 07:37:42,2025-05-16 09:36:41,13.265,12.916,13.312,2025-05-16 10:00:00,0.047,-0.349,0.5,0.0,precip_in,0.01,0.0,0.0,BattV_Min_S1_B,False,False,False,False,18.6386,18.6386,27.6386,16.0169,92450.0,,,13.444,13.5655,13.672,0.0,0.0,0.0,0.0,12.704,12.9215,13.723,0.0,0.0,0.0,0.0
False,False,False,False,2025,S1_S2,west,S1,2025-05-16_S1_S2_799859ac,VWC_3_raw_S1_B,B,3,18,2025-05-16 15:36:41,2025-05-17 07:37:42,2025-05-16 09:36:41,19.45,18.521,19.45,2025-05-16 09:45:00,0.0,-0.929,0.5,0.0,precip_in,0.01,0.0,0.0,BattV_Min_S1_B,False,False,False,False,16.8886,16.8886,28.1386,16.0169,92450.0,,,13.444,13.5655,13.672,0.0,0.0,0.0,0.0,12.704,12.9215,13.723,0.0,0.0,0.0,0.0
False,False,False,False,2025,S1_S2,west,S1,2025-05-28_S1_S2_ca363c43,VWC_1_raw_S1_B,B,1,6,2025-05-28 18:58:00,2025-05-29 07:30:00,2025-05-28 12:58:00,22.961,22.741,22.983,2025-05-28 14:00:00,0.022,-0.22,0.5,0.0,precip_in,0.01,0.0,0.0,BattV_Min_S1_B,False,False,False,False,14.7833,14.7833,22.0333,12.5333,64250.0,,,13.327,13.3855,13.468,0.0,0.0,0.0,0.0,12.754,12.858,13.731,0.0,0.0,0.0,0.0
False,False,False,False,2025,S1_S2,west,S1,2025-05-28_S1_S2_ca363c43,VWC_2_raw_S1_B,B,2,12,2025-05-28 18:58:00,2025-05-29 07:30:00,2025-05-28 12:58:00,24.414,23.925,24.494,2025-05-28 13:30:00,0.08,-0.489,0.5,0.0,precip_in,0.01,0.0,0.0,BattV_Min_S1_B,False,False,False,False,13.2833,13.2833,15.0333,12.5333,64250.0,,,13.327,13.3855,13.468,0.0,0.0,0.0,0.0,12.754,12.858,13.731,0.0,0.0,0.0,0.0
False,False,False,False,2025,S1_S2,west,S1,2025-05-28_S1_S2_ca363c43,VWC_3_raw_S1_B,B,3,18,2025-05-28 18:58:00,2025-05-29 07:30:00,2025-05-28 12:58:00,26.159,26.157,26.159,2025-05-28 13:00:00,0.0,-0.002,0.5,0.0,precip_in,0.01,0.0,0.0,BattV_Min_S1_B,False,False,False,False,23.0333,23.0333,32.0333,12.5333,64250.0,,,13.327,13.3855,13.468,0.0,0.0,0.0,0.0,12.754,12.858,13.731,0.0,0.0,0.0,0.0
False,False,False,False,2025,S1_S2,west,S1,2025-06-27_S1_S2_ff537961,VWC_2_raw_S1_B,B,2,12,2025-06-27 15:33:00,2025-06-28 07:49:00,2025-06-27 09:33:00,12.255,12.201,12.279,2025-06-27 11:00:00,0.024,-0.054,0.5,0.0,precip_in,0.01,0.0,0.0,BattV_Min_S1_B,False,False,False,False,11.2,11.2,16.2,16.2667,95500.0,,,13.264,13.334,13.459,0.0,0.0,0.0,0.0,12.723,12.921,13.686,0.0,0.0,0.0,0.0
False,False,False,False,2025,S1_S2,west,S1,2025-06-27_S1_S2_ff537961,VWC_3_raw_S1_B,B,3,18,2025-06-27 15:33:00,2025-06-28 07:49:00,2025-06-27 09:33:00,13.571,13.071,13.571,2025-06-27 09:45:00,0.0,-0.5,0.5,0.0,precip_in,0.01,0.0,0.0,BattV_Min_S1_B,False,False,False,False,14.2,14.2,18.2,16.2667,95500.0,,,13.264,13.334,13.459,0.0,0.0,0.0,0.0,12.723,12.921,13.686,0.0,0.0,0.0,0.0
False,False,False,False,2025,S1_S2,west,S1,2025-07-26_S1_S2_98e2053f,VWC_1_raw_S1_B,B,1,6,2025-07-26 08:45:00,2025-07-26 17:50:00,2025-07-26 02:45:00,14.667,14.266,14.671,2025-07-26 03:00:00,0.004,-0.401,0.5,0.0,precip_in,0.01,0.0,0.0,BattV_Min_S1_B,False,False,False,False,9.0,9.0,18.0,9.0833,53225.0,,,12.733,12.783,13.708,0.0,0.0,0.0,0.0,13.251,13.325,13.639,0.0,0.0,0.0,0.0
False,False,False,False,2025,S1_S2,west,S1,2025-07-26_S1_S2_98e2053f,VWC_2_raw_S1_B,B,2,12,2025-07-26 08:45:00,2025-07-26 17:50:00,2025-07-26 02:45:00,12.359,12.238,12.359,2025-07-26 02:45:00,0.0,-0.121,0.5,0.0,precip_in,0.01,0.0,0.0,BattV_Min_S1_B,False,False,False,False,9.0,9.0,13.0,9.0833,53225.0,,,12.733,12.783,13.708,0.0,0.0,0.0,0.0,13.251,13.325,13.639,0.0,0.0,0.0,0.0
False,False,False,False,2025,S1_S2,west,S1,2025-07-26_S1_S2_98e2053f,VWC_3_raw_S1_B,B,3,18,2025-07-26 08:45:00,2025-07-26 17:50:00,2025-07-26 02:45:00,13.649,13.727,13.882,2025-07-26 07:30:00,0.233,0.078,0.5,0.0,precip_in,0.01,0.0,0.0,BattV_Min_S1_B,False,False,False,False,8.75,8.75,24.0,9.0833,53225.0,,,12.733,12.783,13.708,0.0,0.0,0.0,0.0,13.251,13.325,13.639,0.0,0.0,0.0,0.0
False,False,False,False,2025,S1_S2,west,S1,2025-08-22_S1_S2_9f8675d7,VWC_1_raw_S1_B,B,1,6,2025-08-22 09:07:00,2025-08-22 19:04:00,2025-08-22 03:07:00,14.437,14.246,14.464,2025-08-22 03:30:00,0.027,-0.191,0.5,0.0,precip_in,0.01,0.0,0.0,BattV_Min_S1_B,False,False,False,False,19.1333,19.1333,19.3833,9.95,30625.0,,,12.782,12.804,13.573,0.0,0.0,0.0,0.0,13.228,13.2915,13.433,0.0,0.0,0.0,0.0
False,False,False,False,2025,S1_S2,west,S1,2025-08-22_S1_S2_9f8675d7,VWC_2_raw_S1_B,B,2,12,2025-08-22 09:07:00,2025-08-22 19:04:00,2025-08-22 03:07:00,11.791,11.773,11.807,2025-08-22 05:15:00,0.016,-0.018,0.5,0.0,precip_in,0.01,0.0,0.0,BattV_Min_S1_B,False,False,False,False,23.8833,23.8833,24.1333,9.95,30625.0,,,12.782,12.804,13.573,0.0,0.0,0.0,0.0,13.228,13.2915,13.433,0.0,0.0,0.0,0.0
False,False,False,False,2025,S1_S2,west,S1,2025-08-22_S1_S2_9f8675d7,VWC_3_raw_S1_B,B,3,18,2025-08-22 09:07:00,2025-08-22 19:04:00,2025-08-22 03:07:00,11.452,11.544,11.644,2025-08-22 08:45:00,0.192,0.092,0.5,0.0,precip_in,0.01,0.0,0.0,BattV_Min_S1_B,False,False,False,False,23.8833,23.8833,28.1333,9.95,30625.0,,,12.782,12.804,13.573,0.0,0.0,0.0,0.0,13.228,13.2915,13.433,0.0,0.0,0.0,0.0
False,False,False,False,2025,S1_S2,west,S1,2025-09-20_S1_S2_81d8ab0f,VWC_1_raw_S1_B,B,1,6,2025-09-20 10:42:00,2025-09-20 17:31:00,2025-09-20 04:42:00,15.041,14.953,15.068,2025-09-20 05:30:00,0.027,-0.088,0.5,0.0,precip_in,0.01,0.0,0.0,BattV_Min_S1_B,False,False,False,False,7.8,7.8,13.55,6.8167,86100.0,,,12.744,12.8155,13.753,0.0,0.0,0.0,0.0,13.37,13.455,13.532,0.0,0.0,0.0,0.0
False,False,False,False,2025,S1_S2,west,S1,2025-09-20_S1_S2_81d8ab0f,VWC_2_raw_S1_B,B,2,12,2025-09-20 10:42:00,2025-09-20 17:31:00,2025-09-20 04:42:00,12.575,12.616,12.643,2025-09-20 06:45:00,0.068,0.041,0.5,0.0,precip_in,0.01,0.0,0.0,BattV_Min_S1_B,False,False,False,False,15.05,15.05,19.3,6.8167,86100.0,,,12.744,12.8155,13.753,0.0,0.0,0.0,0.0,13.37,13.455,13.532,0.0,0.0,0.0,0.0
False,False,False,False,2025,S1_S2,west,S1,2025-09-20_S1_S2_81d8ab0f,VWC_3_raw_S1_B,B,3,18,2025-09-20 10:42:00,2025-09-20 17:31:00,2025-09-20 04:42:00,13.632,13.625,13.702,2025-09-20 06:00:00,0.07,-0.007,0.5,0.0,precip_in,0.01,0.0,0.0,BattV_Min_S1_B,False,False,False,False,9.05,9.05,13.05,6.8167,86100.0,,,12.744,12.8155,13.753,0.0,0.0,0.0,0.0,13.37,13.455,13.532,0.0,0.0,0.0,0.0
False,False,False,False,2025,S1_S2,west,S2,2025-04-20_S1_S2_f3457ada,VWC_1_raw_S2_B,B,1,6,2025-04-20 08:15:00,2025-04-21 06:28:00,2025-04-20 02:15:00,8.343,8.179,8.355,2025-04-20 02:45:00,0.012,-0.164,0.5,0.0,precip_in,0.01,0.0,0.0,BattV_Min_S2_B,False,False,False,False,22.75,22.75,24.75,22.2167,132300.0,,,12.341,12.691,14.091,0.0,0.0,0.0,0.0,12.343,13.483,14.056,0.0,0.0,0.0,0.0
False,False,False,False,2025,S1_S2,west,S2,2025-04-20_S1_S2_f3457ada,VWC_2_raw_S2_B,B,2,12,2025-04-20 08:15:00,2025-04-21 06:28:00,2025-04-20 02:15:00,7.088,6.991,7.107,2025-04-20 03:15:00,0.019,-0.097,0.5,0.0,precip_in,0.01,0.0,0.0,BattV_Min_S2_B,False,False,False,False,23.25,23.25,24.5,22.2167,132300.0,,,12.341,12.691,14.091,0.0,0.0,0.0,0.0,12.343,13.483,14.056,0.0,0.0,0.0,0.0
False,False,False,False,2025,S1_S2,west,S2,2025-04-20_S1_S2_f3457ada,VWC_3_raw_S2_B,B,3,18,2025-04-20 08:15:00,2025-04-21 06:28:00,2025-04-20 02:15:00,6.311,6.337,6.338,2025-04-20 08:00:00,0.027,0.026,0.5,0.0,precip_in,0.01,0.0,0.0,BattV_Min_S2_B,False,False,False,False,22.25,22.25,22.5,22.2167,132300.0,,,12.341,12.691,14.091,0.0,0.0,0.0,0.0,12.343,13.483,14.056,0.0,0.0,0.0,0.0
False,False,False,False,2025,S1_S2,west,S2,2025-05-16_S1_S2_799859ac,VWC_1_raw_S2_B,B,1,6,2025-05-16 15:36:41,2025-05-17 07:37:42,2025-05-16 09:36:41,9.168,9.609,9.609,2025-05-16 15:30:00,0.441,0.441,0.5,0.0,precip_in,0.01,0.0,0.0,BattV_Min_S2_B,False,False,False,False,16.1386,16.1386,18.1386,16.0169,92450.0,,,13.372,13.4815,13.58,0.0,0.0,0.0,0.0,12.486,12.8535,13.49,0.0,0.0,0.0,0.0
False,False,False,False,2025,S1_S2,west,S2,2025-05-16_S1_S2_799859ac,VWC_2_raw_S2_B,B,2,12,2025-05-16 15:36:41,2025-05-17 07:37:42,2025-05-16 09:36:41,8.212,8.083,8.22,2025-05-16 10:15:00,0.008,-0.129,0.5,0.0,precip_in,0.01,0.0,0.0,BattV_Min_S2_B,False,False,False,False,16.8886,16.8886,18.1386,16.0169,92450.0,,,13.372,13.4815,13.58,0.0,0.0,0.0,0.0,12.486,12.8535,13.49,0.0,0.0,0.0,0.0
False,False,False,False,2025,S1_S2,west,S2,2025-05-16_S1_S2_799859ac,VWC_3_raw_S2_B,B,3,18,2025-05-16 15:36:41,2025-05-17 07:37:42,2025-05-16 09:36:41,17.929,17.14,17.934,2025-05-16 10:00:00,0.005,-0.789,0.5,0.0,precip_in,0.01,0.0,0.0,BattV_Min_S2_B,False,False,False,False,16.8886,16.8886,17.8886,16.0169,92450.0,,,13.372,13.4815,13.58,0.0,0.0,0.0,0.0,12.486,12.8535,13.49,0.0,0.0,0.0,0.0
False,False,False,False,2025,S1_S2,west,S2,2025-05-28_S1_S2_ca363c43,VWC_1_raw_S2_B,B,1,6,2025-05-28 18:58:00,2025-05-29 07:30:00,2025-05-28 12:58:00,11.46,11.356,11.46,2025-05-28 13:00:00,0.0,-0.104,0.5,0.0,precip_in,0.01,0.0,0.0,BattV_Min_S2_B,False,False,False,False,16.7833,16.7833,31.0333,12.5333,64250.0,,,13.253,13.3115,13.403,0.0,0.0,0.0,0.0,12.662,12.79,13.44,0.0,0.0,0.0,0.0
False,False,False,False,2025,S1_S2,west,S2,2025-05-28_S1_S2_ca363c43,VWC_2_raw_S2_B,B,2,12,2025-05-28 18:58:00,2025-05-29 07:30:00,2025-05-28 12:58:00,17.696,16.691,17.696,2025-05-28 13:00:00,0.0,-1.005,0.5,0.0,precip_in,0.01,0.0,0.0,BattV_Min_S2_B,False,False,False,False,16.5333,16.5333,16.7833,12.5333,64250.0,,,13.253,13.3115,13.403,0.0,0.0,0.0,0.0,12.662,12.79,13.44,0.0,0.0,0.0,0.0
False,False,False,False,2025,S1_S2,west,S2,2025-05-28_S1_S2_ca363c43,VWC_3_raw_S2_B,B,3,18,2025-05-28 18:58:00,2025-05-29 07:30:00,2025-05-28 12:58:00,27.756,27.819,27.821,2025-05-28 18:15:00,0.065,0.063,0.5,0.0,precip_in,0.01,0.0,0.0,BattV_Min_S2_B,False,False,False,False,13.2833,13.2833,13.5333,12.5333,64250.0,,,13.253,13.3115,13.403,0.0,0.0,0.0,0.0,12.662,12.79,13.44,0.0,0.0,0.0,0.0
False,False,False,False,2025,S1_S2,west,S2,2025-06-27_S1_S2_ff537961,VWC_2_raw_S2_B,B,2,12,2025-06-27 15:33:00,2025-06-28 07:49:00,2025-06-27 09:33:00,9.191,9.042,9.192,2025-06-27 10:00:00,0.001,-0.149,0.5,0.0,precip_in,0.01,0.0,0.0,BattV_Min_S2_B,False,False,False,False,22.7,22.7,22.95,16.2667,95500.0,,,13.192,13.2705,13.368,0.0,0.0,0.0,0.0,12.386,12.808,13.496,0.0,0.0,0.0,0.0
False,False,False,False,2025,S1_S2,west,S2,2025-06-27_S1_S2_ff537961,VWC_3_raw_S2_B,B,3,18,2025-06-27 15:33:00,2025-06-28 07:49:00,2025-06-27 09:33:00,22.934,22.493,22.934,2025-06-27 09:45:00,0.0,-0.441,0.5,0.0,precip_in,0.01,0.0,0.0,BattV_Min_S2_B,False,False,False,False,18.2,18.2,18.45,16.2667,95500.0,,,13.192,13.2705,13.368,0.0,0.0,0.0,0.0,12.386,12.808,13.496,0.0,0.0,0.0,0.0
False,False,False,False,2025,S1_S2,west,S2,2025-07-26_S1_S2_98e2053f,VWC_1_raw_S2_B,B,1,6,2025-07-26 08:45:00,2025-07-26 17:50:00,2025-07-26 02:45:00,10.229,9.982,10.229,2025-07-26 02:45:00,0.0,-0.247,0.5,0.0,precip_in,0.01,0.0,0.0,BattV_Min_S2_B,False,False,False,False,10.5,10.5,14.5,9.0833,53225.0,,,12.675,12.719,13.631,0.0,0.0,0.0,0.0,13.214,13.28,13.553,0.0,0.0,0.0,0.0
False,False,False,False,2025,S1_S2,west,S2,2025-07-26_S1_S2_98e2053f,VWC_2_raw_S2_B,B,2,12,2025-07-26 08:45:00,2025-07-26 17:50:00,2025-07-26 02:45:00,11.169,11.176,11.188,2025-07-26 04:15:00,0.019,0.007,0.5,0.0,precip_in,0.01,0.0,0.0,BattV_Min_S2_B,False,False,False,False,15.0,15.0,23.75,9.0833,53225.0,,,12.675,12.719,13.631,0.0,0.0,0.0,0.0,13.214,13.28,13.553,0.0,0.0,0.0,0.0
False,False,False,False,2025,S1_S2,west,S2,2025-07-26_S1_S2_98e2053f,VWC_3_raw_S2_B,B,3,18,2025-07-26 08:45:00,2025-07-26 17:50:00,2025-07-26 02:45:00,24.941,24.925,25.004,2025-07-26 06:15:00,0.063,-0.016,0.5,0.0,precip_in,0.01,0.0,0.0,BattV_Min_S2_B,False,False,False,False,9.5,9.5,9.75,9.0833,53225.0,,,12.675,12.719,13.631,0.0,0.0,0.0,0.0,13.214,13.28,13.553,0.0,0.0,0.0,0.0
False,False,False,False,2025,S1_S2,west,S2,2025-08-22_S1_S2_9f8675d7,VWC_1_raw_S2_B,B,1,6,2025-08-22 09:07:00,2025-08-22 19:04:00,2025-08-22 03:07:00,10.901,10.712,10.901,2025-08-22 03:15:00,0.0,-0.189,0.5,0.0,precip_in,0.01,0.0,0.0,BattV_Min_S2_B,False,False,False,False,11.1333,11.1333,22.3833,9.95,30625.0,,,12.707,12.724,13.483,0.0,0.0,0.0,0.0,13.172,13.2185,13.363,0.0,0.0,0.0,0.0
False,False,False,False,2025,S1_S2,west,S2,2025-08-22_S1_S2_9f8675d7,VWC_2_raw_S2_B,B,2,12,2025-08-22 09:07:00,2025-08-22 19:04:00,2025-08-22 03:07:00,10.666,10.665,10.738,2025-08-22 08:30:00,0.072,-0.001,0.5,0.0,precip_in,0.01,0.0,0.0,BattV_Min_S2_B,False,False,False,False,11.1333,11.1333,20.8833,9.95,30625.0,,,12.707,12.724,13.483,0.0,0.0,0.0,0.0,13.172,13.2185,13.363,0.0,0.0,0.0,0.0
False,False,False,False,2025,S1_S2,west,S2,2025-08-22_S1_S2_9f8675d7,VWC_3_raw_S2_B,B,3,18,2025-08-22 09:07:00,2025-08-22 19:04:00,2025-08-22 03:07:00,20.957,21.032,21.102,2025-08-22 07:45:00,0.145,0.075,0.5,0.0,precip_in,0.01,0.0,0.0,BattV_Min_S2_B,False,False,False,False,11.1333,11.1333,15.1333,9.95,30625.0,,,12.707,12.724,13.483,0.0,0.0,0.0,0.0,13.172,13.2185,13.363,0.0,0.0,0.0,0.0
False,False,False,False,2025,S1_S2,west,S2,2025-09-20_S1_S2_81d8ab0f,VWC_1_raw_S2_B,B,1,6,2025-09-20 10:42:00,2025-09-20 17:31:00,2025-09-20 04:42:00,11.177,11.147,11.185,2025-09-20 05:00:00,0.008,-0.03,0.5,0.0,precip_in,0.01,0.0,0.0,BattV_Min_S2_B,False,False,False,False,9.8,9.8,20.8,6.8167,86100.0,,,12.633,12.776,13.636,0.0,0.0,0.0,0.0,13.334,13.3855,13.436,0.0,0.0,0.0,0.0
False,False,False,False,2025,S1_S2,west,S2,2025-09-20_S1_S2_81d8ab0f,VWC_2_raw_S2_B,B,2,12,2025-09-20 10:42:00,2025-09-20 17:31:00,2025-09-20 04:42:00,12.775,12.864,12.864,2025-09-20 10:30:00,0.089,0.089,0.5,0.0,precip_in,0.01,0.0,0.0,BattV_Min_S2_B,False,False,False,False,7.8,7.8,15.8,6.8167,86100.0,,,12.633,12.776,13.636,0.0,0.0,0.0,0.0,13.334,13.3855,13.436,0.0,0.0,0.0,0.0
False,False,False,False,2025,S1_S2,west,S2,2025-09-20_S1_S2_81d8ab0f,VWC_3_raw_S2_B,B,3,18,2025-09-20 10:42:00,2025-09-20 17:31:00,2025-09-20 04:42:00,24.335,24.351,24.424,2025-09-20 08:45:00,0.089,0.016,0.5,0.0,precip_in,0.01,0.0,0.0,BattV_Min_S2_B,False,False,False,False,10.55,10.55,14.55,6.8167,86100.0,,,12.633,12.776,13.636,0.0,0.0,0.0,0.0,13.334,13.3855,13.436,0.0,0.0,0.0,0.0
False,False,False,False,2025,S3_S4,east,S3,2025-04-20_S3_S4_ead0e049,VWC_1_raw_S3_B,B,1,6,2025-04-20 08:15:00,2025-04-21 06:28:00,2025-04-20 02:15:00,14.759,14.538,14.759,2025-04-20 02:15:00,0.0,-0.221,0.5,0.0,precip_in,0.01,0.0,0.0,BattV_Min_S3_B,False,False,False,False,7.5,7.5,8.75,22.2167,132300.0,,,12.502,12.681,14.182,0.0,0.0,0.0,0.0,12.57,13.502,14.095,0.0,0.0,0.0,0.0
False,False,False,False,2025,S3_S4,east,S3,2025-04-20_S3_S4_ead0e049,VWC_2_raw_S3_B,B,2,12,2025-04-20 08:15:00,2025-04-21 06:28:00,2025-04-20 02:15:00,18.599,18.516,18.611,2025-04-20 04:30:00,0.012,-0.083,0.5,0.0,precip_in,0.01,0.0,0.0,BattV_Min_S3_B,False,False,False,False,22.75,22.75,23.0,22.2167,132300.0,,,12.502,12.681,14.182,0.0,0.0,0.0,0.0,12.57,13.502,14.095,0.0,0.0,0.0,0.0
False,False,False,False,2025,S3_S4,east,S3,2025-04-20_S3_S4_ead0e049,VWC_3_raw_S3_B,B,3,18,2025-04-20 08:15:00,2025-04-21 06:28:00,2025-04-20 02:15:00,11.24,11.253,11.253,2025-04-20 08:15:00,0.013,0.013,0.5,0.0,precip_in,0.01,0.0,0.0,BattV_Min_S3_B,False,False,False,False,6.5,6.5,6.75,22.2167,132300.0,,,12.502,12.681,14.182,0.0,0.0,0.0,0.0,12.57,13.502,14.095,0.0,0.0,0.0,0.0
False,False,False,False,2025,S3_S4,east,S3,2025-05-02_S3_S4_3cb33cbf,VWC_1_raw_S3_B,B,1,6,2025-05-02 19:10:02,2025-05-03 08:21:02,2025-05-02 13:10:02,22.12,22.324,22.375,2025-05-02 16:45:00,0.255,0.204,0.5,0.0,precip_in,0.01,0.0,0.0,BattV_Min_S3_B,False,False,False,False,13.5828,13.5828,13.8328,13.1833,76750.0,,,13.313,13.376,13.502,0.0,0.0,0.0,0.0,12.545,12.832,13.907,0.0,0.0,0.0,0.0
False,False,False,False,2025,S3_S4,east,S3,2025-05-02_S3_S4_3cb33cbf,VWC_2_raw_S3_B,B,2,12,2025-05-02 19:10:02,2025-05-03 08:21:02,2025-05-02 13:10:02,24.57,24.529,24.57,2025-05-02 13:15:00,0.0,-0.041,0.5,0.0,precip_in,0.01,0.0,0.0,BattV_Min_S3_B,False,False,False,False,13.5828,13.5828,13.8328,13.1833,76750.0,,,13.313,13.376,13.502,0.0,0.0,0.0,0.0,12.545,12.832,13.907,0.0,0.0,0.0,0.0
False,False,False,False,2025,S3_S4,east,S3,2025-05-02_S3_S4_3cb33cbf,VWC_3_raw_S3_B,B,3,18,2025-05-02 19:10:02,2025-05-03 08:21:02,2025-05-02 13:10:02,14.33,14.253,14.337,2025-05-02 16:00:00,0.007,-0.077,0.5,0.0,precip_in,0.01,0.0,0.0,BattV_Min_S3_B,False,False,False,False,10.5828,10.5828,10.8328,13.1833,76750.0,,,13.313,13.376,13.502,0.0,0.0,0.0,0.0,12.545,12.832,13.907,0.0,0.0,0.0,0.0
False,False,False,False,2025,S3_S4,east,S3,2025-05-28_S3_S4_120d46ab,VWC_1_raw_S3_B,B,1,6,2025-05-28 18:58:00,2025-05-29 07:30:00,2025-05-28 12:58:00,12.633,12.851,12.861,2025-05-28 16:30:00,0.228,0.218,0.5,0.0,precip_in,0.01,0.0,0.0,BattV_Min_S3_B,False,False,False,False,16.0333,16.0333,16.2833,12.5333,64250.0,,,13.236,13.3145,13.42,0.0,0.0,0.0,0.0,12.655,12.842,13.746,0.0,0.0,0.0,0.0
False,False,False,False,2025,S3_S4,east,S3,2025-06-13_S3_S4_29345c78,VWC_1_raw_S3_B,B,1,6,2025-06-13 10:49:00,2025-06-13 19:16:00,2025-06-13 04:49:00,22.767,22.467,22.831,2025-06-13 05:30:00,0.064,-0.3,0.5,0.0,precip_in,0.01,0.0,0.0,BattV_Min_S3_B,False,False,False,False,12.9333,12.9333,13.1833,8.45,56900.0,,,12.644,13.3415,13.713,0.0,0.0,0.0,0.0,13.198,13.2375,13.303,0.0,0.0,0.0,0.0
False,False,False,False,2025,S3_S4,east,S3,2025-06-13_S3_S4_29345c78,VWC_2_raw_S3_B,B,2,12,2025-06-13 10:49:00,2025-06-13 19:16:00,2025-06-13 04:49:00,25.395,25.216,25.411,2025-06-13 05:45:00,0.016,-0.179,0.5,0.0,precip_in,0.01,0.0,0.0,BattV_Min_S3_B,False,False,False,False,11.9333,11.9333,12.1833,8.45,56900.0,,,12.644,13.3415,13.713,0.0,0.0,0.0,0.0,13.198,13.2375,13.303,0.0,0.0,0.0,0.0
False,False,False,False,2025,S3_S4,east,S3,2025-06-13_S3_S4_29345c78,VWC_3_raw_S3_B,B,3,18,2025-06-13 10:49:00,2025-06-13 19:16:00,2025-06-13 04:49:00,17.839,17.712,17.844,2025-06-13 06:00:00,0.005,-0.127,0.5,0.0,precip_in,0.01,0.0,0.0,BattV_Min_S3_B,False,False,False,False,14.4333,14.4333,14.6833,8.45,56900.0,,,12.644,13.3415,13.713,0.0,0.0,0.0,0.0,13.198,13.2375,13.303,0.0,0.0,0.0,0.0
False,False,False,False,2025,S3_S4,east,S3,2025-06-28_S3_S4_d9252a87,VWC_1_raw_S3_B,B,1,6,2025-06-28 08:50:00,2025-06-28 16:15:00,2025-06-28 02:50:00,11.439,11.125,11.447,2025-06-28 03:15:00,0.008,-0.314,0.5,0.0,precip_in,0.01,0.0,0.0,BattV_Min_S3_B,False,False,False,False,14.1667,14.1667,14.4167,7.4167,43550.0,,,12.613,12.729,13.733,0.0,0.0,0.0,0.0,13.196,13.3145,13.441,0.0,0.0,0.0,0.0
False,False,False,False,2025,S3_S4,east,S3,2025-07-11_S3_S4_e179d57e,VWC_1_raw_S3_B,B,1,6,2025-07-11 08:30:00,2025-07-11 18:12:00,2025-07-11 02:30:00,25.006,24.908,25.031,2025-07-11 03:00:00,0.025,-0.098,0.5,0.0,precip_in,0.01,0.0,0.0,BattV_Min_S3_B,False,False,False,False,14.75,14.75,15.0,9.7,46400.0,,,12.591,12.744,13.666,0.0,0.0,0.0,0.0,13.197,13.298,13.472,0.0,0.0,0.0,0.0
False,False,False,False,2025,S3_S4,east,S3,2025-07-11_S3_S4_e179d57e,VWC_2_raw_S3_B,B,2,12,2025-07-11 08:30:00,2025-07-11 18:12:00,2025-07-11 02:30:00,28.442,28.427,28.475,2025-07-11 03:15:00,0.033,-0.015,0.5,0.0,precip_in,0.01,0.0,0.0,BattV_Min_S3_B,False,False,False,False,14.5,14.5,14.75,9.7,46400.0,,,12.591,12.744,13.666,0.0,0.0,0.0,0.0,13.197,13.298,13.472,0.0,0.0,0.0,0.0
False,False,False,False,2025,S3_S4,east,S3,2025-07-11_S3_S4_e179d57e,VWC_3_raw_S3_B,B,3,18,2025-07-11 08:30:00,2025-07-11 18:12:00,2025-07-11 02:30:00,22.635,22.495,22.65,2025-07-11 03:45:00,0.015,-0.14,0.5,0.0,precip_in,0.01,0.0,0.0,BattV_Min_S3_B,False,False,False,False,15.5,15.5,15.75,9.7,46400.0,,,12.591,12.744,13.666,0.0,0.0,0.0,0.0,13.197,13.298,13.472,0.0,0.0,0.0,0.0
False,False,False,False,2025,S3_S4,east,S3,2025-07-26_S3_S4_b4053dcf,VWC_1_raw_S3_B,B,1,6,2025-07-26 08:45:00,2025-07-26 17:50:00,2025-07-26 02:45:00,10.65,10.387,10.657,2025-07-26 03:00:00,0.007,-0.263,0.5,0.0,precip_in,0.01,0.0,0.0,BattV_Min_S3_B,False,False,False,False,10.75,10.75,11.0,9.0833,53225.0,,,12.612,12.713,13.666,0.0,0.0,0.0,0.0,13.22,13.299,13.596,0.0,0.0,0.0,0.0
False,False,False,False,2025,S3_S4,east,S3,2025-07-26_S3_S4_b4053dcf,VWC_2_raw_S3_B,B,2,12,2025-07-26 08:45:00,2025-07-26 17:50:00,2025-07-26 02:45:00,13.449,13.378,13.47,2025-07-26 04:15:00,0.021,-0.071,0.5,0.0,precip_in,0.01,0.0,0.0,BattV_Min_S3_B,False,False,False,False,10.75,10.75,15.75,9.0833,53225.0,,,12.612,12.713,13.666,0.0,0.0,0.0,0.0,13.22,13.299,13.596,0.0,0.0,0.0,0.0
False,False,False,False,2025,S3_S4,east,S3,2025-07-26_S3_S4_b4053dcf,VWC_3_raw_S3_B,B,3,18,2025-07-26 08:45:00,2025-07-26 17:50:00,2025-07-26 02:45:00,16.435,16.437,16.512,2025-07-26 07:30:00,0.077,0.002,0.5,0.0,precip_in,0.01,0.0,0.0,BattV_Min_S3_B,False,False,False,False,15.0,15.0,19.0,9.0833,53225.0,,,12.612,12.713,13.666,0.0,0.0,0.0,0.0,13.22,13.299,13.596,0.0,0.0,0.0,0.0
False,False,False,False,2025,S3_S4,east,S3,2025-08-08_S3_S4_7c793582,VWC_1_raw_S3_B,B,1,6,2025-08-08 13:14:00,2025-08-08 19:28:00,2025-08-08 07:14:00,20.671,20.079,20.688,2025-08-08 07:45:00,0.017,-0.592,0.5,0.0,precip_in,0.01,0.0,0.0,BattV_Min_S3_B,False,False,False,False,8.7667,8.7667,9.0167,6.2333,38750.0,,,12.77,13.3235,13.713,0.0,0.0,0.0,0.0,13.201,13.224,13.261,0.0,0.0,0.0,0.0
False,False,False,False,2025,S3_S4,east,S3,2025-08-08_S3_S4_7c793582,VWC_2_raw_S3_B,B,2,12,2025-08-08 13:14:00,2025-08-08 19:28:00,2025-08-08 07:14:00,26.071,25.401,26.118,2025-08-08 09:00:00,0.047,-0.67,0.5,0.0,precip_in,0.01,0.0,0.0,BattV_Min_S3_B,False,False,False,False,7.7667,7.7667,8.0167,6.2333,38750.0,,,12.77,13.3235,13.713,0.0,0.0,0.0,0.0,13.201,13.224,13.261,0.0,0.0,0.0,0.0
False,False,False,False,2025,S3_S4,east,S3,2025-08-08_S3_S4_7c793582,VWC_3_raw_S3_B,B,3,18,2025-08-08 13:14:00,2025-08-08 19:28:00,2025-08-08 07:14:00,20.663,20.437,20.675,2025-08-08 09:45:00,0.012,-0.226,0.5,0.0,precip_in,0.01,0.0,0.0,BattV_Min_S3_B,False,False,False,False,12.2667,12.2667,16.2667,6.2333,38750.0,,,12.77,13.3235,13.713,0.0,0.0,0.0,0.0,13.201,13.224,13.261,0.0,0.0,0.0,0.0
False,False,False,False,2025,S3_S4,east,S3,2025-08-22_S3_S4_1b405e4b,VWC_1_raw_S3_B,B,1,6,2025-08-22 09:07:00,2025-08-22 19:04:00,2025-08-22 03:07:00,12.163,12.069,12.183,2025-08-22 04:15:00,0.02,-0.094,0.5,0.0,precip_in,0.01,0.0,0.0,BattV_Min_S3_B,False,False,False,False,11.8833,11.8833,19.8833,9.95,30625.0,,,12.638,12.71,13.545,0.0,0.0,0.0,0.0,13.165,13.253,13.376,0.0,0.0,0.0,0.0
False,False,False,False,2025,S3_S4,east,S3,2025-08-22_S3_S4_1b405e4b,VWC_2_raw_S3_B,B,2,12,2025-08-22 09:07:00,2025-08-22 19:04:00,2025-08-22 03:07:00,14.691,14.658,14.726,2025-08-22 08:00:00,0.035,-0.033,0.5,0.0,precip_in,0.01,0.0,0.0,BattV_Min_S3_B,False,False,False,False,22.6333,22.6333,22.8833,9.95,30625.0,,,12.638,12.71,13.545,0.0,0.0,0.0,0.0,13.165,13.253,13.376,0.0,0.0,0.0,0.0
False,False,False,False,2025,S3_S4,east,S3,2025-08-22_S3_S4_1b405e4b,VWC_3_raw_S3_B,B,3,18,2025-08-22 09:07:00,2025-08-22 19:04:00,2025-08-22 03:07:00,14.958,15.008,15.056,2025-08-22 08:30:00,0.098,0.05,0.5,0.0,precip_in,0.01,0.0,0.0,BattV_Min_S3_B,False,False,False,False,11.8833,11.8833,15.8833,9.95,30625.0,,,12.638,12.71,13.545,0.0,0.0,0.0,0.0,13.165,13.253,13.376,0.0,0.0,0.0,0.0
False,False,False,False,2025,S3_S4,east,S3,2025-09-20_S3_S4_f86ee2c5,VWC_1_raw_S3_B,B,1,6,2025-09-20 10:42:00,2025-09-20 17:31:00,2025-09-20 04:42:00,16.369,16.329,16.403,2025-09-20 08:45:00,0.034,-0.04,0.5,0.0,precip_in,0.01,0.0,0.0,BattV_Min_S3_B,False,False,False,False,8.8,8.8,9.8,6.8167,86100.0,,,12.503,12.707,13.762,0.0,0.0,0.0,0.0,13.315,13.399,13.487,0.0,0.0,0.0,0.0
False,False,False,False,2025,S3_S4,east,S3,2025-09-20_S3_S4_f86ee2c5,VWC_2_raw_S3_B,B,2,12,2025-09-20 10:42:00,2025-09-20 17:31:00,2025-09-20 04:42:00,22.912,22.862,22.939,2025-09-20 06:00:00,0.027,-0.05,0.5,0.0,precip_in,0.01,0.0,0.0,BattV_Min_S3_B,False,False,False,False,12.3,12.3,26.05,6.8167,86100.0,,,12.503,12.707,13.762,0.0,0.0,0.0,0.0,13.315,13.399,13.487,0.0,0.0,0.0,0.0
False,False,False,False,2025,S3_S4,east,S3,2025-09-20_S3_S4_f86ee2c5,VWC_3_raw_S3_B,B,3,18,2025-09-20 10:42:00,2025-09-20 17:31:00,2025-09-20 04:42:00,21.696,21.461,21.741,2025-09-20 07:30:00,0.045,-0.235,0.5,0.0,precip_in,0.01,0.0,0.0,BattV_Min_S3_B,False,False,False,False,16.05,16.05,20.05,6.8167,86100.0,,,12.503,12.707,13.762,0.0,0.0,0.0,0.0,13.315,13.399,13.487,0.0,0.0,0.0,0.0
False,False,False,False,2025,S3_S4,east,S3,2025-10-04_S3_S4_4439230e,VWC_1_raw_S3_B,B,1,6,2025-10-04 10:12:00,2025-10-04 17:06:00,2025-10-04 04:12:00,23.074,23.051,23.093,2025-10-04 05:30:00,0.019,-0.023,0.5,0.0,precip_in,0.01,0.0,0.0,BattV_Min_S3_B,False,False,False,False,9.05,9.05,9.3,6.9,51800.0,,,12.635,12.7185,13.648,0.0,0.0,0.0,0.0,13.458,13.5145,13.58,0.0,0.0,0.0,0.0
False,False,False,False,2025,S3_S4,east,S3,2025-10-04_S3_S4_4439230e,VWC_2_raw_S3_B,B,2,12,2025-10-04 10:12:00,2025-10-04 17:06:00,2025-10-04 04:12:00,23.714,23.759,23.759,2025-10-04 10:00:00,0.045,0.045,0.5,0.0,precip_in,0.01,0.0,0.0,BattV_Min_S3_B,False,False,False,False,9.55,9.55,9.8,6.9,51800.0,,,12.635,12.7185,13.648,0.0,0.0,0.0,0.0,13.458,13.5145,13.58,0.0,0.0,0.0,0.0
False,False,False,False,2025,S3_S4,east,S3,2025-10-04_S3_S4_4439230e,VWC_3_raw_S3_B,B,3,18,2025-10-04 10:12:00,2025-10-04 17:06:00,2025-10-04 04:12:00,17.668,17.681,17.697,2025-10-04 09:30:00,0.029,0.013,0.5,0.0,precip_in,0.01,0.0,0.0,BattV_Min_S3_B,False,False,False,False,12.8,12.8,16.8,6.9,51800.0,,,12.635,12.7185,13.648,0.0,0.0,0.0,0.0,13.458,13.5145,13.58,0.0,0.0,0.0,0.0
False,False,False,False,2025,S3_S4,east,S4,2025-04-20_S3_S4_ead0e049,VWC_1_raw_S4_B,B,1,6,2025-04-20 08:15:00,2025-04-21 06:28:00,2025-04-20 02:15:00,17.359,16.919,17.359,2025-04-20 02:15:00,0.0,-0.44,0.5,0.0,precip_in,0.01,0.0,0.0,BattV_Min_S4_B,False,False,False,False,9.25,9.25,12.75,22.2167,132300.0,,,12.763,12.796,14.166,0.0,0.0,0.0,0.0,12.778,13.528,14.141,0.0,0.0,0.0,0.0
False,False,False,False,2025,S3_S4,east,S4,2025-04-20_S3_S4_ead0e049,VWC_2_raw_S4_B,B,2,12,2025-04-20 08:15:00,2025-04-21 06:28:00,2025-04-20 02:15:00,25.694,25.385,25.719,2025-04-20 02:30:00,0.025,-0.309,0.5,0.0,precip_in,0.01,0.0,0.0,BattV_Min_S4_B,False,False,False,False,15.0,15.0,15.25,22.2167,132300.0,,,12.763,12.796,14.166,0.0,0.0,0.0,0.0,12.778,13.528,14.141,0.0,0.0,0.0,0.0
False,False,False,False,2025,S3_S4,east,S4,2025-04-20_S3_S4_ead0e049,VWC_3_raw_S4_B,B,3,18,2025-04-20 08:15:00,2025-04-21 06:28:00,2025-04-20 02:15:00,20.107,20.046,20.123,2025-04-20 03:00:00,0.016,-0.061,0.5,0.0,precip_in,0.01,0.0,0.0,BattV_Min_S4_B,False,False,False,False,10.5,10.5,19.75,22.2167,132300.0,,,12.763,12.796,14.166,0.0,0.0,0.0,0.0,12.778,13.528,14.141,0.0,0.0,0.0,0.0
False,False,False,False,2025,S3_S4,east,S4,2025-05-02_S3_S4_3cb33cbf,VWC_1_raw_S4_B,B,1,6,2025-05-02 19:10:02,2025-05-03 08:21:02,2025-05-02 13:10:02,21.716,21.66,21.79,2025-05-02 15:45:00,0.074,-0.056,0.5,0.0,precip_in,0.01,0.0,0.0,BattV_Min_S4_B,False,False,False,False,13.8328,13.8328,14.0828,13.1833,76750.0,,,13.376,13.408,13.52,0.0,0.0,0.0,0.0,12.823,12.905,13.717,0.0,0.0,0.0,0.0
False,False,False,False,2025,S3_S4,east,S4,2025-05-02_S3_S4_3cb33cbf,VWC_2_raw_S4_B,B,2,12,2025-05-02 19:10:02,2025-05-03 08:21:02,2025-05-02 13:10:02,30.419,30.607,30.615,2025-05-02 18:45:00,0.196,0.188,0.5,0.0,precip_in,0.01,0.0,0.0,BattV_Min_S4_B,False,False,False,False,11.0828,11.0828,22.8328,13.1833,76750.0,,,13.376,13.408,13.52,0.0,0.0,0.0,0.0,12.823,12.905,13.717,0.0,0.0,0.0,0.0
False,False,False,False,2025,S3_S4,east,S4,2025-05-02_S3_S4_3cb33cbf,VWC_3_raw_S4_B,B,3,18,2025-05-02 19:10:02,2025-05-03 08:21:02,2025-05-02 13:10:02,34.299,34.204,34.38,2025-05-02 13:30:00,0.081,-0.095,0.5,0.0,precip_in,0.01,0.0,0.0,BattV_Min_S4_B,False,False,False,False,11.0828,11.0828,20.8328,13.1833,76750.0,,,13.376,13.408,13.52,0.0,0.0,0.0,0.0,12.823,12.905,13.717,0.0,0.0,0.0,0.0
False,False,False,False,2025,S3_S4,east,S4,2025-05-28_S3_S4_120d46ab,VWC_2_raw_S4_B,B,2,12,2025-05-28 18:58:00,2025-05-29 07:30:00,2025-05-28 12:58:00,40.35,40.675,40.675,2025-05-28 18:45:00,0.325,0.325,0.5,0.0,precip_in,0.01,0.0,0.0,BattV_Min_S4_B,False,False,False,False,10.2833,10.2833,12.0333,12.5333,64250.0,,,13.283,13.3365,13.437,0.0,0.0,0.0,0.0,12.858,12.93,13.561,0.0,0.0,0.0,0.0
False,False,False,False,2025,S3_S4,east,S4,2025-05-28_S3_S4_120d46ab,VWC_3_raw_S4_B,B,3,18,2025-05-28 18:58:00,2025-05-29 07:30:00,2025-05-28 12:58:00,41.443,41.367,41.443,2025-05-28 13:00:00,0.0,-0.076,0.5,0.0,precip_in,0.01,0.0,0.0,BattV_Min_S4_B,False,False,False,False,18.0333,18.0333,,12.5333,64250.0,,,13.283,13.3365,13.437,0.0,0.0,0.0,0.0,12.858,12.93,13.561,0.0,0.0,0.0,0.0
False,False,False,False,2025,S3_S4,east,S4,2025-06-13_S3_S4_29345c78,VWC_1_raw_S4_B,B,1,6,2025-06-13 10:49:00,2025-06-13 19:16:00,2025-06-13 04:49:00,30.745,30.088,30.745,2025-06-13 05:00:00,0.0,-0.657,0.5,0.0,precip_in,0.01,0.0,0.0,BattV_Min_S4_B,False,False,False,False,10.1833,10.1833,14.1833,8.45,56900.0,,,12.866,13.354,13.73,0.0,0.0,0.0,0.0,13.225,13.2735,13.322,0.0,0.0,0.0,0.0
False,False,False,False,2025,S3_S4,east,S4,2025-06-13_S3_S4_29345c78,VWC_2_raw_S4_B,B,2,12,2025-06-13 10:49:00,2025-06-13 19:16:00,2025-06-13 04:49:00,34.787,34.397,35.151,2025-06-13 08:45:00,0.364,-0.39,0.5,0.0,precip_in,0.01,0.0,0.0,BattV_Min_S4_B,False,False,False,False,11.4333,11.4333,26.4333,8.45,56900.0,,,12.866,13.354,13.73,0.0,0.0,0.0,0.0,13.225,13.2735,13.322,0.0,0.0,0.0,0.0
False,False,False,False,2025,S3_S4,east,S4,2025-06-13_S3_S4_29345c78,VWC_3_raw_S4_B,B,3,18,2025-06-13 10:49:00,2025-06-13 19:16:00,2025-06-13 04:49:00,36.805,36.751,36.91,2025-06-13 07:30:00,0.105,-0.054,0.5,0.0,precip_in,0.01,0.0,0.0,BattV_Min_S4_B,False,False,False,False,17.9333,17.9333,19.9333,8.45,56900.0,,,12.866,13.354,13.73,0.0,0.0,0.0,0.0,13.225,13.2735,13.322,0.0,0.0,0.0,0.0
False,False,False,False,2025,S3_S4,east,S4,2025-06-28_S3_S4_d9252a87,VWC_1_raw_S4_B,B,1,6,2025-06-28 08:50:00,2025-06-28 16:15:00,2025-06-28 02:50:00,36.347,35.768,36.347,2025-06-28 03:00:00,0.0,-0.579,0.5,0.0,precip_in,0.01,0.0,0.0,BattV_Min_S4_B,False,False,False,False,13.9167,13.9167,17.9167,7.4167,43550.0,,,12.839,12.8665,13.783,0.0,0.0,0.0,0.0,13.249,13.32,13.591,0.0,0.0,0.0,0.0
False,False,False,False,2025,S3_S4,east,S4,2025-06-28_S3_S4_d9252a87,VWC_2_raw_S4_B,B,2,12,2025-06-28 08:50:00,2025-06-28 16:15:00,2025-06-28 02:50:00,36.1,36.144,36.173,2025-06-28 07:30:00,0.073,0.044,0.5,0.0,precip_in,0.01,0.0,0.0,BattV_Min_S4_B,False,False,False,False,15.4167,15.4167,19.4167,7.4167,43550.0,,,12.839,12.8665,13.783,0.0,0.0,0.0,0.0,13.249,13.32,13.591,0.0,0.0,0.0,0.0
False,False,False,False,2025,S3_S4,east,S4,2025-07-11_S3_S4_e179d57e,VWC_1_raw_S4_B,B,1,6,2025-07-11 08:30:00,2025-07-11 18:12:00,2025-07-11 02:30:00,34.438,33.922,34.449,2025-07-11 02:45:00,0.011,-0.516,0.5,0.0,precip_in,0.01,0.0,0.0,BattV_Min_S4_B,False,False,False,False,13.5,13.5,17.5,9.7,46400.0,,,12.838,12.883,13.711,0.0,0.0,0.0,0.0,13.235,13.305,13.653,0.0,0.0,0.0,0.0
False,False,False,False,2025,S3_S4,east,S4,2025-07-11_S3_S4_e179d57e,VWC_2_raw_S4_B,B,2,12,2025-07-11 08:30:00,2025-07-11 18:12:00,2025-07-11 02:30:00,34.985,34.846,35.035,2025-07-11 05:00:00,0.05,-0.139,0.5,0.0,precip_in,0.01,0.0,0.0,BattV_Min_S4_B,False,False,False,False,14.5,14.5,24.5,9.7,46400.0,,,12.838,12.883,13.711,0.0,0.0,0.0,0.0,13.235,13.305,13.653,0.0,0.0,0.0,0.0
False,False,False,False,2025,S3_S4,east,S4,2025-07-11_S3_S4_e179d57e,VWC_3_raw_S4_B,B,3,18,2025-07-11 08:30:00,2025-07-11 18:12:00,2025-07-11 02:30:00,38.017,37.978,38.146,2025-07-11 04:45:00,0.129,-0.039,0.5,0.0,precip_in,0.01,0.0,0.0,BattV_Min_S4_B,False,False,False,False,19.5,19.5,23.5,9.7,46400.0,,,12.838,12.883,13.711,0.0,0.0,0.0,0.0,13.235,13.305,13.653,0.0,0.0,0.0,0.0
False,False,False,False,2025,S3_S4,east,S4,2025-07-26_S3_S4_b4053dcf,VWC_1_raw_S4_B,B,1,6,2025-07-26 08:45:00,2025-07-26 17:50:00,2025-07-26 02:45:00,24.668,24.135,24.668,2025-07-26 02:45:00,0.0,-0.533,0.5,0.0,precip_in,0.01,0.0,0.0,BattV_Min_S4_B,False,False,False,False,10.5,10.5,14.5,9.0833,53225.0,,,12.804,12.855,13.69,0.0,0.0,0.0,0.0,13.226,13.314,13.662,0.0,0.0,0.0,0.0
False,False,False,False,2025,S3_S4,east,S4,2025-07-26_S3_S4_b4053dcf,VWC_2_raw_S4_B,B,2,12,2025-07-26 08:45:00,2025-07-26 17:50:00,2025-07-26 02:45:00,33.905,33.727,33.905,2025-07-26 02:45:00,0.0,-0.178,0.5,0.0,precip_in,0.01,0.0,0.0,BattV_Min_S4_B,False,False,False,False,11.75,11.75,23.25,9.0833,53225.0,,,12.804,12.855,13.69,0.0,0.0,0.0,0.0,13.226,13.314,13.662,0.0,0.0,0.0,0.0
False,False,False,False,2025,S3_S4,east,S4,2025-07-26_S3_S4_b4053dcf,VWC_3_raw_S4_B,B,3,18,2025-07-26 08:45:00,2025-07-26 17:50:00,2025-07-26 02:45:00,35.761,35.769,35.795,2025-07-26 06:00:00,0.034,0.008,0.5,0.0,precip_in,0.01,0.0,0.0,BattV_Min_S4_B,False,False,False,False,12.5,12.5,17.75,9.0833,53225.0,,,12.804,12.855,13.69,0.0,0.0,0.0,0.0,13.226,13.314,13.662,0.0,0.0,0.0,0.0
False,False,False,False,2025,S3_S4,east,S4,2025-08-08_S3_S4_7c793582,VWC_1_raw_S4_B,B,1,6,2025-08-08 13:14:00,2025-08-08 19:28:00,2025-08-08 07:14:00,31.815,31.789,31.879,2025-08-08 08:00:00,0.064,-0.026,0.5,0.0,precip_in,0.01,0.0,0.0,BattV_Min_S4_B,False,False,False,False,9.7667,9.7667,13.5167,6.2333,38750.0,,,12.942,13.3385,13.716,0.0,0.0,0.0,0.0,13.244,13.26,13.29,0.0,0.0,0.0,0.0
False,False,False,False,2025,S3_S4,east,S4,2025-08-08_S3_S4_7c793582,VWC_2_raw_S4_B,B,2,12,2025-08-08 13:14:00,2025-08-08 19:28:00,2025-08-08 07:14:00,34.348,34.206,34.439,2025-08-08 08:30:00,0.091,-0.142,0.5,0.0,precip_in,0.01,0.0,0.0,BattV_Min_S4_B,False,False,False,False,10.0167,10.0167,16.0167,6.2333,38750.0,,,12.942,13.3385,13.716,0.0,0.0,0.0,0.0,13.244,13.26,13.29,0.0,0.0,0.0,0.0
False,False,False,False,2025,S3_S4,east,S4,2025-08-08_S3_S4_7c793582,VWC_3_raw_S4_B,B,3,18,2025-08-08 13:14:00,2025-08-08 19:28:00,2025-08-08 07:14:00,37.82,37.731,37.904,2025-08-08 07:30:00,0.084,-0.089,0.5,0.0,precip_in,0.01,0.0,0.0,BattV_Min_S4_B,False,False,False,False,9.7667,9.7667,10.0167,6.2333,38750.0,,,12.942,13.3385,13.716,0.0,0.0,0.0,0.0,13.244,13.26,13.29,0.0,0.0,0.0,0.0
False,False,False,False,2025,S3_S4,east,S4,2025-08-22_S3_S4_1b405e4b,VWC_1_raw_S4_B,B,1,6,2025-08-22 09:07:00,2025-08-22 19:04:00,2025-08-22 03:07:00,21.973,21.643,21.973,2025-08-22 03:15:00,0.0,-0.33,0.5,0.0,precip_in,0.01,0.0,0.0,BattV_Min_S4_B,False,False,False,False,23.8833,23.8833,,9.95,30625.0,,,12.88,12.891,13.569,0.0,0.0,0.0,0.0,13.159,13.2455,13.426,0.0,0.0,0.0,0.0
False,False,False,False,2025,S3_S4,east,S4,2025-08-22_S3_S4_1b405e4b,VWC_2_raw_S4_B,B,2,12,2025-08-22 09:07:00,2025-08-22 19:04:00,2025-08-22 03:07:00,32.885,32.767,32.979,2025-08-22 05:00:00,0.094,-0.118,0.5,0.0,precip_in,0.01,0.0,0.0,BattV_Min_S4_B,False,False,False,False,18.8833,18.8833,,9.95,30625.0,,,12.88,12.891,13.569,0.0,0.0,0.0,0.0,13.159,13.2455,13.426,0.0,0.0,0.0,0.0
False,False,False,False,2025,S3_S4,east,S4,2025-08-22_S3_S4_1b405e4b,VWC_3_raw_S4_B,B,3,18,2025-08-22 09:07:00,2025-08-22 19:04:00,2025-08-22 03:07:00,33.574,33.385,33.574,2025-08-22 03:15:00,0.0,-0.189,0.5,0.0,precip_in,0.01,0.0,0.0,BattV_Min_S4_B,False,False,False,False,13.8833,13.8833,,9.95,30625.0,,,12.88,12.891,13.569,0.0,0.0,0.0,0.0,13.159,13.2455,13.426,0.0,0.0,0.0,0.0
False,False,False,False,2025,S3_S4,east,S4,2025-09-20_S3_S4_f86ee2c5,VWC_1_raw_S4_B,B,1,6,2025-09-20 10:42:00,2025-09-20 17:31:00,2025-09-20 04:42:00,32.781,32.577,32.781,2025-09-20 04:45:00,0.0,-0.204,0.5,0.0,precip_in,0.01,0.0,0.0,BattV_Min_S4_B,False,False,False,False,10.05,10.05,22.55,6.8167,86100.0,,,12.838,12.872,13.758,0.0,0.0,0.0,0.0,13.366,13.4255,13.478,0.0,0.0,0.0,0.0
False,False,False,False,2025,S3_S4,east,S4,2025-09-20_S3_S4_f86ee2c5,VWC_2_raw_S4_B,B,2,12,2025-09-20 10:42:00,2025-09-20 17:31:00,2025-09-20 04:42:00,33.822,33.744,33.854,2025-09-20 06:45:00,0.032,-0.078,0.5,0.0,precip_in,0.01,0.0,0.0,BattV_Min_S4_B,False,False,False,False,10.3,10.3,20.8,6.8167,86100.0,,,12.838,12.872,13.758,0.0,0.0,0.0,0.0,13.366,13.4255,13.478,0.0,0.0,0.0,0.0
False,False,False,False,2025,S3_S4,east,S4,2025-09-20_S3_S4_f86ee2c5,VWC_3_raw_S4_B,B,3,18,2025-09-20 10:42:00,2025-09-20 17:31:00,2025-09-20 04:42:00,37.067,37.009,37.074,2025-09-20 08:30:00,0.007,-0.058,0.5,0.0,precip_in,0.01,0.0,0.0,BattV_Min_S4_B,False,False,False,False,9.8,9.8,10.05,6.8167,86100.0,,,12.838,12.872,13.758,0.0,0.0,0.0,0.0,13.366,13.4255,13.478,0.0,0.0,0.0,0.0
False,False,False,False,2025,S3_S4,east,S4,2025-10-04_S3_S4_4439230e,VWC_1_raw_S4_B,B,1,6,2025-10-04 10:12:00,2025-10-04 17:06:00,2025-10-04 04:12:00,33.075,32.733,33.105,2025-10-04 04:30:00,0.03,-0.342,0.5,0.0,precip_in,0.01,0.0,0.0,BattV_Min_S4_B,False,False,False,False,11.3,11.3,19.05,6.9,51800.0,,,12.873,12.888,13.682,0.0,0.0,0.0,0.0,13.481,13.5425,13.591,0.0,0.0,0.0,0.0
False,False,False,False,2025,S3_S4,east,S4,2025-10-04_S3_S4_4439230e,VWC_2_raw_S4_B,B,2,12,2025-10-04 10:12:00,2025-10-04 17:06:00,2025-10-04 04:12:00,32.532,32.506,32.591,2025-10-04 05:30:00,0.059,-0.026,0.5,0.0,precip_in,0.01,0.0,0.0,BattV_Min_S4_B,False,False,False,False,15.8,15.8,17.05,6.9,51800.0,,,12.873,12.888,13.682,0.0,0.0,0.0,0.0,13.481,13.5425,13.591,0.0,0.0,0.0,0.0
False,False,False,False,2025,S3_S4,east,S4,2025-10-04_S3_S4_4439230e,VWC_3_raw_S4_B,B,3,18,2025-10-04 10:12:00,2025-10-04 17:06:00,2025-10-04 04:12:00,34.288,34.261,34.302,2025-10-04 05:15:00,0.014,-0.027,0.5,0.0,precip_in,0.01,0.0,0.0,BattV_Min_S4_B,False,False,False,False,11.05,11.05,11.3,6.9,51800.0,,,12.873,12.888,13.682,0.0,0.0,0.0,0.0,13.481,13.5425,13.591,0.0,0.0,0.0,0.0
True,True,False,False,2026,S1_S2,west,S1,2026-04-21_S1_S2_001c30f6,VWC_1_raw_S1_B,B,1,6,2026-04-21 14:54:00,2026-04-22 08:52:00,2026-04-21 08:54:00,14.42,15.045,15.045,2026-04-21 14:45:00,0.625,0.625,0.5,0.0,precip_in,0.01,0.0,0.0,BattV_Min_S1_B,False,False,False,False,12.35,12.35,26.6,17.9667,110850.0,,,13.435,13.4935,13.666,0.0,0.0,0.0,0.0,12.749,12.917,13.69,0.0,0.0,0.0,0.0
True,True,False,False,2026,S1_S2,west,S2,2026-04-21_S1_S2_001c30f6,VWC_1_raw_S2_B,B,1,6,2026-04-21 14:54:00,2026-04-22 08:52:00,2026-04-21 08:54:00,9.409,10.032,10.032,2026-04-21 14:45:00,0.623,0.623,0.5,0.0,precip_in,0.01,0.0,0.0,BattV_Min_S2_B,False,False,False,False,19.35,19.35,23.35,17.9667,110850.0,,,13.325,13.3895,13.58,0.0,0.0,0.0,0.0,12.695,12.8725,13.534,0.0,0.0,0.0,0.0
True,True,False,False,2026,S3_S4,east,S3,2026-06-27_S3_S4_dc68d0eb,VWC_3_raw_S3_B,B,3,18,2026-06-27 11:05:00,2026-06-27 16:34:00,2026-06-27 05:05:00,24.259,25.236,25.236,2026-06-27 11:00:00,0.977,0.977,0.5,0.0,precip_in,0.01,0.0,0.0,BattV_Min_S3_B,False,False,False,False,16.1667,16.1667,16.4167,5.4833,33511.0,,,12.561,13.3495,13.513,0.0,0.0,0.0,0.0,13.275,13.3,13.328,0.0,0.0,0.0,0.0
True,True,False,False,2026,S3_S4,east,S4,2026-04-21_S3_S4_ed1ed131,VWC_1_raw_S4_B,B,1,6,2026-04-21 14:54:00,2026-04-22 08:52:00,2026-04-21 08:54:00,20.271,21.963,21.963,2026-04-21 14:45:00,1.692,1.692,0.5,0.0,precip_in,0.01,0.0,0.0,BattV_Min_S4_B,False,False,False,False,14.6,14.6,18.6,17.9667,110850.0,,,13.393,13.4455,13.705,0.0,0.0,0.0,0.0,12.781,12.9725,13.708,0.0,0.0,0.0,0.0
True,True,False,False,2026,S3_S4,east,S4,2026-05-21_S3_S4_272f948e,VWC_1_raw_S4_B,B,1,6,2026-05-21 13:27:00,2026-05-21 19:54:00,2026-05-21 07:27:00,25.347,25.86,25.86,2026-05-21 13:15:00,0.513,0.513,0.5,0.0,precip_in,0.01,0.0,0.0,BattV_Min_S4_B,False,False,False,False,10.3,10.3,20.3,6.45,59850.0,,,13.23,13.5075,13.858,0.0,0.0,0.0,0.0,13.366,13.4305,13.515,0.0,0.0,0.0,0.0
False,False,False,True,2026,S3_S4,east,S3,2026-07-24_S3_S4_d28f9731,VWC_1_raw_S3_B,B,1,6,2026-07-24 08:25:00,2026-07-24 15:43:00,2026-07-24 02:25:00,11.652,11.637,11.652,2026-07-24 08:00:00,0.0,-0.015,0.5,0.9167,precip_in,0.01,0.0,0.0,BattV_Min_S3_B,False,False,False,False,8.8333,8.8333,23.3333,7.3,34125.0,,,13.421,13.451,13.481,0.0,0.0,0.0,0.0,13.146,13.262,13.371,0.0,0.0,0.0,0.0
False,False,False,True,2026,S3_S4,east,S3,2026-07-24_S3_S4_d28f9731,VWC_2_raw_S3_B,B,2,12,2026-07-24 08:25:00,2026-07-24 15:43:00,2026-07-24 02:25:00,12.466,12.463,12.466,2026-07-24 08:00:00,0.0,-0.003,0.5,0.9167,precip_in,0.01,0.0,0.0,BattV_Min_S3_B,False,False,False,False,8.5833,8.5833,23.3333,7.3,34125.0,,,13.421,13.451,13.481,0.0,0.0,0.0,0.0,13.146,13.262,13.371,0.0,0.0,0.0,0.0
False,False,False,True,2026,S3_S4,east,S3,2026-07-24_S3_S4_d28f9731,VWC_3_raw_S3_B,B,3,18,2026-07-24 08:25:00,2026-07-24 15:43:00,2026-07-24 02:25:00,12.208,12.185,12.208,2026-07-24 08:00:00,0.0,-0.023,0.5,0.9167,precip_in,0.01,0.0,0.0,BattV_Min_S3_B,False,False,False,False,8.0833,8.0833,23.3333,7.3,34125.0,,,13.421,13.451,13.481,0.0,0.0,0.0,0.0,13.146,13.262,13.371,0.0,0.0,0.0,0.0
False,False,False,True,2026,S3_S4,east,S3,2026-08-14_S3_S4_1912adab,VWC_1_raw_S3_B,B,1,6,2026-08-14 10:25:00,2026-08-14 13:47:00,2026-08-14 04:25:00,11.446,11.441,11.446,2026-08-14 08:15:00,0.0,-0.005,0.5,0.625,precip_in,0.01,0.0,0.0,BattV_Min_S3_B,False,False,False,False,4.8333,4.8333,,3.3667,21350.0,,,13.388,13.496,13.646,0.0,0.0,0.0,0.0,13.325,13.367,13.399,0.0,0.0,0.0,0.0
False,False,False,True,2026,S3_S4,east,S3,2026-08-14_S3_S4_1912adab,VWC_2_raw_S3_B,B,2,12,2026-08-14 10:25:00,2026-08-14 13:47:00,2026-08-14 04:25:00,12.282,12.285,12.285,2026-08-14 10:15:00,0.003,0.003,0.5,0.625,precip_in,0.01,0.0,0.0,BattV_Min_S3_B,False,False,False,False,5.3333,5.3333,,3.3667,21350.0,,,13.388,13.496,13.646,0.0,0.0,0.0,0.0,13.325,13.367,13.399,0.0,0.0,0.0,0.0
False,False,False,True,2026,S3_S4,east,S3,2026-08-14_S3_S4_1912adab,VWC_3_raw_S3_B,B,3,18,2026-08-14 10:25:00,2026-08-14 13:47:00,2026-08-14 04:25:00,9.771,9.77,9.773,2026-08-14 08:30:00,0.002,-0.001,0.5,0.625,precip_in,0.01,0.0,0.0,BattV_Min_S3_B,False,False,False,False,4.8333,4.8333,,3.3667,21350.0,,,13.388,13.496,13.646,0.0,0.0,0.0,0.0,13.325,13.367,13.399,0.0,0.0,0.0,0.0
False,False,False,False,2026,S1_S2,west,S1,2026-04-21_S1_S2_001c30f6,VWC_2_raw_S1_B,B,2,12,2026-04-21 14:54:00,2026-04-22 08:52:00,2026-04-21 08:54:00,13.169,13.025,13.169,2026-04-21 09:00:00,0.0,-0.144,0.5,0.0,precip_in,0.01,0.0,0.0,BattV_Min_S1_B,False,False,False,False,16.35,16.35,30.1,17.9667,110850.0,,,13.435,13.4935,13.666,0.0,0.0,0.0,0.0,12.749,12.917,13.69,0.0,0.0,0.0,0.0
False,False,False,False,2026,S1_S2,west,S1,2026-04-21_S1_S2_001c30f6,VWC_3_raw_S1_B,B,3,18,2026-04-21 14:54:00,2026-04-22 08:52:00,2026-04-21 08:54:00,12.025,11.899,12.051,2026-04-21 09:30:00,0.026,-0.126,0.5,0.0,precip_in,0.01,0.0,0.0,BattV_Min_S1_B,False,False,False,False,19.35,19.35,28.35,17.9667,110850.0,,,13.435,13.4935,13.666,0.0,0.0,0.0,0.0,12.749,12.917,13.69,0.0,0.0,0.0,0.0
False,False,False,False,2026,S1_S2,west,S1,2026-05-20_S1_S2_49743b7c,VWC_1_raw_S1_B,B,1,6,2026-05-20 11:23:00,2026-05-20 17:53:00,2026-05-20 05:23:00,17.249,17.194,17.249,2026-05-20 05:30:00,0.0,-0.055,0.5,0.0,precip_in,0.01,0.0,0.0,BattV_Min_S1_B,False,False,False,False,10.3667,10.3667,18.1167,6.5,54400.0,,,12.706,13.6245,13.888,0.0,0.0,0.0,0.0,13.476,13.547,13.611,0.0,0.0,0.0,0.0
False,False,False,False,2026,S1_S2,west,S1,2026-05-20_S1_S2_49743b7c,VWC_2_raw_S1_B,B,2,12,2026-05-20 11:23:00,2026-05-20 17:53:00,2026-05-20 05:23:00,17.677,17.355,17.688,2026-05-20 05:45:00,0.011,-0.322,0.5,0.0,precip_in,0.01,0.0,0.0,BattV_Min_S1_B,False,False,False,False,14.6167,14.6167,14.8667,6.5,54400.0,,,12.706,13.6245,13.888,0.0,0.0,0.0,0.0,13.476,13.547,13.611,0.0,0.0,0.0,0.0
False,False,False,False,2026,S1_S2,west,S1,2026-05-20_S1_S2_49743b7c,VWC_3_raw_S1_B,B,3,18,2026-05-20 11:23:00,2026-05-20 17:53:00,2026-05-20 05:23:00,13.147,13.169,13.289,2026-05-20 08:15:00,0.142,0.022,0.5,0.0,precip_in,0.01,0.0,0.0,BattV_Min_S1_B,False,False,False,False,23.3667,23.3667,25.6167,6.5,54400.0,,,12.706,13.6245,13.888,0.0,0.0,0.0,0.0,13.476,13.547,13.611,0.0,0.0,0.0,0.0
False,False,False,False,2026,S1_S2,west,S1,2026-06-20_S1_S2_ba82572f,VWC_1_raw_S1_B,B,1,6,2026-06-20 08:00:00,2026-06-20 17:03:00,2026-06-20 02:00:00,15.386,14.862,15.386,2026-06-20 02:00:00,0.0,-0.524,0.5,0.0,precip_in,0.01,0.0,0.0,BattV_Min_S1_B,False,False,False,False,13.25,13.25,25.0,9.05,65700.0,,,12.75,12.81,13.699,0.0,0.0,0.0,0.0,13.299,13.345,13.699,0.0,0.0,0.0,0.0
False,False,False,False,2026,S1_S2,west,S1,2026-06-20_S1_S2_ba82572f,VWC_2_raw_S1_B,B,2,12,2026-06-20 08:00:00,2026-06-20 17:03:00,2026-06-20 02:00:00,11.953,11.843,11.985,2026-06-20 02:15:00,0.032,-0.11,0.5,0.0,precip_in,0.01,0.0,0.0,BattV_Min_S1_B,False,False,False,False,16.75,16.75,17.0,9.05,65700.0,,,12.75,12.81,13.699,0.0,0.0,0.0,0.0,13.299,13.345,13.699,0.0,0.0,0.0,0.0
False,False,False,False,2026,S1_S2,west,S1,2026-06-20_S1_S2_ba82572f,VWC_3_raw_S1_B,B,3,18,2026-06-20 08:00:00,2026-06-20 17:03:00,2026-06-20 02:00:00,8.581,8.654,8.654,2026-06-20 08:00:00,0.073,0.073,0.5,0.0,precip_in,0.01,0.0,0.0,BattV_Min_S1_B,False,False,False,False,24.0,24.0,24.25,9.05,65700.0,,,12.75,12.81,13.699,0.0,0.0,0.0,0.0,13.299,13.345,13.699,0.0,0.0,0.0,0.0
False,False,False,False,2026,S1_S2,west,S1,2026-06-27_S1_S2_be4e641a,VWC_1_raw_S1_B,B,1,6,2026-06-27 11:05:00,2026-06-27 16:34:00,2026-06-27 05:05:00,29.637,29.321,29.637,2026-06-27 05:15:00,0.0,-0.316,0.5,0.0,precip_in,0.01,0.0,0.0,BattV_Min_S1_B,False,False,False,False,8.1667,8.1667,20.4167,5.4833,33511.0,,,12.752,13.3985,13.547,0.0,0.0,0.0,0.0,13.33,13.359,13.381,0.0,0.0,0.0,0.0
False,False,False,False,2026,S1_S2,west,S1,2026-06-27_S1_S2_be4e641a,VWC_2_raw_S1_B,B,2,12,2026-06-27 11:05:00,2026-06-27 16:34:00,2026-06-27 05:05:00,30.616,30.101,30.617,2026-06-27 05:45:00,0.001,-0.515,0.5,0.0,precip_in,0.01,0.0,0.0,BattV_Min_S1_B,False,False,False,False,8.1667,8.1667,19.6667,5.4833,33511.0,,,12.752,13.3985,13.547,0.0,0.0,0.0,0.0,13.33,13.359,13.381,0.0,0.0,0.0,0.0
False,False,False,False,2026,S1_S2,west,S1,2026-06-27_S1_S2_be4e641a,VWC_3_raw_S1_B,B,3,18,2026-06-27 11:05:00,2026-06-27 16:34:00,2026-06-27 05:05:00,14.193,14.575,14.575,2026-06-27 11:00:00,0.382,0.382,0.5,0.0,precip_in,0.01,0.0,0.0,BattV_Min_S1_B,False,False,False,False,8.1667,8.1667,12.1667,5.4833,33511.0,,,12.752,13.3985,13.547,0.0,0.0,0.0,0.0,13.33,13.359,13.381,0.0,0.0,0.0,0.0
False,False,False,False,2026,S1_S2,west,S1,2026-07-24_S1_S2_63eb5228,VWC_1_raw_S1_B,B,1,6,2026-07-24 08:25:00,2026-07-24 15:43:00,2026-07-24 02:25:00,16.799,16.315,16.799,2026-07-24 02:30:00,0.0,-0.484,0.5,0.0,precip_in,0.01,0.0,0.0,BattV_Min_S1_B,False,False,False,False,23.5833,23.5833,24.5833,7.3,34125.0,,,12.772,12.8235,13.522,0.0,0.0,0.0,0.0,13.229,13.311,13.422,0.0,0.0,0.0,0.0
False,False,False,False,2026,S1_S2,west,S1,2026-07-24_S1_S2_63eb5228,VWC_2_raw_S1_B,B,2,12,2026-07-24 08:25:00,2026-07-24 15:43:00,2026-07-24 02:25:00,12.015,11.979,12.052,2026-07-24 06:30:00,0.037,-0.036,0.5,0.0,precip_in,0.01,0.0,0.0,BattV_Min_S1_B,False,False,False,False,23.8333,23.8333,24.0833,7.3,34125.0,,,12.772,12.8235,13.522,0.0,0.0,0.0,0.0,13.229,13.311,13.422,0.0,0.0,0.0,0.0
False,False,False,False,2026,S1_S2,west,S1,2026-07-24_S1_S2_63eb5228,VWC_3_raw_S1_B,B,3,18,2026-07-24 08:25:00,2026-07-24 15:43:00,2026-07-24 02:25:00,6.348,6.484,6.513,2026-07-24 08:00:00,0.165,0.136,0.5,0.0,precip_in,0.01,0.0,0.0,BattV_Min_S1_B,False,False,False,False,12.0833,12.0833,13.5833,7.3,34125.0,,,12.772,12.8235,13.522,0.0,0.0,0.0,0.0,13.229,13.311,13.422,0.0,0.0,0.0,0.0
False,False,False,False,2026,S1_S2,west,S1,2026-08-14_S1_S2_72b4c1d7,VWC_1_raw_S1_B,B,1,6,2026-08-14 10:25:00,2026-08-14 13:47:00,2026-08-14 04:25:00,18.711,18.553,18.719,2026-08-14 05:15:00,0.008,-0.158,0.5,0.0,precip_in,0.01,0.0,0.0,BattV_Min_S1_B,False,False,False,False,23.8333,23.8333,33.5833,3.3667,21350.0,,,12.771,12.951,13.622,0.0,0.0,0.0,0.0,13.386,13.413,13.449,0.0,0.0,0.0,0.0
False,False,False,False,2026,S1_S2,west,S1,2026-08-14_S1_S2_72b4c1d7,VWC_2_raw_S1_B,B,2,12,2026-08-14 10:25:00,2026-08-14 13:47:00,2026-08-14 04:25:00,14.204,14.224,14.333,2026-08-14 05:15:00,0.129,0.02,0.5,0.0,precip_in,0.01,0.0,0.0,BattV_Min_S1_B,False,False,False,False,23.8333,23.8333,24.0833,3.3667,21350.0,,,12.771,12.951,13.622,0.0,0.0,0.0,0.0,13.386,13.413,13.449,0.0,0.0,0.0,0.0
False,False,False,False,2026,S1_S2,west,S1,2026-08-14_S1_S2_72b4c1d7,VWC_3_raw_S1_B,B,3,18,2026-08-14 10:25:00,2026-08-14 13:47:00,2026-08-14 04:25:00,6.622,6.779,6.879,2026-08-14 10:00:00,0.257,0.157,0.5,0.0,precip_in,0.01,0.0,0.0,BattV_Min_S1_B,False,False,False,False,23.8333,23.8333,25.0833,3.3667,21350.0,,,12.771,12.951,13.622,0.0,0.0,0.0,0.0,13.386,13.413,13.449,0.0,0.0,0.0,0.0
False,False,False,False,2026,S1_S2,west,S2,2026-04-21_S1_S2_001c30f6,VWC_2_raw_S2_B,B,2,12,2026-04-21 14:54:00,2026-04-22 08:52:00,2026-04-21 08:54:00,9.316,9.169,9.316,2026-04-21 09:00:00,0.0,-0.147,0.5,0.0,precip_in,0.01,0.0,0.0,BattV_Min_S2_B,False,False,False,False,19.1,19.1,23.1,17.9667,110850.0,,,13.325,13.3895,13.58,0.0,0.0,0.0,0.0,12.695,12.8725,13.534,0.0,0.0,0.0,0.0
False,False,False,False,2026,S1_S2,west,S2,2026-04-21_S1_S2_001c30f6,VWC_3_raw_S2_B,B,3,18,2026-04-21 14:54:00,2026-04-22 08:52:00,2026-04-21 08:54:00,8.679,8.423,8.687,2026-04-21 09:15:00,0.008,-0.256,0.5,0.0,precip_in,0.01,0.0,0.0,BattV_Min_S2_B,False,False,False,False,19.1,19.1,23.1,17.9667,110850.0,,,13.325,13.3895,13.58,0.0,0.0,0.0,0.0,12.695,12.8725,13.534,0.0,0.0,0.0,0.0
False,False,False,False,2026,S1_S2,west,S2,2026-05-20_S1_S2_49743b7c,VWC_1_raw_S2_B,B,1,6,2026-05-20 11:23:00,2026-05-20 17:53:00,2026-05-20 05:23:00,10.253,10.34,10.34,2026-05-20 11:15:00,0.087,0.087,0.5,0.0,precip_in,0.01,0.0,0.0,BattV_Min_S2_B,False,False,False,False,7.1167,7.1167,11.1167,6.5,54400.0,,,12.667,13.5005,13.777,0.0,0.0,0.0,0.0,13.423,13.475,13.532,0.0,0.0,0.0,0.0
False,False,False,False,2026,S1_S2,west,S2,2026-05-20_S1_S2_49743b7c,VWC_2_raw_S2_B,B,2,12,2026-05-20 11:23:00,2026-05-20 17:53:00,2026-05-20 05:23:00,12.49,12.375,12.513,2026-05-20 07:15:00,0.023,-0.115,0.5,0.0,precip_in,0.01,0.0,0.0,BattV_Min_S2_B,False,False,False,False,7.1167,7.1167,20.6167,6.5,54400.0,,,12.667,13.5005,13.777,0.0,0.0,0.0,0.0,13.423,13.475,13.532,0.0,0.0,0.0,0.0
False,False,False,False,2026,S1_S2,west,S2,2026-05-20_S1_S2_49743b7c,VWC_3_raw_S2_B,B,3,18,2026-05-20 11:23:00,2026-05-20 17:53:00,2026-05-20 05:23:00,17.529,17.425,17.538,2026-05-20 06:30:00,0.009,-0.104,0.5,0.0,precip_in,0.01,0.0,0.0,BattV_Min_S2_B,False,False,False,False,7.3667,7.3667,11.3667,6.5,54400.0,,,12.667,13.5005,13.777,0.0,0.0,0.0,0.0,13.423,13.475,13.532,0.0,0.0,0.0,0.0
False,False,False,False,2026,S1_S2,west,S2,2026-06-20_S1_S2_ba82572f,VWC_1_raw_S2_B,B,1,6,2026-06-20 08:00:00,2026-06-20 17:03:00,2026-06-20 02:00:00,10.213,9.818,10.23,2026-06-20 02:15:00,0.017,-0.395,0.5,0.0,precip_in,0.01,0.0,0.0,BattV_Min_S2_B,False,False,False,False,9.75,9.75,11.25,9.05,65700.0,,,12.618,12.753,13.498,0.0,0.0,0.0,0.0,13.233,13.271,13.566,0.0,0.0,0.0,0.0
False,False,False,False,2026,S1_S2,west,S2,2026-06-20_S1_S2_ba82572f,VWC_2_raw_S2_B,B,2,12,2026-06-20 08:00:00,2026-06-20 17:03:00,2026-06-20 02:00:00,9.673,9.562,9.698,2026-06-20 03:00:00,0.025,-0.111,0.5,0.0,precip_in,0.01,0.0,0.0,BattV_Min_S2_B,False,False,False,False,10.5,10.5,23.0,9.05,65700.0,,,12.618,12.753,13.498,0.0,0.0,0.0,0.0,13.233,13.271,13.566,0.0,0.0,0.0,0.0
False,False,False,False,2026,S1_S2,west,S2,2026-06-20_S1_S2_ba82572f,VWC_3_raw_S2_B,B,3,18,2026-06-20 08:00:00,2026-06-20 17:03:00,2026-06-20 02:00:00,19.064,19.307,19.307,2026-06-20 08:00:00,0.243,0.243,0.5,0.0,precip_in,0.01,0.0,0.0,BattV_Min_S2_B,False,False,False,False,10.0,10.0,11.5,9.05,65700.0,,,12.618,12.753,13.498,0.0,0.0,0.0,0.0,13.233,13.271,13.566,0.0,0.0,0.0,0.0
False,False,False,False,2026,S1_S2,west,S2,2026-06-27_S1_S2_be4e641a,VWC_1_raw_S2_B,B,1,6,2026-06-27 11:05:00,2026-06-27 16:34:00,2026-06-27 05:05:00,21.5,21.279,21.531,2026-06-27 05:45:00,0.031,-0.221,0.5,0.0,precip_in,0.01,0.0,0.0,BattV_Min_S2_B,False,False,False,False,6.4167,6.4167,7.6667,5.4833,33511.0,,,12.705,13.318,13.447,0.0,0.0,0.0,0.0,13.264,13.278,13.29,0.0,0.0,0.0,0.0
False,False,False,False,2026,S1_S2,west,S2,2026-06-27_S1_S2_be4e641a,VWC_2_raw_S2_B,B,2,12,2026-06-27 11:05:00,2026-06-27 16:34:00,2026-06-27 05:05:00,25.474,25.263,25.474,2026-06-27 05:15:00,0.0,-0.211,0.5,0.0,precip_in,0.01,0.0,0.0,BattV_Min_S2_B,False,False,False,False,8.1667,8.1667,8.4167,5.4833,33511.0,,,12.705,13.318,13.447,0.0,0.0,0.0,0.0,13.264,13.278,13.29,0.0,0.0,0.0,0.0
False,False,False,False,2026,S1_S2,west,S2,2026-06-27_S1_S2_be4e641a,VWC_3_raw_S2_B,B,3,18,2026-06-27 11:05:00,2026-06-27 16:34:00,2026-06-27 05:05:00,29.937,30.011,30.055,2026-06-27 08:15:00,0.118,0.074,0.5,0.0,precip_in,0.01,0.0,0.0,BattV_Min_S2_B,False,False,False,False,8.1667,8.1667,8.4167,5.4833,33511.0,,,12.705,13.318,13.447,0.0,0.0,0.0,0.0,13.264,13.278,13.29,0.0,0.0,0.0,0.0
False,False,False,False,2026,S1_S2,west,S2,2026-07-24_S1_S2_63eb5228,VWC_1_raw_S2_B,B,1,6,2026-07-24 08:25:00,2026-07-24 15:43:00,2026-07-24 02:25:00,9.505,9.274,9.521,2026-07-24 03:00:00,0.016,-0.231,0.5,0.0,precip_in,0.01,0.0,0.0,BattV_Min_S2_B,False,False,False,False,8.0833,8.0833,18.0833,7.3,34125.0,,,12.66,12.7645,13.392,0.0,0.0,0.0,0.0,13.171,13.235,13.358,0.0,0.0,0.0,0.0
False,False,False,False,2026,S1_S2,west,S2,2026-07-24_S1_S2_63eb5228,VWC_2_raw_S2_B,B,2,12,2026-07-24 08:25:00,2026-07-24 15:43:00,2026-07-24 02:25:00,10.706,10.622,10.711,2026-07-24 02:45:00,0.005,-0.084,0.5,0.0,precip_in,0.01,0.0,0.0,BattV_Min_S2_B,False,False,False,False,8.0833,8.0833,18.0833,7.3,34125.0,,,12.66,12.7645,13.392,0.0,0.0,0.0,0.0,13.171,13.235,13.358,0.0,0.0,0.0,0.0
False,False,False,False,2026,S1_S2,west,S2,2026-07-24_S1_S2_63eb5228,VWC_3_raw_S2_B,B,3,18,2026-07-24 08:25:00,2026-07-24 15:43:00,2026-07-24 02:25:00,18.874,18.946,18.987,2026-07-24 08:00:00,0.113,0.072,0.5,0.0,precip_in,0.01,0.0,0.0,BattV_Min_S2_B,False,False,False,False,8.0833,8.0833,12.0833,7.3,34125.0,,,12.66,12.7645,13.392,0.0,0.0,0.0,0.0,13.171,13.235,13.358,0.0,0.0,0.0,0.0
False,False,False,False,2026,S1_S2,west,S2,2026-08-14_S1_S2_72b4c1d7,VWC_1_raw_S2_B,B,1,6,2026-08-14 10:25:00,2026-08-14 13:47:00,2026-08-14 04:25:00,9.679,9.553,9.682,2026-08-14 04:45:00,0.003,-0.126,0.5,0.0,precip_in,0.01,0.0,0.0,BattV_Min_S2_B,False,False,False,False,5.0833,5.0833,13.3333,3.3667,21350.0,,,12.708,12.839,13.489,0.0,0.0,0.0,0.0,13.309,13.322,13.358,0.0,0.0,0.0,0.0
False,False,False,False,2026,S1_S2,west,S2,2026-08-14_S1_S2_72b4c1d7,VWC_2_raw_S2_B,B,2,12,2026-08-14 10:25:00,2026-08-14 13:47:00,2026-08-14 04:25:00,11.877,11.781,11.882,2026-08-14 05:00:00,0.005,-0.096,0.5,0.0,precip_in,0.01,0.0,0.0,BattV_Min_S2_B,False,False,False,False,4.3333,4.3333,8.8333,3.3667,21350.0,,,12.708,12.839,13.489,0.0,0.0,0.0,0.0,13.309,13.322,13.358,0.0,0.0,0.0,0.0
False,False,False,False,2026,S1_S2,west,S2,2026-08-14_S1_S2_72b4c1d7,VWC_3_raw_S2_B,B,3,18,2026-08-14 10:25:00,2026-08-14 13:47:00,2026-08-14 04:25:00,17.859,17.891,17.919,2026-08-14 07:45:00,0.06,0.032,0.5,0.0,precip_in,0.01,0.0,0.0,BattV_Min_S2_B,False,False,False,False,4.0833,4.0833,8.0833,3.3667,21350.0,,,12.708,12.839,13.489,0.0,0.0,0.0,0.0,13.309,13.322,13.358,0.0,0.0,0.0,0.0
False,False,False,False,2026,S3_S4,east,S3,2026-04-21_S3_S4_ed1ed131,VWC_1_raw_S3_B,B,1,6,2026-04-21 14:54:00,2026-04-22 08:52:00,2026-04-21 08:54:00,10.62,10.863,10.863,2026-04-21 14:45:00,0.243,0.243,0.5,0.0,precip_in,0.01,0.0,0.0,BattV_Min_S3_B,False,False,False,False,19.85,19.85,20.1,17.9667,110850.0,,,13.366,13.457,13.591,0.0,0.0,0.0,0.0,12.67,12.8265,13.64,0.0,0.0,0.0,0.0
False,False,False,False,2026,S3_S4,east,S3,2026-04-21_S3_S4_ed1ed131,VWC_2_raw_S3_B,B,2,12,2026-04-21 14:54:00,2026-04-22 08:52:00,2026-04-21 08:54:00,11.944,11.772,11.944,2026-04-21 09:00:00,0.0,-0.172,0.5,0.0,precip_in,0.01,0.0,0.0,BattV_Min_S3_B,False,False,False,False,19.85,19.85,31.85,17.9667,110850.0,,,13.366,13.457,13.591,0.0,0.0,0.0,0.0,12.67,12.8265,13.64,0.0,0.0,0.0,0.0
False,False,False,False,2026,S3_S4,east,S3,2026-04-21_S3_S4_ed1ed131,VWC_3_raw_S3_B,B,3,18,2026-04-21 14:54:00,2026-04-22 08:52:00,2026-04-21 08:54:00,9.415,9.311,9.42,2026-04-21 09:30:00,0.005,-0.104,0.5,0.0,precip_in,0.01,0.0,0.0,BattV_Min_S3_B,False,False,False,False,6.85,6.85,7.1,17.9667,110850.0,,,13.366,13.457,13.591,0.0,0.0,0.0,0.0,12.67,12.8265,13.64,0.0,0.0,0.0,0.0
False,False,False,False,2026,S3_S4,east,S3,2026-05-08_S3_S4_989607cc,VWC_1_raw_S3_B,B,1,6,2026-05-08 09:00:00,2026-05-08 19:14:00,2026-05-08 03:00:00,19.305,19.141,19.332,2026-05-08 04:00:00,0.027,-0.164,0.5,0.0,precip_in,0.01,0.0,0.0,BattV_Min_S3_B,False,False,False,False,11.75,11.75,12.0,10.2333,90350.0,,,12.559,12.69,13.883,0.0,0.0,0.0,0.0,13.32,13.419,13.589,0.0,0.0,0.0,0.0
False,False,False,False,2026,S3_S4,east,S3,2026-05-08_S3_S4_989607cc,VWC_2_raw_S3_B,B,2,12,2026-05-08 09:00:00,2026-05-08 19:14:00,2026-05-08 03:00:00,21.641,21.602,21.66,2026-05-08 04:45:00,0.019,-0.039,0.5,0.0,precip_in,0.01,0.0,0.0,BattV_Min_S3_B,False,False,False,False,12.0,12.0,20.5,10.2333,90350.0,,,12.559,12.69,13.883,0.0,0.0,0.0,0.0,13.32,13.419,13.589,0.0,0.0,0.0,0.0
False,False,False,False,2026,S3_S4,east,S3,2026-05-08_S3_S4_989607cc,VWC_3_raw_S3_B,B,3,18,2026-05-08 09:00:00,2026-05-08 19:14:00,2026-05-08 03:00:00,14.083,14.088,14.088,2026-05-08 08:00:00,0.005,0.005,0.5,0.0,precip_in,0.01,0.0,0.0,BattV_Min_S3_B,False,False,False,False,6.0,6.0,6.25,10.2333,90350.0,,,12.559,12.69,13.883,0.0,0.0,0.0,0.0,13.32,13.419,13.589,0.0,0.0,0.0,0.0
False,False,False,False,2026,S3_S4,east,S3,2026-05-21_S3_S4_272f948e,VWC_1_raw_S3_B,B,1,6,2026-05-21 13:27:00,2026-05-21 19:54:00,2026-05-21 07:27:00,15.804,15.428,15.821,2026-05-21 08:15:00,0.017,-0.376,0.5,0.0,precip_in,0.01,0.0,0.0,BattV_Min_S3_B,False,False,False,False,7.3,7.3,7.55,6.45,59850.0,,,13.249,13.5375,13.846,0.0,0.0,0.0,0.0,13.377,13.402,13.491,0.0,0.0,0.0,0.0
False,False,False,False,2026,S3_S4,east,S3,2026-05-21_S3_S4_272f948e,VWC_2_raw_S3_B,B,2,12,2026-05-21 13:27:00,2026-05-21 19:54:00,2026-05-21 07:27:00,19.447,18.701,19.456,2026-05-21 08:00:00,0.009,-0.746,0.5,0.0,precip_in,0.01,0.0,0.0,BattV_Min_S3_B,False,False,False,False,7.05,7.05,7.3,6.45,59850.0,,,13.249,13.5375,13.846,0.0,0.0,0.0,0.0,13.377,13.402,13.491,0.0,0.0,0.0,0.0
False,False,False,False,2026,S3_S4,east,S3,2026-05-21_S3_S4_272f948e,VWC_3_raw_S3_B,B,3,18,2026-05-21 13:27:00,2026-05-21 19:54:00,2026-05-21 07:27:00,15.07,14.881,15.078,2026-05-21 09:00:00,0.008,-0.189,0.5,0.0,precip_in,0.01,0.0,0.0,BattV_Min_S3_B,False,False,False,False,5.3,5.3,9.3,6.45,59850.0,,,13.249,13.5375,13.846,0.0,0.0,0.0,0.0,13.377,13.402,13.491,0.0,0.0,0.0,0.0
False,False,False,False,2026,S3_S4,east,S3,2026-06-05_S3_S4_f5beba0a,VWC_1_raw_S3_B,B,1,6,2026-06-05 14:19:00,2026-06-05 20:47:00,2026-06-05 08:19:00,12.191,12.007,12.2,2026-06-05 08:45:00,0.009,-0.184,0.5,0.0,precip_in,0.01,0.0,0.0,BattV_Min_S3_B,False,False,False,False,8.9333,8.9333,12.9333,6.4667,53900.0,,,13.242,13.335,13.464,0.0,0.0,0.0,0.0,13.147,13.2145,13.286,0.0,0.0,0.0,0.0
False,False,False,False,2026,S3_S4,east,S3,2026-06-05_S3_S4_f5beba0a,VWC_2_raw_S3_B,B,2,12,2026-06-05 14:19:00,2026-06-05 20:47:00,2026-06-05 08:19:00,12.662,12.131,12.662,2026-06-05 08:30:00,0.0,-0.531,0.5,0.0,precip_in,0.01,0.0,0.0,BattV_Min_S3_B,False,False,False,False,8.4333,8.4333,16.1833,6.4667,53900.0,,,13.242,13.335,13.464,0.0,0.0,0.0,0.0,13.147,13.2145,13.286,0.0,0.0,0.0,0.0
False,False,False,False,2026,S3_S4,east,S3,2026-06-05_S3_S4_f5beba0a,VWC_3_raw_S3_B,B,3,18,2026-06-05 14:19:00,2026-06-05 20:47:00,2026-06-05 08:19:00,14.179,13.165,14.179,2026-06-05 08:30:00,0.0,-1.014,0.5,0.0,precip_in,0.01,0.0,0.0,BattV_Min_S3_B,False,False,False,False,7.9333,7.9333,11.9333,6.4667,53900.0,,,13.242,13.335,13.464,0.0,0.0,0.0,0.0,13.147,13.2145,13.286,0.0,0.0,0.0,0.0
False,False,False,False,2026,S3_S4,east,S3,2026-06-20_S3_S4_47159afc,VWC_1_raw_S3_B,B,1,6,2026-06-20 08:00:00,2026-06-20 17:03:00,2026-06-20 02:00:00,19.059,18.871,19.089,2026-06-20 02:45:00,0.03,-0.188,0.5,0.0,precip_in,0.01,0.0,0.0,BattV_Min_S3_B,False,False,False,False,9.5,9.5,11.5,9.05,65700.0,,,12.581,12.667,13.649,0.0,0.0,0.0,0.0,13.247,13.308,13.636,0.0,0.0,0.0,0.0
False,False,False,False,2026,S3_S4,east,S3,2026-06-20_S3_S4_47159afc,VWC_2_raw_S3_B,B,2,12,2026-06-20 08:00:00,2026-06-20 17:03:00,2026-06-20 02:00:00,27.72,27.914,27.921,2026-06-20 07:00:00,0.201,0.194,0.5,0.0,precip_in,0.01,0.0,0.0,BattV_Min_S3_B,False,False,False,False,15.75,15.75,16.0,9.05,65700.0,,,12.581,12.667,13.649,0.0,0.0,0.0,0.0,13.247,13.308,13.636,0.0,0.0,0.0,0.0
False,False,False,False,2026,S3_S4,east,S3,2026-06-20_S3_S4_47159afc,VWC_3_raw_S3_B,B,3,18,2026-06-20 08:00:00,2026-06-20 17:03:00,2026-06-20 02:00:00,23.799,23.654,23.799,2026-06-20 02:00:00,0.0,-0.145,0.5,0.0,precip_in,0.01,0.0,0.0,BattV_Min_S3_B,False,False,False,False,12.5,12.5,12.75,9.05,65700.0,,,12.581,12.667,13.649,0.0,0.0,0.0,0.0,13.247,13.308,13.636,0.0,0.0,0.0,0.0
False,False,False,False,2026,S3_S4,east,S3,2026-06-27_S3_S4_dc68d0eb,VWC_1_raw_S3_B,B,1,6,2026-06-27 11:05:00,2026-06-27 16:34:00,2026-06-27 05:05:00,19.682,19.085,19.711,2026-06-27 06:45:00,0.029,-0.597,0.5,0.0,precip_in,0.01,0.0,0.0,BattV_Min_S3_B,False,False,False,False,8.6667,8.6667,8.9167,5.4833,33511.0,,,12.561,13.3495,13.513,0.0,0.0,0.0,0.0,13.275,13.3,13.328,0.0,0.0,0.0,0.0
False,False,False,False,2026,S3_S4,east,S3,2026-06-27_S3_S4_dc68d0eb,VWC_2_raw_S3_B,B,2,12,2026-06-27 11:05:00,2026-06-27 16:34:00,2026-06-27 05:05:00,27.835,28.06,28.142,2026-06-27 07:45:00,0.307,0.225,0.5,0.0,precip_in,0.01,0.0,0.0,BattV_Min_S3_B,False,False,False,False,14.9167,14.9167,15.1667,5.4833,33511.0,,,12.561,13.3495,13.513,0.0,0.0,0.0,0.0,13.275,13.3,13.328,0.0,0.0,0.0,0.0
False,False,False,False,2026,S3_S4,east,S3,2026-07-05_S3_S4_b3db7964,VWC_1_raw_S3_B,B,1,6,2026-07-05 11:24:00,2026-07-05 18:13:00,2026-07-05 05:24:00,16.366,15.959,16.375,2026-07-05 06:00:00,0.009,-0.407,0.5,0.0,precip_in,0.01,0.0,0.0,BattV_Min_S3_B,False,False,False,False,3.85,3.85,4.1,6.8167,56650.0,,,12.537,13.388,13.726,0.0,0.0,0.0,0.0,13.19,13.245,13.332,0.0,0.0,0.0,0.0
False,False,False,False,2026,S3_S4,east,S3,2026-07-05_S3_S4_b3db7964,VWC_2_raw_S3_B,B,2,12,2026-07-05 11:24:00,2026-07-05 18:13:00,2026-07-05 05:24:00,20.887,20.344,20.999,2026-07-05 07:45:00,0.112,-0.543,0.5,0.0,precip_in,0.01,0.0,0.0,BattV_Min_S3_B,False,False,False,False,7.85,7.85,8.1,6.8167,56650.0,,,12.537,13.388,13.726,0.0,0.0,0.0,0.0,13.19,13.245,13.332,0.0,0.0,0.0,0.0
False,False,False,False,2026,S3_S4,east,S3,2026-07-05_S3_S4_b3db7964,VWC_3_raw_S3_B,B,3,18,2026-07-05 11:24:00,2026-07-05 18:13:00,2026-07-05 05:24:00,19.673,19.331,19.699,2026-07-05 07:45:00,0.026,-0.342,0.5,0.0,precip_in,0.01,0.0,0.0,BattV_Min_S3_B,False,False,False,False,11.6,11.6,11.85,6.8167,56650.0,,,12.537,13.388,13.726,0.0,0.0,0.0,0.0,13.19,13.245,13.332,0.0,0.0,0.0,0.0
False,False,False,False,2026,S3_S4,east,S4,2026-04-21_S3_S4_ed1ed131,VWC_2_raw_S4_B,B,2,12,2026-04-21 14:54:00,2026-04-22 08:52:00,2026-04-21 08:54:00,25.212,24.972,25.241,2026-04-21 10:00:00,0.029,-0.24,0.5,0.0,precip_in,0.01,0.0,0.0,BattV_Min_S4_B,False,False,False,False,18.35,18.35,30.85,17.9667,110850.0,,,13.393,13.4455,13.705,0.0,0.0,0.0,0.0,12.781,12.9725,13.708,0.0,0.0,0.0,0.0
False,False,False,False,2026,S3_S4,east,S4,2026-04-21_S3_S4_ed1ed131,VWC_3_raw_S4_B,B,3,18,2026-04-21 14:54:00,2026-04-22 08:52:00,2026-04-21 08:54:00,17.729,17.563,17.757,2026-04-21 09:45:00,0.028,-0.166,0.5,0.0,precip_in,0.01,0.0,0.0,BattV_Min_S4_B,False,False,False,False,21.35,21.35,21.6,17.9667,110850.0,,,13.393,13.4455,13.705,0.0,0.0,0.0,0.0,12.781,12.9725,13.708,0.0,0.0,0.0,0.0
False,False,False,False,2026,S3_S4,east,S4,2026-05-08_S3_S4_989607cc,VWC_1_raw_S4_B,B,1,6,2026-05-08 09:00:00,2026-05-08 19:14:00,2026-05-08 03:00:00,29.723,28.527,29.723,2026-05-08 03:00:00,0.0,-1.196,0.5,0.0,precip_in,0.01,0.0,0.0,BattV_Min_S4_B,False,False,False,False,9.5,9.5,23.75,10.2333,90350.0,,,12.812,12.853,13.909,0.0,0.0,0.0,0.0,13.304,13.426,13.659,0.0,0.0,0.0,0.0
False,False,False,False,2026,S3_S4,east,S4,2026-05-08_S3_S4_989607cc,VWC_2_raw_S4_B,B,2,12,2026-05-08 09:00:00,2026-05-08 19:14:00,2026-05-08 03:00:00,33.159,32.711,33.159,2026-05-08 03:00:00,0.0,-0.448,0.5,0.0,precip_in,0.01,0.0,0.0,BattV_Min_S4_B,False,False,False,False,11.75,11.75,27.0,10.2333,90350.0,,,12.812,12.853,13.909,0.0,0.0,0.0,0.0,13.304,13.426,13.659,0.0,0.0,0.0,0.0
False,False,False,False,2026,S3_S4,east,S4,2026-05-08_S3_S4_989607cc,VWC_3_raw_S4_B,B,3,18,2026-05-08 09:00:00,2026-05-08 19:14:00,2026-05-08 03:00:00,30.084,29.99,30.232,2026-05-08 06:00:00,0.148,-0.094,0.5,0.0,precip_in,0.01,0.0,0.0,BattV_Min_S4_B,False,False,False,False,13.5,13.5,17.5,10.2333,90350.0,,,12.812,12.853,13.909,0.0,0.0,0.0,0.0,13.304,13.426,13.659,0.0,0.0,0.0,0.0
False,False,False,False,2026,S3_S4,east,S4,2026-05-21_S3_S4_272f948e,VWC_2_raw_S4_B,B,2,12,2026-05-21 13:27:00,2026-05-21 19:54:00,2026-05-21 07:27:00,33.074,32.813,33.074,2026-05-21 07:30:00,0.0,-0.261,0.5,0.0,precip_in,0.01,0.0,0.0,BattV_Min_S4_B,False,False,False,False,16.55,16.55,16.8,6.45,59850.0,,,13.23,13.5075,13.858,0.0,0.0,0.0,0.0,13.366,13.4305,13.515,0.0,0.0,0.0,0.0
False,False,False,False,2026,S3_S4,east,S4,2026-05-21_S3_S4_272f948e,VWC_3_raw_S4_B,B,3,18,2026-05-21 13:27:00,2026-05-21 19:54:00,2026-05-21 07:27:00,35.118,34.811,35.136,2026-05-21 08:00:00,0.018,-0.307,0.5,0.0,precip_in,0.01,0.0,0.0,BattV_Min_S4_B,False,False,False,False,11.8,11.8,15.55,6.45,59850.0,,,13.23,13.5075,13.858,0.0,0.0,0.0,0.0,13.366,13.4305,13.515,0.0,0.0,0.0,0.0
False,False,False,False,2026,S3_S4,east,S4,2026-06-05_S3_S4_f5beba0a,VWC_1_raw_S4_B,B,1,6,2026-06-05 14:19:00,2026-06-05 20:47:00,2026-06-05 08:19:00,22.323,22.705,22.705,2026-06-05 14:15:00,0.382,0.382,0.5,0.0,precip_in,0.01,0.0,0.0,BattV_Min_S4_B,False,False,False,False,23.9333,23.9333,24.1833,6.4667,53900.0,,,13.269,13.327,13.66,0.0,0.0,0.0,0.0,13.039,13.2365,13.283,0.0,0.0,0.0,0.0
False,False,False,False,2026,S3_S4,east,S4,2026-06-05_S3_S4_f5beba0a,VWC_2_raw_S4_B,B,2,12,2026-06-05 14:19:00,2026-06-05 20:47:00,2026-06-05 08:19:00,33.801,33.318,33.893,2026-06-05 08:45:00,0.092,-0.483,0.5,0.0,precip_in,0.01,0.0,0.0,BattV_Min_S4_B,False,False,False,False,11.1833,11.1833,17.4333,6.4667,53900.0,,,13.269,13.327,13.66,0.0,0.0,0.0,0.0,13.039,13.2365,13.283,0.0,0.0,0.0,0.0
False,False,False,False,2026,S3_S4,east,S4,2026-06-05_S3_S4_f5beba0a,VWC_3_raw_S4_B,B,3,18,2026-06-05 14:19:00,2026-06-05 20:47:00,2026-06-05 08:19:00,36.935,36.482,36.935,2026-06-05 08:30:00,0.0,-0.453,0.5,0.0,precip_in,0.01,0.0,0.0,BattV_Min_S4_B,False,False,False,False,13.6833,13.6833,24.6833,6.4667,53900.0,,,13.269,13.327,13.66,0.0,0.0,0.0,0.0,13.039,13.2365,13.283,0.0,0.0,0.0,0.0
False,False,False,False,2026,S3_S4,east,S4,2026-06-20_S3_S4_47159afc,VWC_1_raw_S4_B,B,1,6,2026-06-20 08:00:00,2026-06-20 17:03:00,2026-06-20 02:00:00,36.064,35.777,36.093,2026-06-20 02:45:00,0.029,-0.287,0.5,0.0,precip_in,0.01,0.0,0.0,BattV_Min_S4_B,False,False,False,False,10.75,10.75,23.75,9.05,65700.0,,,12.832,12.883,13.678,0.0,0.0,0.0,0.0,13.265,13.327,13.674,0.0,0.0,0.0,0.0
False,False,False,False,2026,S3_S4,east,S4,2026-06-20_S3_S4_47159afc,VWC_2_raw_S4_B,B,2,12,2026-06-20 08:00:00,2026-06-20 17:03:00,2026-06-20 02:00:00,34.687,34.61,34.711,2026-06-20 03:00:00,0.024,-0.077,0.5,0.0,precip_in,0.01,0.0,0.0,BattV_Min_S4_B,False,False,False,False,16.0,16.0,29.75,9.05,65700.0,,,12.832,12.883,13.678,0.0,0.0,0.0,0.0,13.265,13.327,13.674,0.0,0.0,0.0,0.0
False,False,False,False,2026,S3_S4,east,S4,2026-06-20_S3_S4_47159afc,VWC_3_raw_S4_B,B,3,18,2026-06-20 08:00:00,2026-06-20 17:03:00,2026-06-20 02:00:00,37.328,37.339,37.394,2026-06-20 03:45:00,0.066,0.011,0.5,0.0,precip_in,0.01,0.0,0.0,BattV_Min_S4_B,False,False,False,False,23.25,23.25,29.25,9.05,65700.0,,,12.832,12.883,13.678,0.0,0.0,0.0,0.0,13.265,13.327,13.674,0.0,0.0,0.0,0.0
False,False,False,False,2026,S3_S4,east,S4,2026-06-27_S3_S4_dc68d0eb,VWC_1_raw_S4_B,B,1,6,2026-06-27 11:05:00,2026-06-27 16:34:00,2026-06-27 05:05:00,35.987,36.227,36.233,2026-06-27 10:45:00,0.246,0.24,0.5,0.0,precip_in,0.01,0.0,0.0,BattV_Min_S4_B,False,False,False,False,8.1667,8.1667,15.9167,5.4833,33511.0,,,12.868,13.377,13.544,0.0,0.0,0.0,0.0,13.302,13.329,13.351,0.0,0.0,0.0,0.0
False,False,False,False,2026,S3_S4,east,S4,2026-06-27_S3_S4_dc68d0eb,VWC_2_raw_S4_B,B,2,12,2026-06-27 11:05:00,2026-06-27 16:34:00,2026-06-27 05:05:00,36.413,36.905,36.905,2026-06-27 10:30:00,0.492,0.492,0.5,0.0,precip_in,0.01,0.0,0.0,BattV_Min_S4_B,False,False,False,False,14.4167,14.4167,25.6667,5.4833,33511.0,,,12.868,13.377,13.544,0.0,0.0,0.0,0.0,13.302,13.329,13.351,0.0,0.0,0.0,0.0
False,False,False,False,2026,S3_S4,east,S4,2026-06-27_S3_S4_dc68d0eb,VWC_3_raw_S4_B,B,3,18,2026-06-27 11:05:00,2026-06-27 16:34:00,2026-06-27 05:05:00,40.871,40.996,41.083,2026-06-27 10:30:00,0.212,0.125,0.5,0.0,precip_in,0.01,0.0,0.0,BattV_Min_S4_B,False,False,False,False,5.4167,5.4167,,5.4833,33511.0,,,12.868,13.377,13.544,0.0,0.0,0.0,0.0,13.302,13.329,13.351,0.0,0.0,0.0,0.0
False,False,False,False,2026,S3_S4,east,S4,2026-07-05_S3_S4_b3db7964,VWC_1_raw_S4_B,B,1,6,2026-07-05 11:24:00,2026-07-05 18:13:00,2026-07-05 05:24:00,33.445,33.103,33.445,2026-07-05 05:30:00,0.0,-0.342,0.5,0.0,precip_in,0.01,0.0,0.0,BattV_Min_S4_B,False,False,False,False,10.85,10.85,21.1,6.8167,56650.0,,,12.848,13.4115,13.753,0.0,0.0,0.0,0.0,13.218,13.27,13.319,0.0,0.0,0.0,0.0
False,False,False,False,2026,S3_S4,east,S4,2026-07-05_S3_S4_b3db7964,VWC_2_raw_S4_B,B,2,12,2026-07-05 11:24:00,2026-07-05 18:13:00,2026-07-05 05:24:00,34.111,33.827,34.111,2026-07-05 05:30:00,0.0,-0.284,0.5,0.0,precip_in,0.01,0.0,0.0,BattV_Min_S4_B,False,False,False,False,9.6,9.6,9.85,6.8167,56650.0,,,12.848,13.4115,13.753,0.0,0.0,0.0,0.0,13.218,13.27,13.319,0.0,0.0,0.0,0.0
False,False,False,False,2026,S3_S4,east,S4,2026-07-05_S3_S4_b3db7964,VWC_3_raw_S4_B,B,3,18,2026-07-05 11:24:00,2026-07-05 18:13:00,2026-07-05 05:24:00,36.415,36.396,36.446,2026-07-05 06:30:00,0.031,-0.019,0.5,0.0,precip_in,0.01,0.0,0.0,BattV_Min_S4_B,False,False,False,False,10.35,10.35,14.6,6.8167,56650.0,,,12.848,13.4115,13.753,0.0,0.0,0.0,0.0,13.218,13.27,13.319,0.0,0.0,0.0,0.0
False,False,False,False,2026,S3_S4,east,S4,2026-07-24_S3_S4_d28f9731,VWC_1_raw_S4_B,B,1,6,2026-07-24 08:25:00,2026-07-24 15:43:00,2026-07-24 02:25:00,19.977,19.551,20.037,2026-07-24 03:00:00,0.06,-0.426,0.5,0.0,precip_in,0.01,0.0,0.0,BattV_Min_S4_B,False,False,False,False,23.8333,23.8333,36.8333,7.3,34125.0,,,12.87,12.9,13.524,0.0,0.0,0.0,0.0,13.195,13.255,13.498,0.0,0.0,0.0,0.0
False,False,False,False,2026,S3_S4,east,S4,2026-07-24_S3_S4_d28f9731,VWC_2_raw_S4_B,B,2,12,2026-07-24 08:25:00,2026-07-24 15:43:00,2026-07-24 02:25:00,31.778,31.716,31.901,2026-07-24 05:15:00,0.123,-0.062,0.5,0.0,precip_in,0.01,0.0,0.0,BattV_Min_S4_B,False,False,False,False,15.5833,15.5833,15.8333,7.3,34125.0,,,12.87,12.9,13.524,0.0,0.0,0.0,0.0,13.195,13.255,13.498,0.0,0.0,0.0,0.0
False,False,False,False,2026,S3_S4,east,S4,2026-07-24_S3_S4_d28f9731,VWC_3_raw_S4_B,B,3,18,2026-07-24 08:25:00,2026-07-24 15:43:00,2026-07-24 02:25:00,33.084,32.894,33.084,2026-07-24 02:30:00,0.0,-0.19,0.5,0.0,precip_in,0.01,0.0,0.0,BattV_Min_S4_B,False,False,False,False,9.8333,9.8333,10.8333,7.3,34125.0,,,12.87,12.9,13.524,0.0,0.0,0.0,0.0,13.195,13.255,13.498,0.0,0.0,0.0,0.0
False,False,False,False,2026,S3_S4,east,S4,2026-08-14_S3_S4_1912adab,VWC_1_raw_S4_B,B,1,6,2026-08-14 10:25:00,2026-08-14 13:47:00,2026-08-14 04:25:00,22.472,22.033,22.472,2026-08-14 04:30:00,0.0,-0.439,0.5,0.0,precip_in,0.01,0.0,0.0,BattV_Min_S4_B,False,False,False,False,7.3333,7.3333,7.5833,3.3667,21350.0,,,12.861,13.0125,13.633,0.0,0.0,0.0,0.0,13.359,13.378,13.422,0.0,0.0,0.0,0.0
False,False,False,False,2026,S3_S4,east,S4,2026-08-14_S3_S4_1912adab,VWC_2_raw_S4_B,B,2,12,2026-08-14 10:25:00,2026-08-14 13:47:00,2026-08-14 04:25:00,29.377,29.195,29.405,2026-08-14 04:45:00,0.028,-0.182,0.5,0.0,precip_in,0.01,0.0,0.0,BattV_Min_S4_B,False,False,False,False,8.5833,8.5833,,3.3667,21350.0,,,12.861,13.0125,13.633,0.0,0.0,0.0,0.0,13.359,13.378,13.422,0.0,0.0,0.0,0.0
False,False,False,False,2026,S3_S4,east,S4,2026-08-14_S3_S4_1912adab,VWC_3_raw_S4_B,B,3,18,2026-08-14 10:25:00,2026-08-14 13:47:00,2026-08-14 04:25:00,26.229,26.277,26.321,2026-08-14 06:00:00,0.092,0.048,0.5,0.0,precip_in,0.01,0.0,0.0,BattV_Min_S4_B,False,False,False,False,14.5833,14.5833,15.5833,3.3667,21350.0,,,12.861,13.0125,13.633,0.0,0.0,0.0,0.0,13.359,13.378,13.422,0.0,0.0,0.0,0.0
