Row,Plausible,BattV_Min,VWC_1_Avg,EC_1_Avg,T_1_Avg,VWC_2_Avg,EC_2_Avg,T_2_Avg,VWC_3_Avg,EC_3_Avg,T_3_Avg
0,no,1.8367099231598242e-40,-6.114451315911813e+37,133.513427734375,13.178350448608398,0.0782800018787384,0.12628667056560516,20.892873764038086,0.16310666501522064,0.2853800058364868,23.60784912109375
